shipment_id,origin_port_id,destination_port_id,carrier_id,departure_date,scheduled_arrival,actual_arrival,cost_usd,status,delay_days,is_on_time,transit_days,departure_month,departure_year,carrier_name,carrier_type,rating,carrier_country,origin_port_name,origin_region,origin_congestion,origin_congestion_level,dest_port_name,dest_region,dest_congestion,dest_congestion_level,origin_weather_severity,origin_wind_kmh,route
SHP00001,P011,P002,C001,2024-01-30,2024-02-13,2024-02-13,2811.92,Delivered,0.0,True,14.0,2024-01,2024,Maersk Line,Ocean,4.5,Denmark,Tanjung Pelepas,Asia Pacific,0.6,Medium,Singapore,Asia Pacific,0.71,Medium,0.0,26.0,Tanjung Pelepas → Singapore
SHP00002,P010,P007,C001,2022-01-31,2022-02-05,2022-02-05,1847.26,Delivered,0.0,True,5.0,2022-01,2022,Maersk Line,Ocean,4.5,Denmark,Colombo,South Asia,0.55,Low,Busan,Asia Pacific,0.78,High,0.0,33.5,Colombo → Busan
SHP00003,P004,P012,C009,2023-03-06,2023-03-19,2023-03-19,2851.59,Delivered,0.0,True,13.0,2023-03,2023,Hapag-Lloyd,Ocean,4.0,Germany,Los Angeles,North America,0.85,Critical,Long Beach,North America,0.83,High,0.0,5.4,Los Angeles → Long Beach
SHP00004,P007,P006,C005,2022-06-09,2022-07-02,2022-07-02,4361.3,Delivered,0.0,True,23.0,2022-06,2022,DHL Global,Air,4.7,Germany,Busan,Asia Pacific,0.78,High,Hamburg,Europe,0.62,Medium,3.0,77.1,Busan → Hamburg
SHP00005,P002,P007,C006,2023-09-11,2023-09-25,2023-09-25,1759.95,Delivered,0.0,True,14.0,2023-09,2023,FedEx Freight,Air,4.6,USA,Singapore,Asia Pacific,0.71,Medium,Busan,Asia Pacific,0.78,High,0.0,19.1,Singapore → Busan
SHP00006,P009,P005,C010,2024-06-25,2024-07-18,2024-07-18,4752.2,In Transit,0.0,True,23.0,2024-06,2024,COSCO Shipping,Ocean,3.6,China,New York / NJ,North America,0.8,High,Dubai (Jebel Ali),Middle East,0.74,Medium,0.0,19.7,New York / NJ → Dubai (Jebel Ali)
SHP00007,P005,P002,C004,2024-06-06,2024-06-14,2024-06-14,2144.79,Delivered,0.0,True,8.0,2024-06,2024,Evergreen Marine,Ocean,3.8,Taiwan,Dubai (Jebel Ali),Middle East,0.74,Medium,Singapore,Asia Pacific,0.71,Medium,0.0,22.8,Dubai (Jebel Ali) → Singapore
SHP00008,P005,P012,C002,2023-09-16,2023-10-06,2023-10-06,3846.49,Delivered,0.0,True,20.0,2023-09,2023,MSC,Ocean,4.3,Switzerland,Dubai (Jebel Ali),Middle East,0.74,Medium,Long Beach,North America,0.83,High,0.0,22.8,Dubai (Jebel Ali) → Long Beach
SHP00009,P005,P012,C009,2022-08-13,2022-09-05,2022-09-05,5420.11,Delivered,0.0,True,23.0,2022-08,2022,Hapag-Lloyd,Ocean,4.0,Germany,Dubai (Jebel Ali),Middle East,0.74,Medium,Long Beach,North America,0.83,High,0.0,22.8,Dubai (Jebel Ali) → Long Beach
SHP00010,P005,P002,C004,2023-08-04,2023-08-17,2023-08-17,2352.89,Delivered,0.0,True,13.0,2023-08,2023,Evergreen Marine,Ocean,3.8,Taiwan,Dubai (Jebel Ali),Middle East,0.74,Medium,Singapore,Asia Pacific,0.71,Medium,0.0,22.8,Dubai (Jebel Ali) → Singapore
SHP00011,P011,P008,C003,2022-09-29,2022-10-21,2022-10-21,5367.08,Delivered,0.0,True,22.0,2022-09,2022,CMA CGM,Ocean,4.1,France,Tanjung Pelepas,Asia Pacific,0.6,Medium,Antwerp,Europe,0.65,Medium,0.0,22.8,Tanjung Pelepas → Antwerp
SHP00012,P007,P006,C004,2022-05-22,2022-06-19,2022-06-19,6514.01,Delivered,0.0,True,28.0,2022-05,2022,Evergreen Marine,Ocean,3.8,Taiwan,Busan,Asia Pacific,0.78,High,Hamburg,Europe,0.62,Medium,0.0,22.9,Busan → Hamburg
SHP00013,P003,P012,C003,2024-03-22,2024-04-06,2024-04-06,753.48,Delivered,0.0,True,15.0,2024-03,2024,CMA CGM,Ocean,4.1,France,Rotterdam,Europe,0.68,Medium,Long Beach,North America,0.83,High,0.0,22.8,Rotterdam → Long Beach
SHP00014,P009,P001,C002,2023-11-30,2023-12-22,2023-12-22,5412.31,Delivered,0.0,True,22.0,2023-11,2023,MSC,Ocean,4.3,Switzerland,New York / NJ,North America,0.8,High,Shanghai,Asia Pacific,0.92,Critical,0.0,22.8,New York / NJ → Shanghai
SHP00015,P005,P008,C003,2023-04-10,2023-04-18,2023-04-18,2487.65,Delivered,0.0,True,8.0,2023-04,2023,CMA CGM,Ocean,4.1,France,Dubai (Jebel Ali),Middle East,0.74,Medium,Antwerp,Europe,0.65,Medium,0.0,22.8,Dubai (Jebel Ali) → Antwerp
SHP00016,P002,P012,C005,2024-05-11,2024-06-02,2024-06-02,3677.36,In Transit,0.0,True,22.0,2024-05,2024,DHL Global,Air,4.7,Germany,Singapore,Asia Pacific,0.71,Medium,Long Beach,North America,0.83,High,1.0,8.1,Singapore → Long Beach
SHP00017,P009,P001,C010,2022-11-28,2022-12-19,2022-12-21,5058.61,Delayed,2.0,False,23.0,2022-11,2022,COSCO Shipping,Ocean,3.6,China,New York / NJ,North America,0.8,High,Shanghai,Asia Pacific,0.92,Critical,0.0,22.8,New York / NJ → Shanghai
SHP00018,P001,P005,C010,2022-03-22,2022-03-30,2022-03-30,1721.15,Delivered,0.0,True,8.0,2022-03,2022,COSCO Shipping,Ocean,3.6,China,Shanghai,Asia Pacific,0.92,Critical,Dubai (Jebel Ali),Middle East,0.74,Medium,0.0,22.8,Shanghai → Dubai (Jebel Ali)
SHP00019,P009,P003,C003,2023-11-07,2023-11-20,2023-11-20,1456.0,Delivered,0.0,True,13.0,2023-11,2023,CMA CGM,Ocean,4.1,France,New York / NJ,North America,0.8,High,Rotterdam,Europe,0.68,Medium,2.0,84.7,New York / NJ → Rotterdam
SHP00020,P009,P004,C005,2023-02-13,2023-03-05,2023-03-05,2526.86,Delivered,0.0,True,20.0,2023-02,2023,DHL Global,Air,4.7,Germany,New York / NJ,North America,0.8,High,Los Angeles,North America,0.85,Critical,0.0,20.4,New York / NJ → Los Angeles
SHP00021,P002,P005,C004,2022-03-07,2022-03-17,2022-03-28,2058.81,Delayed,11.0,False,21.0,2022-03,2022,Evergreen Marine,Ocean,3.8,Taiwan,Singapore,Asia Pacific,0.71,Medium,Dubai (Jebel Ali),Middle East,0.74,Medium,0.0,22.8,Singapore → Dubai (Jebel Ali)
SHP00022,P001,P005,C002,2022-02-02,2022-02-16,2022-02-16,2113.18,Delivered,0.0,True,14.0,2022-02,2022,MSC,Ocean,4.3,Switzerland,Shanghai,Asia Pacific,0.92,Critical,Dubai (Jebel Ali),Middle East,0.74,Medium,0.0,22.8,Shanghai → Dubai (Jebel Ali)
SHP00023,P008,P004,C009,2022-05-16,2022-05-31,2022-05-31,1840.15,Delivered,0.0,True,15.0,2022-05,2022,Hapag-Lloyd,Ocean,4.0,Germany,Antwerp,Europe,0.65,Medium,Los Angeles,North America,0.85,Critical,0.0,18.8,Antwerp → Los Angeles
SHP00024,P004,P002,C002,2023-11-06,2023-11-26,2023-11-26,3688.32,Delivered,0.0,True,20.0,2023-11,2023,MSC,Ocean,4.3,Switzerland,Los Angeles,North America,0.85,Critical,Singapore,Asia Pacific,0.71,Medium,0.0,22.8,Los Angeles → Singapore
SHP00025,P001,P012,C002,2022-03-04,2022-03-24,2022-03-24,4603.09,Delivered,0.0,True,20.0,2022-03,2022,MSC,Ocean,4.3,Switzerland,Shanghai,Asia Pacific,0.92,Critical,Long Beach,North America,0.83,High,0.0,22.8,Shanghai → Long Beach
SHP00026,P003,P008,C003,2022-10-13,2022-10-30,2022-10-30,3447.72,Delivered,0.0,True,17.0,2022-10,2022,CMA CGM,Ocean,4.1,France,Rotterdam,Europe,0.68,Medium,Antwerp,Europe,0.65,Medium,1.0,12.6,Rotterdam → Antwerp
SHP00027,P009,P002,C001,2023-10-30,2023-11-21,2023-11-21,5642.33,Delivered,0.0,True,22.0,2023-10,2023,Maersk Line,Ocean,4.5,Denmark,New York / NJ,North America,0.8,High,Singapore,Asia Pacific,0.71,Medium,0.0,22.8,New York / NJ → Singapore
SHP00028,P008,P009,C004,2024-06-04,2024-06-17,2024-06-17,1645.53,In Transit,0.0,True,13.0,2024-06,2024,Evergreen Marine,Ocean,3.8,Taiwan,Antwerp,Europe,0.65,Medium,New York / NJ,North America,0.8,High,0.0,34.5,Antwerp → New York / NJ
SHP00029,P005,P009,C005,2023-03-10,2023-04-05,2023-04-05,5024.38,Delivered,0.0,True,26.0,2023-03,2023,DHL Global,Air,4.7,Germany,Dubai (Jebel Ali),Middle East,0.74,Medium,New York / NJ,North America,0.8,High,0.0,22.8,Dubai (Jebel Ali) → New York / NJ
SHP00030,P012,P009,C001,2024-02-05,2024-02-20,2024-02-25,3152.96,Delayed,5.0,False,20.0,2024-02,2024,Maersk Line,Ocean,4.5,Denmark,Long Beach,North America,0.83,High,New York / NJ,North America,0.8,High,1.0,14.0,Long Beach → New York / NJ
SHP00031,P009,P003,C001,2023-06-05,2023-06-15,2023-06-15,2953.06,Delivered,0.0,True,10.0,2023-06,2023,Maersk Line,Ocean,4.5,Denmark,New York / NJ,North America,0.8,High,Rotterdam,Europe,0.68,Medium,0.0,22.8,New York / NJ → Rotterdam
SHP00032,P010,P004,C010,2023-09-01,2023-09-11,2023-09-11,2818.0,Delivered,0.0,True,10.0,2023-09,2023,COSCO Shipping,Ocean,3.6,China,Colombo,South Asia,0.55,Low,Los Angeles,North America,0.85,Critical,0.0,22.8,Colombo → Los Angeles
SHP00033,P009,P006,C005,2022-07-29,2022-08-13,2022-08-13,1747.13,Delivered,0.0,True,15.0,2022-07,2022,DHL Global,Air,4.7,Germany,New York / NJ,North America,0.8,High,Hamburg,Europe,0.62,Medium,0.0,22.8,New York / NJ → Hamburg
SHP00034,P006,P002,C001,2023-04-15,2023-05-14,2023-05-14,7354.66,Delivered,0.0,True,29.0,2023-04,2023,Maersk Line,Ocean,4.5,Denmark,Hamburg,Europe,0.62,Medium,Singapore,Asia Pacific,0.71,Medium,0.0,22.8,Hamburg → Singapore
SHP00035,P004,P010,C005,2022-05-16,2022-05-31,2022-05-31,3122.03,Delivered,0.0,True,15.0,2022-05,2022,DHL Global,Air,4.7,Germany,Los Angeles,North America,0.85,Critical,Colombo,South Asia,0.55,Low,1.0,8.5,Los Angeles → Colombo
SHP00036,P012,P005,C010,2024-04-06,2024-05-02,2024-05-06,5555.66,Delivered,4.0,False,30.0,2024-04,2024,COSCO Shipping,Ocean,3.6,China,Long Beach,North America,0.83,High,Dubai (Jebel Ali),Middle East,0.74,Medium,0.0,22.8,Long Beach → Dubai (Jebel Ali)
SHP00037,P002,P004,C005,2022-04-29,2022-05-14,2022-05-14,3027.68,Delivered,0.0,True,15.0,2022-04,2022,DHL Global,Air,4.7,Germany,Singapore,Asia Pacific,0.71,Medium,Los Angeles,North America,0.85,Critical,0.0,22.8,Singapore → Los Angeles
SHP00038,P011,P012,C005,2023-06-02,2023-06-23,2023-06-23,5049.86,Delivered,0.0,True,21.0,2023-06,2023,DHL Global,Air,4.7,Germany,Tanjung Pelepas,Asia Pacific,0.6,Medium,Long Beach,North America,0.83,High,0.0,22.8,Tanjung Pelepas → Long Beach
SHP00039,P011,P007,C005,2022-02-15,2022-02-25,2022-02-25,2467.99,Delivered,0.0,True,10.0,2022-02,2022,DHL Global,Air,4.7,Germany,Tanjung Pelepas,Asia Pacific,0.6,Medium,Busan,Asia Pacific,0.78,High,0.0,11.9,Tanjung Pelepas → Busan
SHP00040,P012,P007,C009,2022-01-10,2022-01-25,2022-01-26,4383.35,Delayed,1.0,False,16.0,2022-01,2022,Hapag-Lloyd,Ocean,4.0,Germany,Long Beach,North America,0.83,High,Busan,Asia Pacific,0.78,High,0.0,17.4,Long Beach → Busan
SHP00041,P009,P001,C006,2023-08-20,2023-09-11,2023-09-11,2630.33,Delivered,0.0,True,22.0,2023-08,2023,FedEx Freight,Air,4.6,USA,New York / NJ,North America,0.8,High,Shanghai,Asia Pacific,0.92,Critical,0.0,22.8,New York / NJ → Shanghai
SHP00042,P001,P007,C004,2023-11-30,2023-12-13,2023-12-13,3349.92,Delivered,0.0,True,13.0,2023-11,2023,Evergreen Marine,Ocean,3.8,Taiwan,Shanghai,Asia Pacific,0.92,Critical,Busan,Asia Pacific,0.78,High,0.0,22.8,Shanghai → Busan
SHP00043,P007,P011,C003,2022-08-31,2022-09-12,2022-09-12,3158.31,Delivered,0.0,True,12.0,2022-08,2022,CMA CGM,Ocean,4.1,France,Busan,Asia Pacific,0.78,High,Tanjung Pelepas,Asia Pacific,0.6,Medium,0.0,22.8,Busan → Tanjung Pelepas
SHP00044,P006,P008,C004,2022-10-01,2022-10-13,2022-10-13,1922.21,Delivered,0.0,True,12.0,2022-10,2022,Evergreen Marine,Ocean,3.8,Taiwan,Hamburg,Europe,0.62,Medium,Antwerp,Europe,0.65,Medium,1.0,26.0,Hamburg → Antwerp
SHP00045,P008,P004,C004,2024-04-16,2024-04-29,2024-04-29,3264.76,In Transit,0.0,True,13.0,2024-04,2024,Evergreen Marine,Ocean,3.8,Taiwan,Antwerp,Europe,0.65,Medium,Los Angeles,North America,0.85,Critical,0.0,22.8,Antwerp → Los Angeles
SHP00046,P005,P002,C005,2022-12-26,2023-01-08,2023-01-08,2155.52,Delivered,0.0,True,13.0,2022-12,2022,DHL Global,Air,4.7,Germany,Dubai (Jebel Ali),Middle East,0.74,Medium,Singapore,Asia Pacific,0.71,Medium,0.0,22.8,Dubai (Jebel Ali) → Singapore
SHP00047,P006,P001,C002,2024-06-17,2024-07-11,2024-07-11,6674.74,Delivered,0.0,True,24.0,2024-06,2024,MSC,Ocean,4.3,Switzerland,Hamburg,Europe,0.62,Medium,Shanghai,Asia Pacific,0.92,Critical,0.0,22.8,Hamburg → Shanghai
SHP00048,P006,P008,C010,2023-06-08,2023-06-19,2023-06-19,2866.47,Delivered,0.0,True,11.0,2023-06,2023,COSCO Shipping,Ocean,3.6,China,Hamburg,Europe,0.62,Medium,Antwerp,Europe,0.65,Medium,0.0,22.8,Hamburg → Antwerp
SHP00049,P012,P007,C001,2023-06-17,2023-07-09,2023-07-09,4685.0,Delivered,0.0,True,22.0,2023-06,2023,Maersk Line,Ocean,4.5,Denmark,Long Beach,North America,0.83,High,Busan,Asia Pacific,0.78,High,0.0,22.8,Long Beach → Busan
SHP00050,P011,P006,C010,2022-11-18,2022-12-18,2022-12-18,5330.09,Delivered,0.0,True,30.0,2022-11,2022,COSCO Shipping,Ocean,3.6,China,Tanjung Pelepas,Asia Pacific,0.6,Medium,Hamburg,Europe,0.62,Medium,0.0,28.1,Tanjung Pelepas → Hamburg
SHP00051,P005,P012,C007,2022-12-01,2022-12-25,2022-12-25,5161.02,Delivered,0.0,True,24.0,2022-12,2022,DB Schenker,Rail,4.2,Germany,Dubai (Jebel Ali),Middle East,0.74,Medium,Long Beach,North America,0.83,High,0.0,22.8,Dubai (Jebel Ali) → Long Beach
SHP00052,P012,P003,C010,2023-08-06,2023-08-18,2023-08-18,3681.53,Delivered,0.0,True,12.0,2023-08,2023,COSCO Shipping,Ocean,3.6,China,Long Beach,North America,0.83,High,Rotterdam,Europe,0.68,Medium,0.0,10.9,Long Beach → Rotterdam
SHP00053,P004,P008,C010,2023-09-14,2023-09-29,2023-09-29,2168.36,Delivered,0.0,True,15.0,2023-09,2023,COSCO Shipping,Ocean,3.6,China,Los Angeles,North America,0.85,Critical,Antwerp,Europe,0.65,Medium,0.0,19.7,Los Angeles → Antwerp
SHP00054,P012,P003,C002,2022-10-18,2022-11-01,2022-11-01,2303.56,Delivered,0.0,True,14.0,2022-10,2022,MSC,Ocean,4.3,Switzerland,Long Beach,North America,0.83,High,Rotterdam,Europe,0.68,Medium,0.0,22.8,Long Beach → Rotterdam
SHP00055,P004,P012,C005,2022-08-19,2022-09-01,2022-09-01,2727.56,Delivered,0.0,True,13.0,2022-08,2022,DHL Global,Air,4.7,Germany,Los Angeles,North America,0.85,Critical,Long Beach,North America,0.83,High,0.0,22.8,Los Angeles → Long Beach
SHP00056,P008,P007,C010,2022-07-19,2022-08-14,2022-08-14,4248.16,Delivered,0.0,True,26.0,2022-07,2022,COSCO Shipping,Ocean,3.6,China,Antwerp,Europe,0.65,Medium,Busan,Asia Pacific,0.78,High,0.0,22.8,Antwerp → Busan
SHP00057,P001,P003,C007,2022-08-13,2022-09-04,2022-09-04,5236.65,Delivered,0.0,True,22.0,2022-08,2022,DB Schenker,Rail,4.2,Germany,Shanghai,Asia Pacific,0.92,Critical,Rotterdam,Europe,0.68,Medium,0.0,22.8,Shanghai → Rotterdam
SHP00058,P002,P009,C003,2024-03-31,2024-04-21,2024-04-21,4811.19,Delivered,0.0,True,21.0,2024-03,2024,CMA CGM,Ocean,4.1,France,Singapore,Asia Pacific,0.71,Medium,New York / NJ,North America,0.8,High,0.0,22.8,Singapore → New York / NJ
SHP00059,P008,P011,C009,2023-03-13,2023-04-10,2023-04-10,4559.95,Delivered,0.0,True,28.0,2023-03,2023,Hapag-Lloyd,Ocean,4.0,Germany,Antwerp,Europe,0.65,Medium,Tanjung Pelepas,Asia Pacific,0.6,Medium,0.0,22.8,Antwerp → Tanjung Pelepas
SHP00060,P011,P005,C009,2023-05-12,2023-05-25,2023-05-25,1591.95,Delivered,0.0,True,13.0,2023-05,2023,Hapag-Lloyd,Ocean,4.0,Germany,Tanjung Pelepas,Asia Pacific,0.6,Medium,Dubai (Jebel Ali),Middle East,0.74,Medium,0.0,22.8,Tanjung Pelepas → Dubai (Jebel Ali)
SHP00061,P004,P006,C006,2022-11-24,2022-12-08,2022-12-08,1974.52,Delivered,0.0,True,14.0,2022-11,2022,FedEx Freight,Air,4.6,USA,Los Angeles,North America,0.85,Critical,Hamburg,Europe,0.62,Medium,0.0,11.7,Los Angeles → Hamburg
SHP00062,P007,P008,C006,2023-07-10,2023-08-06,2023-08-06,4739.97,Delivered,0.0,True,27.0,2023-07,2023,FedEx Freight,Air,4.6,USA,Busan,Asia Pacific,0.78,High,Antwerp,Europe,0.65,Medium,0.0,26.7,Busan → Antwerp
SHP00063,P010,P001,C010,2023-01-25,2023-02-02,2023-02-03,1176.8,Delayed,1.0,False,9.0,2023-01,2023,COSCO Shipping,Ocean,3.6,China,Colombo,South Asia,0.55,Low,Shanghai,Asia Pacific,0.92,Critical,0.0,22.8,Colombo → Shanghai
SHP00064,P007,P010,C009,2024-03-30,2024-04-08,2024-04-08,400.0,Delivered,0.0,True,9.0,2024-03,2024,Hapag-Lloyd,Ocean,4.0,Germany,Busan,Asia Pacific,0.78,High,Colombo,South Asia,0.55,Low,0.0,17.0,Busan → Colombo
SHP00065,P008,P001,C007,2022-12-11,2023-01-10,2023-01-10,5282.64,Delivered,0.0,True,30.0,2022-12,2022,DB Schenker,Rail,4.2,Germany,Antwerp,Europe,0.65,Medium,Shanghai,Asia Pacific,0.92,Critical,0.0,22.8,Antwerp → Shanghai
SHP00066,P010,P009,C001,2023-02-08,2023-02-27,2023-02-27,2468.14,Delivered,0.0,True,19.0,2023-02,2023,Maersk Line,Ocean,4.5,Denmark,Colombo,South Asia,0.55,Low,New York / NJ,North America,0.8,High,0.0,22.8,Colombo → New York / NJ
SHP00067,P003,P009,C003,2022-02-21,2022-03-05,2022-03-05,1804.04,Delivered,0.0,True,12.0,2022-02,2022,CMA CGM,Ocean,4.1,France,Rotterdam,Europe,0.68,Medium,New York / NJ,North America,0.8,High,2.0,68.1,Rotterdam → New York / NJ
SHP00068,P007,P005,C002,2023-04-27,2023-05-05,2023-05-05,2343.73,Delivered,0.0,True,8.0,2023-04,2023,MSC,Ocean,4.3,Switzerland,Busan,Asia Pacific,0.78,High,Dubai (Jebel Ali),Middle East,0.74,Medium,0.0,22.8,Busan → Dubai (Jebel Ali)
SHP00069,P004,P012,C002,2024-03-10,2024-03-30,2024-03-31,1977.74,Delayed,1.0,False,21.0,2024-03,2024,MSC,Ocean,4.3,Switzerland,Los Angeles,North America,0.85,Critical,Long Beach,North America,0.83,High,0.0,22.8,Los Angeles → Long Beach
SHP00070,P004,P003,C008,2023-11-17,2023-11-27,2023-11-27,3212.56,Delivered,0.0,True,10.0,2023-11,2023,Kuehne+Nagel,Multi,4.4,Switzerland,Los Angeles,North America,0.85,Critical,Rotterdam,Europe,0.68,Medium,0.0,22.8,Los Angeles → Rotterdam
SHP00071,P006,P003,C010,2023-09-14,2023-09-25,2023-09-25,1799.51,Delivered,0.0,True,11.0,2023-09,2023,COSCO Shipping,Ocean,3.6,China,Hamburg,Europe,0.62,Medium,Rotterdam,Europe,0.68,Medium,0.0,34.3,Hamburg → Rotterdam
SHP00072,P010,P012,C007,2023-02-11,2023-02-24,2023-03-04,3531.46,Delayed,8.0,False,21.0,2023-02,2023,DB Schenker,Rail,4.2,Germany,Colombo,South Asia,0.55,Low,Long Beach,North America,0.83,High,0.0,22.8,Colombo → Long Beach
SHP00073,P002,P006,C010,2024-04-04,2024-04-25,2024-04-25,5822.46,Delivered,0.0,True,21.0,2024-04,2024,COSCO Shipping,Ocean,3.6,China,Singapore,Asia Pacific,0.71,Medium,Hamburg,Europe,0.62,Medium,0.0,22.8,Singapore → Hamburg
SHP00074,P011,P006,C001,2024-05-19,2024-06-14,2024-06-14,4364.55,Delivered,0.0,True,26.0,2024-05,2024,Maersk Line,Ocean,4.5,Denmark,Tanjung Pelepas,Asia Pacific,0.6,Medium,Hamburg,Europe,0.62,Medium,0.0,22.8,Tanjung Pelepas → Hamburg
SHP00075,P008,P003,C007,2022-06-30,2022-07-18,2022-07-18,2522.33,Delivered,0.0,True,18.0,2022-06,2022,DB Schenker,Rail,4.2,Germany,Antwerp,Europe,0.65,Medium,Rotterdam,Europe,0.68,Medium,0.0,19.6,Antwerp → Rotterdam
SHP00076,P007,P011,C005,2022-11-27,2022-12-10,2022-12-10,1525.35,Delivered,0.0,True,13.0,2022-11,2022,DHL Global,Air,4.7,Germany,Busan,Asia Pacific,0.78,High,Tanjung Pelepas,Asia Pacific,0.6,Medium,0.0,5.9,Busan → Tanjung Pelepas
SHP00077,P004,P009,C010,2023-09-17,2023-10-07,2023-10-07,2042.63,Delivered,0.0,True,20.0,2023-09,2023,COSCO Shipping,Ocean,3.6,China,Los Angeles,North America,0.85,Critical,New York / NJ,North America,0.8,High,0.0,24.3,Los Angeles → New York / NJ
SHP00078,P005,P007,C005,2024-06-20,2024-07-02,2024-07-02,1662.21,In Transit,0.0,True,12.0,2024-06,2024,DHL Global,Air,4.7,Germany,Dubai (Jebel Ali),Middle East,0.74,Medium,Busan,Asia Pacific,0.78,High,0.0,22.8,Dubai (Jebel Ali) → Busan
SHP00079,P004,P002,C004,2024-01-08,2024-01-28,2024-01-28,3839.49,Delivered,0.0,True,20.0,2024-01,2024,Evergreen Marine,Ocean,3.8,Taiwan,Los Angeles,North America,0.85,Critical,Singapore,Asia Pacific,0.71,Medium,0.0,22.8,Los Angeles → Singapore
SHP00080,P001,P003,C005,2022-08-15,2022-09-10,2022-09-10,4214.39,Delivered,0.0,True,26.0,2022-08,2022,DHL Global,Air,4.7,Germany,Shanghai,Asia Pacific,0.92,Critical,Rotterdam,Europe,0.68,Medium,0.0,22.8,Shanghai → Rotterdam
SHP00081,P008,P010,C009,2022-12-19,2023-01-12,2023-01-12,4483.83,Delivered,0.0,True,24.0,2022-12,2022,Hapag-Lloyd,Ocean,4.0,Germany,Antwerp,Europe,0.65,Medium,Colombo,South Asia,0.55,Low,0.0,22.8,Antwerp → Colombo
SHP00082,P004,P002,C004,2022-11-20,2022-12-05,2022-12-05,4930.06,Delivered,0.0,True,15.0,2022-11,2022,Evergreen Marine,Ocean,3.8,Taiwan,Los Angeles,North America,0.85,Critical,Singapore,Asia Pacific,0.71,Medium,0.0,22.8,Los Angeles → Singapore
SHP00083,P004,P005,C008,2022-10-11,2022-11-06,2022-11-06,6330.02,Delivered,0.0,True,26.0,2022-10,2022,Kuehne+Nagel,Multi,4.4,Switzerland,Los Angeles,North America,0.85,Critical,Dubai (Jebel Ali),Middle East,0.74,Medium,0.0,22.8,Los Angeles → Dubai (Jebel Ali)
SHP00084,P005,P001,C009,2022-05-10,2022-05-20,2022-05-24,1197.22,Delayed,4.0,False,14.0,2022-05,2022,Hapag-Lloyd,Ocean,4.0,Germany,Dubai (Jebel Ali),Middle East,0.74,Medium,Shanghai,Asia Pacific,0.92,Critical,0.0,6.0,Dubai (Jebel Ali) → Shanghai
SHP00085,P003,P012,C008,2022-04-16,2022-05-02,2022-05-07,1904.02,Delayed,5.0,False,21.0,2022-04,2022,Kuehne+Nagel,Multi,4.4,Switzerland,Rotterdam,Europe,0.68,Medium,Long Beach,North America,0.83,High,2.0,86.9,Rotterdam → Long Beach
SHP00086,P005,P009,C002,2024-04-21,2024-05-10,2024-05-10,3706.85,In Transit,0.0,True,19.0,2024-04,2024,MSC,Ocean,4.3,Switzerland,Dubai (Jebel Ali),Middle East,0.74,Medium,New York / NJ,North America,0.8,High,0.0,22.8,Dubai (Jebel Ali) → New York / NJ
SHP00087,P010,P005,C002,2022-09-12,2022-09-23,2022-09-23,1963.87,Delivered,0.0,True,11.0,2022-09,2022,MSC,Ocean,4.3,Switzerland,Colombo,South Asia,0.55,Low,Dubai (Jebel Ali),Middle East,0.74,Medium,0.0,22.8,Colombo → Dubai (Jebel Ali)
SHP00088,P007,P009,C008,2022-11-01,2022-11-21,2022-11-21,3612.12,Delivered,0.0,True,20.0,2022-11,2022,Kuehne+Nagel,Multi,4.4,Switzerland,Busan,Asia Pacific,0.78,High,New York / NJ,North America,0.8,High,0.0,22.8,Busan → New York / NJ
SHP00089,P012,P002,C004,2023-10-03,2023-10-20,2023-10-20,2783.75,Delivered,0.0,True,17.0,2023-10,2023,Evergreen Marine,Ocean,3.8,Taiwan,Long Beach,North America,0.83,High,Singapore,Asia Pacific,0.71,Medium,0.0,22.8,Long Beach → Singapore
SHP00090,P007,P009,C010,2023-04-27,2023-05-15,2023-05-16,3741.7,Delayed,1.0,False,19.0,2023-04,2023,COSCO Shipping,Ocean,3.6,China,Busan,Asia Pacific,0.78,High,New York / NJ,North America,0.8,High,0.0,22.8,Busan → New York / NJ
SHP00091,P008,P002,C004,2022-09-28,2022-10-28,2022-10-28,6070.86,Delivered,0.0,True,30.0,2022-09,2022,Evergreen Marine,Ocean,3.8,Taiwan,Antwerp,Europe,0.65,Medium,Singapore,Asia Pacific,0.71,Medium,0.0,33.4,Antwerp → Singapore
SHP00092,P003,P006,C003,2022-03-15,2022-03-25,2022-03-25,2571.47,Delivered,0.0,True,10.0,2022-03,2022,CMA CGM,Ocean,4.1,France,Rotterdam,Europe,0.68,Medium,Hamburg,Europe,0.62,Medium,0.0,22.8,Rotterdam → Hamburg
SHP00093,P010,P005,C008,2022-05-08,2022-05-25,2022-05-25,3531.07,Delivered,0.0,True,17.0,2022-05,2022,Kuehne+Nagel,Multi,4.4,Switzerland,Colombo,South Asia,0.55,Low,Dubai (Jebel Ali),Middle East,0.74,Medium,0.0,22.8,Colombo → Dubai (Jebel Ali)
SHP00094,P002,P011,C001,2024-06-29,2024-07-15,2024-07-15,2649.19,In Transit,0.0,True,16.0,2024-06,2024,Maersk Line,Ocean,4.5,Denmark,Singapore,Asia Pacific,0.71,Medium,Tanjung Pelepas,Asia Pacific,0.6,Medium,0.0,22.8,Singapore → Tanjung Pelepas
SHP00095,P011,P010,C010,2022-01-22,2022-02-01,2022-02-01,1339.33,Delivered,0.0,True,10.0,2022-01,2022,COSCO Shipping,Ocean,3.6,China,Tanjung Pelepas,Asia Pacific,0.6,Medium,Colombo,South Asia,0.55,Low,0.0,20.6,Tanjung Pelepas → Colombo
SHP00096,P008,P005,C003,2023-08-23,2023-09-03,2023-09-03,1777.02,Delivered,0.0,True,11.0,2023-08,2023,CMA CGM,Ocean,4.1,France,Antwerp,Europe,0.65,Medium,Dubai (Jebel Ali),Middle East,0.74,Medium,0.0,22.8,Antwerp → Dubai (Jebel Ali)
SHP00097,P006,P008,C006,2022-11-25,2022-12-15,2022-12-15,1706.34,Delivered,0.0,True,20.0,2022-11,2022,FedEx Freight,Air,4.6,USA,Hamburg,Europe,0.62,Medium,Antwerp,Europe,0.65,Medium,0.0,22.8,Hamburg → Antwerp
SHP00098,P007,P010,C001,2023-04-11,2023-04-16,2023-04-16,1524.66,Delivered,0.0,True,5.0,2023-04,2023,Maersk Line,Ocean,4.5,Denmark,Busan,Asia Pacific,0.78,High,Colombo,South Asia,0.55,Low,2.0,43.4,Busan → Colombo
SHP00099,P007,P010,C001,2023-11-05,2023-11-14,2023-11-14,400.0,Delivered,0.0,True,9.0,2023-11,2023,Maersk Line,Ocean,4.5,Denmark,Busan,Asia Pacific,0.78,High,Colombo,South Asia,0.55,Low,0.0,22.8,Busan → Colombo
SHP00100,P008,P001,C004,2022-10-01,2022-10-29,2022-11-11,4431.54,Delayed,13.0,False,41.0,2022-10,2022,Evergreen Marine,Ocean,3.8,Taiwan,Antwerp,Europe,0.65,Medium,Shanghai,Asia Pacific,0.92,Critical,0.0,32.9,Antwerp → Shanghai
SHP00101,P008,P002,C001,2023-10-08,2023-11-06,2023-11-06,6003.48,Delivered,0.0,True,29.0,2023-10,2023,Maersk Line,Ocean,4.5,Denmark,Antwerp,Europe,0.65,Medium,Singapore,Asia Pacific,0.71,Medium,0.0,7.9,Antwerp → Singapore
SHP00102,P004,P002,C008,2022-05-01,2022-05-17,2022-05-17,4284.11,Delivered,0.0,True,16.0,2022-05,2022,Kuehne+Nagel,Multi,4.4,Switzerland,Los Angeles,North America,0.85,Critical,Singapore,Asia Pacific,0.71,Medium,0.0,13.5,Los Angeles → Singapore
SHP00103,P005,P008,C008,2023-04-29,2023-05-08,2023-05-08,1963.89,Delivered,0.0,True,9.0,2023-04,2023,Kuehne+Nagel,Multi,4.4,Switzerland,Dubai (Jebel Ali),Middle East,0.74,Medium,Antwerp,Europe,0.65,Medium,1.0,7.2,Dubai (Jebel Ali) → Antwerp
SHP00104,P003,P002,C005,2024-03-02,2024-03-28,2024-03-28,6992.7,Delivered,0.0,True,26.0,2024-03,2024,DHL Global,Air,4.7,Germany,Rotterdam,Europe,0.68,Medium,Singapore,Asia Pacific,0.71,Medium,0.0,22.8,Rotterdam → Singapore
SHP00105,P001,P006,C005,2024-05-07,2024-06-05,2024-06-05,6331.16,Delivered,0.0,True,29.0,2024-05,2024,DHL Global,Air,4.7,Germany,Shanghai,Asia Pacific,0.92,Critical,Hamburg,Europe,0.62,Medium,0.0,22.8,Shanghai → Hamburg
SHP00106,P009,P010,C007,2023-04-12,2023-04-27,2023-04-27,2943.41,Delivered,0.0,True,15.0,2023-04,2023,DB Schenker,Rail,4.2,Germany,New York / NJ,North America,0.8,High,Colombo,South Asia,0.55,Low,0.0,22.8,New York / NJ → Colombo
SHP00107,P007,P004,C007,2022-02-14,2022-03-05,2022-03-05,4306.65,Delivered,0.0,True,19.0,2022-02,2022,DB Schenker,Rail,4.2,Germany,Busan,Asia Pacific,0.78,High,Los Angeles,North America,0.85,Critical,0.0,22.8,Busan → Los Angeles
SHP00108,P011,P003,C008,2022-02-07,2022-03-01,2022-03-01,5173.09,Delivered,0.0,True,22.0,2022-02,2022,Kuehne+Nagel,Multi,4.4,Switzerland,Tanjung Pelepas,Asia Pacific,0.6,Medium,Rotterdam,Europe,0.68,Medium,0.0,22.8,Tanjung Pelepas → Rotterdam
SHP00109,P008,P002,C009,2023-04-13,2023-05-03,2023-05-03,4774.79,Delivered,0.0,True,20.0,2023-04,2023,Hapag-Lloyd,Ocean,4.0,Germany,Antwerp,Europe,0.65,Medium,Singapore,Asia Pacific,0.71,Medium,0.0,22.8,Antwerp → Singapore
SHP00110,P005,P007,C010,2023-12-11,2023-12-22,2023-12-22,2173.88,Delivered,0.0,True,11.0,2023-12,2023,COSCO Shipping,Ocean,3.6,China,Dubai (Jebel Ali),Middle East,0.74,Medium,Busan,Asia Pacific,0.78,High,0.0,22.8,Dubai (Jebel Ali) → Busan
SHP00111,P009,P007,C006,2023-10-04,2023-10-25,2023-10-25,3460.24,Delivered,0.0,True,21.0,2023-10,2023,FedEx Freight,Air,4.6,USA,New York / NJ,North America,0.8,High,Busan,Asia Pacific,0.78,High,0.0,22.8,New York / NJ → Busan
SHP00112,P004,P002,C007,2022-04-11,2022-04-26,2022-04-26,4391.86,Delivered,0.0,True,15.0,2022-04,2022,DB Schenker,Rail,4.2,Germany,Los Angeles,North America,0.85,Critical,Singapore,Asia Pacific,0.71,Medium,0.0,22.8,Los Angeles → Singapore
SHP00113,P001,P007,C001,2022-10-28,2022-11-12,2022-11-12,1530.48,Delivered,0.0,True,15.0,2022-10,2022,Maersk Line,Ocean,4.5,Denmark,Shanghai,Asia Pacific,0.92,Critical,Busan,Asia Pacific,0.78,High,1.0,15.0,Shanghai → Busan
SHP00114,P003,P004,C002,2023-09-17,2023-10-03,2023-10-03,2807.11,Delivered,0.0,True,16.0,2023-09,2023,MSC,Ocean,4.3,Switzerland,Rotterdam,Europe,0.68,Medium,Los Angeles,North America,0.85,Critical,0.0,20.5,Rotterdam → Los Angeles
SHP00115,P010,P003,C004,2023-04-18,2023-05-10,2023-05-10,5488.87,Delivered,0.0,True,22.0,2023-04,2023,Evergreen Marine,Ocean,3.8,Taiwan,Colombo,South Asia,0.55,Low,Rotterdam,Europe,0.68,Medium,0.0,22.8,Colombo → Rotterdam
SHP00116,P009,P003,C002,2023-03-29,2023-04-10,2023-04-10,2028.89,Delivered,0.0,True,12.0,2023-03,2023,MSC,Ocean,4.3,Switzerland,New York / NJ,North America,0.8,High,Rotterdam,Europe,0.68,Medium,0.0,22.8,New York / NJ → Rotterdam
SHP00117,P012,P005,C008,2024-05-15,2024-06-06,2024-06-06,4146.61,Delivered,0.0,True,22.0,2024-05,2024,Kuehne+Nagel,Multi,4.4,Switzerland,Long Beach,North America,0.83,High,Dubai (Jebel Ali),Middle East,0.74,Medium,0.0,22.8,Long Beach → Dubai (Jebel Ali)
SHP00118,P012,P005,C001,2024-04-29,2024-05-23,2024-05-23,5078.18,In Transit,0.0,True,24.0,2024-04,2024,Maersk Line,Ocean,4.5,Denmark,Long Beach,North America,0.83,High,Dubai (Jebel Ali),Middle East,0.74,Medium,2.0,73.7,Long Beach → Dubai (Jebel Ali)
SHP00119,P012,P008,C005,2024-03-05,2024-03-21,2024-03-21,3266.12,Delivered,0.0,True,16.0,2024-03,2024,DHL Global,Air,4.7,Germany,Long Beach,North America,0.83,High,Antwerp,Europe,0.65,Medium,0.0,22.8,Long Beach → Antwerp
SHP00120,P012,P011,C003,2023-10-06,2023-10-21,2023-10-21,4287.18,Delivered,0.0,True,15.0,2023-10,2023,CMA CGM,Ocean,4.1,France,Long Beach,North America,0.83,High,Tanjung Pelepas,Asia Pacific,0.6,Medium,0.0,22.8,Long Beach → Tanjung Pelepas
SHP00121,P008,P001,C010,2023-01-09,2023-01-31,2023-02-07,4456.8,Delayed,7.0,False,29.0,2023-01,2023,COSCO Shipping,Ocean,3.6,China,Antwerp,Europe,0.65,Medium,Shanghai,Asia Pacific,0.92,Critical,0.0,22.8,Antwerp → Shanghai
SHP00122,P009,P006,C009,2023-05-29,2023-06-10,2023-06-10,1935.42,Delivered,0.0,True,12.0,2023-05,2023,Hapag-Lloyd,Ocean,4.0,Germany,New York / NJ,North America,0.8,High,Hamburg,Europe,0.62,Medium,0.0,27.0,New York / NJ → Hamburg
SHP00123,P008,P005,C006,2024-04-03,2024-04-11,2024-04-11,1667.8,Delivered,0.0,True,8.0,2024-04,2024,FedEx Freight,Air,4.6,USA,Antwerp,Europe,0.65,Medium,Dubai (Jebel Ali),Middle East,0.74,Medium,0.0,22.8,Antwerp → Dubai (Jebel Ali)
SHP00124,P009,P006,C002,2024-03-20,2024-04-02,2024-04-03,2357.05,Delayed,1.0,False,14.0,2024-03,2024,MSC,Ocean,4.3,Switzerland,New York / NJ,North America,0.8,High,Hamburg,Europe,0.62,Medium,0.0,22.8,New York / NJ → Hamburg
SHP00125,P011,P012,C005,2023-08-22,2023-09-11,2023-09-11,5065.4,Delivered,0.0,True,20.0,2023-08,2023,DHL Global,Air,4.7,Germany,Tanjung Pelepas,Asia Pacific,0.6,Medium,Long Beach,North America,0.83,High,0.0,22.8,Tanjung Pelepas → Long Beach
SHP00126,P009,P006,C010,2022-08-15,2022-08-30,2022-08-31,3206.7,Delayed,1.0,False,16.0,2022-08,2022,COSCO Shipping,Ocean,3.6,China,New York / NJ,North America,0.8,High,Hamburg,Europe,0.62,Medium,0.0,22.8,New York / NJ → Hamburg
SHP00127,P005,P012,C007,2022-04-30,2022-05-20,2022-05-21,3768.81,Delayed,1.0,False,21.0,2022-04,2022,DB Schenker,Rail,4.2,Germany,Dubai (Jebel Ali),Middle East,0.74,Medium,Long Beach,North America,0.83,High,0.0,22.8,Dubai (Jebel Ali) → Long Beach
SHP00128,P009,P003,C007,2023-04-10,2023-04-22,2023-04-22,2993.1,Delivered,0.0,True,12.0,2023-04,2023,DB Schenker,Rail,4.2,Germany,New York / NJ,North America,0.8,High,Rotterdam,Europe,0.68,Medium,0.0,22.8,New York / NJ → Rotterdam
SHP00129,P007,P011,C003,2024-06-25,2024-07-11,2024-07-11,2225.62,Delivered,0.0,True,16.0,2024-06,2024,CMA CGM,Ocean,4.1,France,Busan,Asia Pacific,0.78,High,Tanjung Pelepas,Asia Pacific,0.6,Medium,1.0,29.4,Busan → Tanjung Pelepas
SHP00130,P006,P004,C008,2023-04-01,2023-04-12,2023-04-12,1292.92,Delivered,0.0,True,11.0,2023-04,2023,Kuehne+Nagel,Multi,4.4,Switzerland,Hamburg,Europe,0.62,Medium,Los Angeles,North America,0.85,Critical,0.0,22.8,Hamburg → Los Angeles
SHP00131,P009,P012,C006,2022-03-04,2022-03-20,2022-03-20,4318.03,Delivered,0.0,True,16.0,2022-03,2022,FedEx Freight,Air,4.6,USA,New York / NJ,North America,0.8,High,Long Beach,North America,0.83,High,0.0,22.8,New York / NJ → Long Beach
SHP00132,P004,P012,C010,2022-01-22,2022-02-01,2022-02-01,1864.52,Delivered,0.0,True,10.0,2022-01,2022,COSCO Shipping,Ocean,3.6,China,Los Angeles,North America,0.85,Critical,Long Beach,North America,0.83,High,1.0,15.2,Los Angeles → Long Beach
SHP00133,P010,P004,C002,2024-04-29,2024-05-17,2024-05-17,2541.76,In Transit,0.0,True,18.0,2024-04,2024,MSC,Ocean,4.3,Switzerland,Colombo,South Asia,0.55,Low,Los Angeles,North America,0.85,Critical,0.0,24.1,Colombo → Los Angeles
SHP00134,P010,P001,C005,2024-05-29,2024-06-04,2024-06-04,1074.95,In Transit,0.0,True,6.0,2024-05,2024,DHL Global,Air,4.7,Germany,Colombo,South Asia,0.55,Low,Shanghai,Asia Pacific,0.92,Critical,0.0,17.8,Colombo → Shanghai
SHP00135,P001,P004,C001,2023-01-02,2023-01-19,2023-01-19,2729.91,Delivered,0.0,True,17.0,2023-01,2023,Maersk Line,Ocean,4.5,Denmark,Shanghai,Asia Pacific,0.92,Critical,Los Angeles,North America,0.85,Critical,1.0,16.2,Shanghai → Los Angeles
SHP00136,P002,P003,C008,2023-04-05,2023-04-30,2023-04-30,4445.65,Delivered,0.0,True,25.0,2023-04,2023,Kuehne+Nagel,Multi,4.4,Switzerland,Singapore,Asia Pacific,0.71,Medium,Rotterdam,Europe,0.68,Medium,0.0,30.0,Singapore → Rotterdam
SHP00137,P010,P001,C009,2022-11-05,2022-11-13,2022-11-13,1927.99,Delivered,0.0,True,8.0,2022-11,2022,Hapag-Lloyd,Ocean,4.0,Germany,Colombo,South Asia,0.55,Low,Shanghai,Asia Pacific,0.92,Critical,0.0,22.8,Colombo → Shanghai
SHP00138,P002,P009,C008,2022-03-17,2022-04-01,2022-04-01,3004.5,Delivered,0.0,True,15.0,2022-03,2022,Kuehne+Nagel,Multi,4.4,Switzerland,Singapore,Asia Pacific,0.71,Medium,New York / NJ,North America,0.8,High,0.0,33.7,Singapore → New York / NJ
SHP00139,P010,P012,C010,2023-07-16,2023-07-31,2023-07-31,2492.24,Delivered,0.0,True,15.0,2023-07,2023,COSCO Shipping,Ocean,3.6,China,Colombo,South Asia,0.55,Low,Long Beach,North America,0.83,High,0.0,11.4,Colombo → Long Beach
SHP00140,P012,P002,C009,2024-01-09,2024-01-26,2024-01-26,5001.06,Delivered,0.0,True,17.0,2024-01,2024,Hapag-Lloyd,Ocean,4.0,Germany,Long Beach,North America,0.83,High,Singapore,Asia Pacific,0.71,Medium,2.0,81.7,Long Beach → Singapore
SHP00141,P008,P007,C007,2024-01-18,2024-02-08,2024-02-08,4687.61,Delivered,0.0,True,21.0,2024-01,2024,DB Schenker,Rail,4.2,Germany,Antwerp,Europe,0.65,Medium,Busan,Asia Pacific,0.78,High,0.0,24.0,Antwerp → Busan
SHP00142,P008,P002,C002,2024-05-01,2024-05-22,2024-05-24,5356.51,Delivered,2.0,False,23.0,2024-05,2024,MSC,Ocean,4.3,Switzerland,Antwerp,Europe,0.65,Medium,Singapore,Asia Pacific,0.71,Medium,0.0,22.8,Antwerp → Singapore
SHP00143,P009,P001,C010,2023-07-30,2023-08-21,2023-08-21,2333.38,Delivered,0.0,True,22.0,2023-07,2023,COSCO Shipping,Ocean,3.6,China,New York / NJ,North America,0.8,High,Shanghai,Asia Pacific,0.92,Critical,0.0,22.8,New York / NJ → Shanghai
SHP00144,P012,P001,C005,2023-09-07,2023-09-25,2023-09-25,4591.92,Delivered,0.0,True,18.0,2023-09,2023,DHL Global,Air,4.7,Germany,Long Beach,North America,0.83,High,Shanghai,Asia Pacific,0.92,Critical,0.0,22.8,Long Beach → Shanghai
SHP00145,P011,P008,C004,2024-05-17,2024-06-07,2024-06-07,5584.6,In Transit,0.0,True,21.0,2024-05,2024,Evergreen Marine,Ocean,3.8,Taiwan,Tanjung Pelepas,Asia Pacific,0.6,Medium,Antwerp,Europe,0.65,Medium,0.0,32.9,Tanjung Pelepas → Antwerp
SHP00146,P009,P011,C010,2023-11-23,2023-12-15,2023-12-18,4642.72,Delayed,3.0,False,25.0,2023-11,2023,COSCO Shipping,Ocean,3.6,China,New York / NJ,North America,0.8,High,Tanjung Pelepas,Asia Pacific,0.6,Medium,0.0,22.8,New York / NJ → Tanjung Pelepas
SHP00147,P005,P001,C003,2022-10-07,2022-10-20,2022-10-20,2403.19,Delivered,0.0,True,13.0,2022-10,2022,CMA CGM,Ocean,4.1,France,Dubai (Jebel Ali),Middle East,0.74,Medium,Shanghai,Asia Pacific,0.92,Critical,0.0,21.1,Dubai (Jebel Ali) → Shanghai
SHP00148,P011,P007,C002,2022-05-26,2022-06-15,2022-06-15,2306.62,Delivered,0.0,True,20.0,2022-05,2022,MSC,Ocean,4.3,Switzerland,Tanjung Pelepas,Asia Pacific,0.6,Medium,Busan,Asia Pacific,0.78,High,0.0,22.8,Tanjung Pelepas → Busan
SHP00149,P007,P008,C008,2022-12-16,2023-01-07,2023-01-07,6133.79,Delivered,0.0,True,22.0,2022-12,2022,Kuehne+Nagel,Multi,4.4,Switzerland,Busan,Asia Pacific,0.78,High,Antwerp,Europe,0.65,Medium,0.0,22.8,Busan → Antwerp
SHP00150,P001,P004,C003,2024-02-12,2024-02-26,2024-02-26,2561.61,Delivered,0.0,True,14.0,2024-02,2024,CMA CGM,Ocean,4.1,France,Shanghai,Asia Pacific,0.92,Critical,Los Angeles,North America,0.85,Critical,0.0,22.8,Shanghai → Los Angeles
SHP00151,P008,P011,C008,2023-03-01,2023-03-25,2023-03-25,5260.58,Delivered,0.0,True,24.0,2023-03,2023,Kuehne+Nagel,Multi,4.4,Switzerland,Antwerp,Europe,0.65,Medium,Tanjung Pelepas,Asia Pacific,0.6,Medium,0.0,22.8,Antwerp → Tanjung Pelepas
SHP00152,P010,P008,C009,2023-11-15,2023-12-07,2023-12-09,4605.86,Delayed,2.0,False,24.0,2023-11,2023,Hapag-Lloyd,Ocean,4.0,Germany,Colombo,South Asia,0.55,Low,Antwerp,Europe,0.65,Medium,0.0,22.8,Colombo → Antwerp
SHP00153,P001,P005,C005,2022-08-05,2022-08-19,2022-08-19,1862.53,Delivered,0.0,True,14.0,2022-08,2022,DHL Global,Air,4.7,Germany,Shanghai,Asia Pacific,0.92,Critical,Dubai (Jebel Ali),Middle East,0.74,Medium,0.0,31.5,Shanghai → Dubai (Jebel Ali)
SHP00154,P003,P004,C007,2023-06-30,2023-07-15,2023-07-15,2781.75,Delivered,0.0,True,15.0,2023-06,2023,DB Schenker,Rail,4.2,Germany,Rotterdam,Europe,0.68,Medium,Los Angeles,North America,0.85,Critical,0.0,22.8,Rotterdam → Los Angeles
SHP00155,P006,P002,C007,2024-06-01,2024-06-21,2024-06-21,5543.48,Delivered,0.0,True,20.0,2024-06,2024,DB Schenker,Rail,4.2,Germany,Hamburg,Europe,0.62,Medium,Singapore,Asia Pacific,0.71,Medium,1.0,33.7,Hamburg → Singapore
SHP00156,P012,P011,C007,2022-10-24,2022-11-08,2022-11-08,4864.55,Delivered,0.0,True,15.0,2022-10,2022,DB Schenker,Rail,4.2,Germany,Long Beach,North America,0.83,High,Tanjung Pelepas,Asia Pacific,0.6,Medium,0.0,22.8,Long Beach → Tanjung Pelepas
SHP00157,P010,P008,C006,2022-04-01,2022-04-25,2022-04-25,3675.57,Delivered,0.0,True,24.0,2022-04,2022,FedEx Freight,Air,4.6,USA,Colombo,South Asia,0.55,Low,Antwerp,Europe,0.65,Medium,0.0,29.7,Colombo → Antwerp
SHP00158,P005,P007,C004,2022-12-08,2022-12-22,2022-12-24,1737.25,Delayed,2.0,False,16.0,2022-12,2022,Evergreen Marine,Ocean,3.8,Taiwan,Dubai (Jebel Ali),Middle East,0.74,Medium,Busan,Asia Pacific,0.78,High,0.0,22.8,Dubai (Jebel Ali) → Busan
SHP00159,P009,P004,C006,2022-12-26,2023-01-15,2023-01-15,2519.06,Delivered,0.0,True,20.0,2022-12,2022,FedEx Freight,Air,4.6,USA,New York / NJ,North America,0.8,High,Los Angeles,North America,0.85,Critical,0.0,22.8,New York / NJ → Los Angeles
SHP00160,P011,P002,C003,2024-03-02,2024-03-22,2024-03-22,3257.06,Delivered,0.0,True,20.0,2024-03,2024,CMA CGM,Ocean,4.1,France,Tanjung Pelepas,Asia Pacific,0.6,Medium,Singapore,Asia Pacific,0.71,Medium,0.0,22.8,Tanjung Pelepas → Singapore
SHP00161,P008,P012,C010,2023-10-21,2023-11-05,2023-11-05,2699.17,Delivered,0.0,True,15.0,2023-10,2023,COSCO Shipping,Ocean,3.6,China,Antwerp,Europe,0.65,Medium,Long Beach,North America,0.83,High,0.0,22.8,Antwerp → Long Beach
SHP00162,P008,P009,C005,2024-03-26,2024-04-07,2024-04-07,2433.76,Delivered,0.0,True,12.0,2024-03,2024,DHL Global,Air,4.7,Germany,Antwerp,Europe,0.65,Medium,New York / NJ,North America,0.8,High,0.0,22.8,Antwerp → New York / NJ
SHP00163,P008,P009,C001,2022-02-28,2022-03-12,2022-03-12,2706.68,Delivered,0.0,True,12.0,2022-02,2022,Maersk Line,Ocean,4.5,Denmark,Antwerp,Europe,0.65,Medium,New York / NJ,North America,0.8,High,0.0,22.8,Antwerp → New York / NJ
SHP00164,P009,P007,C008,2023-08-18,2023-09-09,2023-09-09,3513.5,Delivered,0.0,True,22.0,2023-08,2023,Kuehne+Nagel,Multi,4.4,Switzerland,New York / NJ,North America,0.8,High,Busan,Asia Pacific,0.78,High,0.0,25.9,New York / NJ → Busan
SHP00165,P010,P012,C004,2022-11-26,2022-12-15,2022-12-15,2275.76,Delivered,0.0,True,19.0,2022-11,2022,Evergreen Marine,Ocean,3.8,Taiwan,Colombo,South Asia,0.55,Low,Long Beach,North America,0.83,High,0.0,22.8,Colombo → Long Beach
SHP00166,P006,P002,C009,2023-10-24,2023-11-15,2023-11-19,5893.19,Delayed,4.0,False,26.0,2023-10,2023,Hapag-Lloyd,Ocean,4.0,Germany,Hamburg,Europe,0.62,Medium,Singapore,Asia Pacific,0.71,Medium,0.0,22.8,Hamburg → Singapore
SHP00167,P009,P010,C010,2022-06-12,2022-06-27,2022-06-27,1831.81,Delivered,0.0,True,15.0,2022-06,2022,COSCO Shipping,Ocean,3.6,China,New York / NJ,North America,0.8,High,Colombo,South Asia,0.55,Low,0.0,30.4,New York / NJ → Colombo
SHP00168,P011,P012,C006,2022-03-09,2022-03-28,2022-03-28,4434.85,Delivered,0.0,True,19.0,2022-03,2022,FedEx Freight,Air,4.6,USA,Tanjung Pelepas,Asia Pacific,0.6,Medium,Long Beach,North America,0.83,High,0.0,22.8,Tanjung Pelepas → Long Beach
SHP00169,P012,P011,C010,2024-06-13,2024-06-29,2024-06-29,3983.98,Delivered,0.0,True,16.0,2024-06,2024,COSCO Shipping,Ocean,3.6,China,Long Beach,North America,0.83,High,Tanjung Pelepas,Asia Pacific,0.6,Medium,0.0,30.9,Long Beach → Tanjung Pelepas
SHP00170,P012,P002,C005,2023-07-27,2023-08-16,2023-08-16,3827.66,Delivered,0.0,True,20.0,2023-07,2023,DHL Global,Air,4.7,Germany,Long Beach,North America,0.83,High,Singapore,Asia Pacific,0.71,Medium,0.0,22.8,Long Beach → Singapore
SHP00171,P012,P011,C009,2022-04-06,2022-04-26,2022-04-26,2213.8,Delivered,0.0,True,20.0,2022-04,2022,Hapag-Lloyd,Ocean,4.0,Germany,Long Beach,North America,0.83,High,Tanjung Pelepas,Asia Pacific,0.6,Medium,0.0,22.8,Long Beach → Tanjung Pelepas
SHP00172,P008,P004,C004,2022-05-21,2022-06-01,2022-06-02,4199.38,Delayed,1.0,False,12.0,2022-05,2022,Evergreen Marine,Ocean,3.8,Taiwan,Antwerp,Europe,0.65,Medium,Los Angeles,North America,0.85,Critical,0.0,22.8,Antwerp → Los Angeles
SHP00173,P009,P010,C001,2023-11-09,2023-11-24,2023-11-24,2641.4,Delivered,0.0,True,15.0,2023-11,2023,Maersk Line,Ocean,4.5,Denmark,New York / NJ,North America,0.8,High,Colombo,South Asia,0.55,Low,0.0,22.8,New York / NJ → Colombo
SHP00174,P012,P010,C003,2024-01-09,2024-01-26,2024-01-28,2254.86,Delayed,2.0,False,19.0,2024-01,2024,CMA CGM,Ocean,4.1,France,Long Beach,North America,0.83,High,Colombo,South Asia,0.55,Low,2.0,81.7,Long Beach → Colombo
SHP00175,P008,P011,C005,2024-02-10,2024-03-08,2024-03-08,5535.02,Delivered,0.0,True,27.0,2024-02,2024,DHL Global,Air,4.7,Germany,Antwerp,Europe,0.65,Medium,Tanjung Pelepas,Asia Pacific,0.6,Medium,0.0,22.8,Antwerp → Tanjung Pelepas
SHP00176,P004,P007,C010,2023-03-28,2023-04-18,2023-04-18,3889.63,Delivered,0.0,True,21.0,2023-03,2023,COSCO Shipping,Ocean,3.6,China,Los Angeles,North America,0.85,Critical,Busan,Asia Pacific,0.78,High,0.0,22.8,Los Angeles → Busan
SHP00177,P007,P003,C004,2024-03-31,2024-04-29,2024-05-01,3760.18,Delayed,2.0,False,31.0,2024-03,2024,Evergreen Marine,Ocean,3.8,Taiwan,Busan,Asia Pacific,0.78,High,Rotterdam,Europe,0.68,Medium,0.0,22.8,Busan → Rotterdam
SHP00178,P002,P010,C002,2022-10-19,2022-10-24,2022-10-24,400.0,Delivered,0.0,True,5.0,2022-10,2022,MSC,Ocean,4.3,Switzerland,Singapore,Asia Pacific,0.71,Medium,Colombo,South Asia,0.55,Low,0.0,20.8,Singapore → Colombo
SHP00179,P003,P008,C002,2022-08-16,2022-09-02,2022-09-02,2868.91,Delivered,0.0,True,17.0,2022-08,2022,MSC,Ocean,4.3,Switzerland,Rotterdam,Europe,0.68,Medium,Antwerp,Europe,0.65,Medium,0.0,22.8,Rotterdam → Antwerp
SHP00180,P007,P002,C006,2022-08-18,2022-08-28,2022-08-28,2365.38,Delivered,0.0,True,10.0,2022-08,2022,FedEx Freight,Air,4.6,USA,Busan,Asia Pacific,0.78,High,Singapore,Asia Pacific,0.71,Medium,0.0,22.8,Busan → Singapore
SHP00181,P006,P003,C003,2022-02-09,2022-02-23,2022-02-23,2990.99,Delivered,0.0,True,14.0,2022-02,2022,CMA CGM,Ocean,4.1,France,Hamburg,Europe,0.62,Medium,Rotterdam,Europe,0.68,Medium,0.0,33.7,Hamburg → Rotterdam
SHP00182,P010,P001,C002,2022-01-20,2022-01-27,2022-01-27,400.0,Delivered,0.0,True,7.0,2022-01,2022,MSC,Ocean,4.3,Switzerland,Colombo,South Asia,0.55,Low,Shanghai,Asia Pacific,0.92,Critical,0.0,22.8,Colombo → Shanghai
SHP00183,P010,P009,C007,2022-04-24,2022-05-08,2022-05-08,2132.74,Delivered,0.0,True,14.0,2022-04,2022,DB Schenker,Rail,4.2,Germany,Colombo,South Asia,0.55,Low,New York / NJ,North America,0.8,High,0.0,22.8,Colombo → New York / NJ
SHP00184,P002,P003,C008,2023-09-04,2023-10-02,2023-10-05,6117.97,Delayed,3.0,False,31.0,2023-09,2023,Kuehne+Nagel,Multi,4.4,Switzerland,Singapore,Asia Pacific,0.71,Medium,Rotterdam,Europe,0.68,Medium,0.0,22.8,Singapore → Rotterdam
SHP00185,P003,P006,C007,2022-01-02,2022-01-21,2022-01-21,3029.5,Delivered,0.0,True,19.0,2022-01,2022,DB Schenker,Rail,4.2,Germany,Rotterdam,Europe,0.68,Medium,Hamburg,Europe,0.62,Medium,0.0,22.8,Rotterdam → Hamburg
SHP00186,P006,P002,C009,2023-07-12,2023-08-09,2023-08-09,5908.05,Delivered,0.0,True,28.0,2023-07,2023,Hapag-Lloyd,Ocean,4.0,Germany,Hamburg,Europe,0.62,Medium,Singapore,Asia Pacific,0.71,Medium,0.0,22.8,Hamburg → Singapore
SHP00187,P008,P001,C007,2023-01-18,2023-02-11,2023-02-11,5195.92,Delivered,0.0,True,24.0,2023-01,2023,DB Schenker,Rail,4.2,Germany,Antwerp,Europe,0.65,Medium,Shanghai,Asia Pacific,0.92,Critical,0.0,22.8,Antwerp → Shanghai
SHP00188,P002,P011,C006,2022-05-17,2022-05-27,2022-05-27,2627.05,Delivered,0.0,True,10.0,2022-05,2022,FedEx Freight,Air,4.6,USA,Singapore,Asia Pacific,0.71,Medium,Tanjung Pelepas,Asia Pacific,0.6,Medium,0.0,22.8,Singapore → Tanjung Pelepas
SHP00189,P011,P008,C008,2023-10-09,2023-10-31,2023-10-31,4139.21,Delivered,0.0,True,22.0,2023-10,2023,Kuehne+Nagel,Multi,4.4,Switzerland,Tanjung Pelepas,Asia Pacific,0.6,Medium,Antwerp,Europe,0.65,Medium,0.0,22.8,Tanjung Pelepas → Antwerp
SHP00190,P001,P005,C001,2022-11-20,2022-11-30,2022-11-30,2205.99,Delivered,0.0,True,10.0,2022-11,2022,Maersk Line,Ocean,4.5,Denmark,Shanghai,Asia Pacific,0.92,Critical,Dubai (Jebel Ali),Middle East,0.74,Medium,0.0,22.8,Shanghai → Dubai (Jebel Ali)
SHP00191,P005,P001,C004,2022-10-20,2022-10-30,2022-10-30,1306.38,Delivered,0.0,True,10.0,2022-10,2022,Evergreen Marine,Ocean,3.8,Taiwan,Dubai (Jebel Ali),Middle East,0.74,Medium,Shanghai,Asia Pacific,0.92,Critical,0.0,22.8,Dubai (Jebel Ali) → Shanghai
SHP00192,P007,P008,C008,2023-01-31,2023-02-25,2023-02-25,5017.19,Delivered,0.0,True,25.0,2023-01,2023,Kuehne+Nagel,Multi,4.4,Switzerland,Busan,Asia Pacific,0.78,High,Antwerp,Europe,0.65,Medium,0.0,22.8,Busan → Antwerp
SHP00193,P009,P005,C002,2024-01-15,2024-02-08,2024-02-14,5338.38,Delayed,6.0,False,30.0,2024-01,2024,MSC,Ocean,4.3,Switzerland,New York / NJ,North America,0.8,High,Dubai (Jebel Ali),Middle East,0.74,Medium,1.0,18.5,New York / NJ → Dubai (Jebel Ali)
SHP00194,P002,P007,C005,2022-11-10,2022-11-27,2022-11-27,2062.49,Delivered,0.0,True,17.0,2022-11,2022,DHL Global,Air,4.7,Germany,Singapore,Asia Pacific,0.71,Medium,Busan,Asia Pacific,0.78,High,0.0,22.8,Singapore → Busan
SHP00195,P006,P009,C001,2024-01-15,2024-01-31,2024-01-31,2218.3,Delivered,0.0,True,16.0,2024-01,2024,Maersk Line,Ocean,4.5,Denmark,Hamburg,Europe,0.62,Medium,New York / NJ,North America,0.8,High,1.0,23.2,Hamburg → New York / NJ
SHP00196,P001,P003,C007,2023-01-08,2023-02-05,2023-02-05,6094.37,Delivered,0.0,True,28.0,2023-01,2023,DB Schenker,Rail,4.2,Germany,Shanghai,Asia Pacific,0.92,Critical,Rotterdam,Europe,0.68,Medium,0.0,19.7,Shanghai → Rotterdam
SHP00197,P003,P011,C008,2022-02-05,2022-02-27,2022-02-28,5868.06,Delayed,1.0,False,23.0,2022-02,2022,Kuehne+Nagel,Multi,4.4,Switzerland,Rotterdam,Europe,0.68,Medium,Tanjung Pelepas,Asia Pacific,0.6,Medium,0.0,22.8,Rotterdam → Tanjung Pelepas
SHP00198,P010,P003,C008,2023-01-15,2023-02-07,2023-02-07,4046.75,Delivered,0.0,True,23.0,2023-01,2023,Kuehne+Nagel,Multi,4.4,Switzerland,Colombo,South Asia,0.55,Low,Rotterdam,Europe,0.68,Medium,0.0,22.8,Colombo → Rotterdam
SHP00199,P006,P008,C006,2023-10-28,2023-11-11,2023-11-11,2078.36,Delivered,0.0,True,14.0,2023-10,2023,FedEx Freight,Air,4.6,USA,Hamburg,Europe,0.62,Medium,Antwerp,Europe,0.65,Medium,0.0,22.8,Hamburg → Antwerp
SHP00200,P009,P002,C005,2024-03-04,2024-03-22,2024-03-22,2637.34,Delivered,0.0,True,18.0,2024-03,2024,DHL Global,Air,4.7,Germany,New York / NJ,North America,0.8,High,Singapore,Asia Pacific,0.71,Medium,0.0,22.8,New York / NJ → Singapore
SHP00201,P012,P008,C004,2022-05-06,2022-05-17,2022-05-17,2927.62,Delivered,0.0,True,11.0,2022-05,2022,Evergreen Marine,Ocean,3.8,Taiwan,Long Beach,North America,0.83,High,Antwerp,Europe,0.65,Medium,0.0,22.8,Long Beach → Antwerp
SHP00202,P011,P006,C006,2023-12-28,2024-01-18,2024-01-18,4478.75,Delivered,0.0,True,21.0,2023-12,2023,FedEx Freight,Air,4.6,USA,Tanjung Pelepas,Asia Pacific,0.6,Medium,Hamburg,Europe,0.62,Medium,0.0,31.5,Tanjung Pelepas → Hamburg
SHP00203,P003,P012,C003,2024-03-23,2024-04-04,2024-04-04,2147.35,Delivered,0.0,True,12.0,2024-03,2024,CMA CGM,Ocean,4.1,France,Rotterdam,Europe,0.68,Medium,Long Beach,North America,0.83,High,0.0,22.8,Rotterdam → Long Beach
SHP00204,P001,P007,C009,2023-08-10,2023-08-25,2023-08-25,3563.82,Delivered,0.0,True,15.0,2023-08,2023,Hapag-Lloyd,Ocean,4.0,Germany,Shanghai,Asia Pacific,0.92,Critical,Busan,Asia Pacific,0.78,High,0.0,22.8,Shanghai → Busan
SHP00205,P002,P003,C005,2023-02-12,2023-03-11,2023-03-11,6393.04,Delivered,0.0,True,27.0,2023-02,2023,DHL Global,Air,4.7,Germany,Singapore,Asia Pacific,0.71,Medium,Rotterdam,Europe,0.68,Medium,0.0,22.8,Singapore → Rotterdam
SHP00206,P011,P002,C008,2023-04-23,2023-05-13,2023-05-13,1946.9,Delivered,0.0,True,20.0,2023-04,2023,Kuehne+Nagel,Multi,4.4,Switzerland,Tanjung Pelepas,Asia Pacific,0.6,Medium,Singapore,Asia Pacific,0.71,Medium,1.0,19.9,Tanjung Pelepas → Singapore
SHP00207,P009,P012,C010,2022-07-06,2022-07-18,2022-07-18,3341.61,Delivered,0.0,True,12.0,2022-07,2022,COSCO Shipping,Ocean,3.6,China,New York / NJ,North America,0.8,High,Long Beach,North America,0.83,High,0.0,8.7,New York / NJ → Long Beach
SHP00208,P003,P004,C006,2023-12-28,2024-01-08,2024-01-08,3479.43,Delivered,0.0,True,11.0,2023-12,2023,FedEx Freight,Air,4.6,USA,Rotterdam,Europe,0.68,Medium,Los Angeles,North America,0.85,Critical,0.0,21.2,Rotterdam → Los Angeles
SHP00209,P002,P006,C004,2023-10-13,2023-11-10,2023-11-10,5311.82,Delivered,0.0,True,28.0,2023-10,2023,Evergreen Marine,Ocean,3.8,Taiwan,Singapore,Asia Pacific,0.71,Medium,Hamburg,Europe,0.62,Medium,0.0,22.8,Singapore → Hamburg
SHP00210,P010,P011,C003,2022-06-25,2022-07-05,2022-07-05,1459.05,Delivered,0.0,True,10.0,2022-06,2022,CMA CGM,Ocean,4.1,France,Colombo,South Asia,0.55,Low,Tanjung Pelepas,Asia Pacific,0.6,Medium,0.0,22.8,Colombo → Tanjung Pelepas
SHP00211,P010,P001,C001,2022-03-25,2022-03-30,2022-03-30,1523.26,Delivered,0.0,True,5.0,2022-03,2022,Maersk Line,Ocean,4.5,Denmark,Colombo,South Asia,0.55,Low,Shanghai,Asia Pacific,0.92,Critical,0.0,22.8,Colombo → Shanghai
SHP00212,P010,P012,C001,2023-05-25,2023-06-14,2023-06-14,3257.16,Delivered,0.0,True,20.0,2023-05,2023,Maersk Line,Ocean,4.5,Denmark,Colombo,South Asia,0.55,Low,Long Beach,North America,0.83,High,0.0,22.8,Colombo → Long Beach
SHP00213,P004,P012,C007,2022-11-01,2022-11-18,2022-11-21,1454.92,Delayed,3.0,False,20.0,2022-11,2022,DB Schenker,Rail,4.2,Germany,Los Angeles,North America,0.85,Critical,Long Beach,North America,0.83,High,0.0,22.8,Los Angeles → Long Beach
SHP00214,P010,P003,C006,2024-06-01,2024-06-24,2024-06-24,6098.3,Delivered,0.0,True,23.0,2024-06,2024,FedEx Freight,Air,4.6,USA,Colombo,South Asia,0.55,Low,Rotterdam,Europe,0.68,Medium,1.0,31.4,Colombo → Rotterdam
SHP00215,P006,P010,C009,2022-04-19,2022-05-12,2022-05-12,3428.87,Delivered,0.0,True,23.0,2022-04,2022,Hapag-Lloyd,Ocean,4.0,Germany,Hamburg,Europe,0.62,Medium,Colombo,South Asia,0.55,Low,0.0,34.9,Hamburg → Colombo
SHP00216,P007,P011,C007,2022-09-12,2022-09-24,2022-09-24,3367.07,Delivered,0.0,True,12.0,2022-09,2022,DB Schenker,Rail,4.2,Germany,Busan,Asia Pacific,0.78,High,Tanjung Pelepas,Asia Pacific,0.6,Medium,0.0,22.8,Busan → Tanjung Pelepas
SHP00217,P004,P003,C008,2023-06-12,2023-06-25,2023-06-25,3585.03,Delivered,0.0,True,13.0,2023-06,2023,Kuehne+Nagel,Multi,4.4,Switzerland,Los Angeles,North America,0.85,Critical,Rotterdam,Europe,0.68,Medium,0.0,22.8,Los Angeles → Rotterdam
SHP00218,P004,P005,C010,2022-12-28,2023-01-15,2023-01-19,4697.9,Delayed,4.0,False,22.0,2022-12,2022,COSCO Shipping,Ocean,3.6,China,Los Angeles,North America,0.85,Critical,Dubai (Jebel Ali),Middle East,0.74,Medium,0.0,22.8,Los Angeles → Dubai (Jebel Ali)
SHP00219,P011,P012,C008,2022-10-20,2022-11-11,2022-11-12,3188.43,Delayed,1.0,False,23.0,2022-10,2022,Kuehne+Nagel,Multi,4.4,Switzerland,Tanjung Pelepas,Asia Pacific,0.6,Medium,Long Beach,North America,0.83,High,0.0,22.8,Tanjung Pelepas → Long Beach
SHP00220,P007,P006,C001,2023-02-15,2023-03-07,2023-03-07,4768.86,Delivered,0.0,True,20.0,2023-02,2023,Maersk Line,Ocean,4.5,Denmark,Busan,Asia Pacific,0.78,High,Hamburg,Europe,0.62,Medium,0.0,22.8,Busan → Hamburg
SHP00221,P002,P008,C009,2023-04-07,2023-05-05,2023-05-05,6517.73,Delivered,0.0,True,28.0,2023-04,2023,Hapag-Lloyd,Ocean,4.0,Germany,Singapore,Asia Pacific,0.71,Medium,Antwerp,Europe,0.65,Medium,0.0,22.8,Singapore → Antwerp
SHP00222,P007,P006,C006,2023-07-26,2023-08-20,2023-08-20,4295.4,Delivered,0.0,True,25.0,2023-07,2023,FedEx Freight,Air,4.6,USA,Busan,Asia Pacific,0.78,High,Hamburg,Europe,0.62,Medium,0.0,22.8,Busan → Hamburg
SHP00223,P009,P001,C001,2022-02-09,2022-02-25,2022-02-25,4141.56,Delivered,0.0,True,16.0,2022-02,2022,Maersk Line,Ocean,4.5,Denmark,New York / NJ,North America,0.8,High,Shanghai,Asia Pacific,0.92,Critical,0.0,11.0,New York / NJ → Shanghai
SHP00224,P003,P007,C010,2022-11-23,2022-12-15,2022-12-15,5334.4,Delivered,0.0,True,22.0,2022-11,2022,COSCO Shipping,Ocean,3.6,China,Rotterdam,Europe,0.68,Medium,Busan,Asia Pacific,0.78,High,0.0,22.8,Rotterdam → Busan
SHP00225,P010,P006,C009,2024-04-28,2024-05-24,2024-05-24,4944.03,Delivered,0.0,True,26.0,2024-04,2024,Hapag-Lloyd,Ocean,4.0,Germany,Colombo,South Asia,0.55,Low,Hamburg,Europe,0.62,Medium,0.0,22.8,Colombo → Hamburg
SHP00226,P002,P008,C010,2022-11-12,2022-12-12,2022-12-16,5843.28,Delayed,4.0,False,34.0,2022-11,2022,COSCO Shipping,Ocean,3.6,China,Singapore,Asia Pacific,0.71,Medium,Antwerp,Europe,0.65,Medium,1.0,14.2,Singapore → Antwerp
SHP00227,P010,P011,C004,2024-01-09,2024-01-14,2024-01-14,564.76,Delivered,0.0,True,5.0,2024-01,2024,Evergreen Marine,Ocean,3.8,Taiwan,Colombo,South Asia,0.55,Low,Tanjung Pelepas,Asia Pacific,0.6,Medium,0.0,13.4,Colombo → Tanjung Pelepas
SHP00228,P003,P012,C004,2022-02-02,2022-02-16,2022-02-16,1496.82,Delivered,0.0,True,14.0,2022-02,2022,Evergreen Marine,Ocean,3.8,Taiwan,Rotterdam,Europe,0.68,Medium,Long Beach,North America,0.83,High,0.0,22.8,Rotterdam → Long Beach
SHP00229,P006,P008,C003,2023-02-27,2023-03-12,2023-03-12,3914.85,Delivered,0.0,True,13.0,2023-02,2023,CMA CGM,Ocean,4.1,France,Hamburg,Europe,0.62,Medium,Antwerp,Europe,0.65,Medium,0.0,22.8,Hamburg → Antwerp
SHP00230,P001,P004,C009,2022-08-01,2022-08-23,2022-08-23,3484.42,Delivered,0.0,True,22.0,2022-08,2022,Hapag-Lloyd,Ocean,4.0,Germany,Shanghai,Asia Pacific,0.92,Critical,Los Angeles,North America,0.85,Critical,0.0,22.8,Shanghai → Los Angeles
SHP00231,P006,P003,C008,2023-06-30,2023-07-15,2023-07-15,3452.99,Delivered,0.0,True,15.0,2023-06,2023,Kuehne+Nagel,Multi,4.4,Switzerland,Hamburg,Europe,0.62,Medium,Rotterdam,Europe,0.68,Medium,0.0,22.8,Hamburg → Rotterdam
SHP00232,P005,P011,C008,2022-07-16,2022-07-25,2022-07-25,1343.72,Delivered,0.0,True,9.0,2022-07,2022,Kuehne+Nagel,Multi,4.4,Switzerland,Dubai (Jebel Ali),Middle East,0.74,Medium,Tanjung Pelepas,Asia Pacific,0.6,Medium,0.0,22.8,Dubai (Jebel Ali) → Tanjung Pelepas
SHP00233,P005,P006,C004,2023-12-08,2023-12-21,2023-12-21,940.77,Delivered,0.0,True,13.0,2023-12,2023,Evergreen Marine,Ocean,3.8,Taiwan,Dubai (Jebel Ali),Middle East,0.74,Medium,Hamburg,Europe,0.62,Medium,0.0,22.8,Dubai (Jebel Ali) → Hamburg
SHP00234,P005,P002,C010,2023-11-24,2023-12-06,2023-12-06,2125.02,Delivered,0.0,True,12.0,2023-11,2023,COSCO Shipping,Ocean,3.6,China,Dubai (Jebel Ali),Middle East,0.74,Medium,Singapore,Asia Pacific,0.71,Medium,0.0,22.8,Dubai (Jebel Ali) → Singapore
SHP00235,P003,P006,C001,2022-10-22,2022-11-02,2022-11-02,2589.76,Delivered,0.0,True,11.0,2022-10,2022,Maersk Line,Ocean,4.5,Denmark,Rotterdam,Europe,0.68,Medium,Hamburg,Europe,0.62,Medium,0.0,13.1,Rotterdam → Hamburg
SHP00236,P009,P005,C009,2023-12-14,2024-01-05,2024-01-06,5553.73,Delayed,1.0,False,23.0,2023-12,2023,Hapag-Lloyd,Ocean,4.0,Germany,New York / NJ,North America,0.8,High,Dubai (Jebel Ali),Middle East,0.74,Medium,0.0,22.8,New York / NJ → Dubai (Jebel Ali)
SHP00237,P004,P001,C009,2022-08-20,2022-09-06,2022-09-07,3416.39,Delayed,1.0,False,18.0,2022-08,2022,Hapag-Lloyd,Ocean,4.0,Germany,Los Angeles,North America,0.85,Critical,Shanghai,Asia Pacific,0.92,Critical,0.0,26.8,Los Angeles → Shanghai
SHP00238,P001,P010,C003,2023-02-21,2023-03-03,2023-03-03,1362.24,Delivered,0.0,True,10.0,2023-02,2023,CMA CGM,Ocean,4.1,France,Shanghai,Asia Pacific,0.92,Critical,Colombo,South Asia,0.55,Low,0.0,22.8,Shanghai → Colombo
SHP00239,P004,P006,C006,2022-10-20,2022-11-04,2022-11-15,2919.94,Delayed,11.0,False,26.0,2022-10,2022,FedEx Freight,Air,4.6,USA,Los Angeles,North America,0.85,Critical,Hamburg,Europe,0.62,Medium,0.0,22.8,Los Angeles → Hamburg
SHP00240,P001,P004,C007,2024-06-22,2024-07-08,2024-07-08,2439.21,Delivered,0.0,True,16.0,2024-06,2024,DB Schenker,Rail,4.2,Germany,Shanghai,Asia Pacific,0.92,Critical,Los Angeles,North America,0.85,Critical,0.0,33.9,Shanghai → Los Angeles
SHP00241,P003,P006,C001,2022-01-10,2022-01-24,2022-01-24,2513.09,Delivered,0.0,True,14.0,2022-01,2022,Maersk Line,Ocean,4.5,Denmark,Rotterdam,Europe,0.68,Medium,Hamburg,Europe,0.62,Medium,3.0,45.1,Rotterdam → Hamburg
SHP00242,P009,P010,C008,2024-06-29,2024-07-11,2024-07-11,2588.37,In Transit,0.0,True,12.0,2024-06,2024,Kuehne+Nagel,Multi,4.4,Switzerland,New York / NJ,North America,0.8,High,Colombo,South Asia,0.55,Low,0.0,22.8,New York / NJ → Colombo
SHP00243,P006,P003,C008,2023-10-26,2023-11-09,2023-11-09,1733.16,Delivered,0.0,True,14.0,2023-10,2023,Kuehne+Nagel,Multi,4.4,Switzerland,Hamburg,Europe,0.62,Medium,Rotterdam,Europe,0.68,Medium,1.0,15.2,Hamburg → Rotterdam
SHP00244,P004,P003,C010,2024-05-26,2024-06-10,2024-06-10,3338.46,Delivered,0.0,True,15.0,2024-05,2024,COSCO Shipping,Ocean,3.6,China,Los Angeles,North America,0.85,Critical,Rotterdam,Europe,0.68,Medium,1.0,22.1,Los Angeles → Rotterdam
SHP00245,P011,P002,C003,2022-05-24,2022-06-10,2022-06-10,2225.52,Delivered,0.0,True,17.0,2022-05,2022,CMA CGM,Ocean,4.1,France,Tanjung Pelepas,Asia Pacific,0.6,Medium,Singapore,Asia Pacific,0.71,Medium,0.0,22.8,Tanjung Pelepas → Singapore
SHP00246,P006,P005,C010,2024-01-11,2024-01-23,2024-02-04,2555.1,Delayed,12.0,False,24.0,2024-01,2024,COSCO Shipping,Ocean,3.6,China,Hamburg,Europe,0.62,Medium,Dubai (Jebel Ali),Middle East,0.74,Medium,0.0,22.8,Hamburg → Dubai (Jebel Ali)
SHP00247,P001,P012,C002,2023-04-22,2023-05-10,2023-05-10,5038.16,Delivered,0.0,True,18.0,2023-04,2023,MSC,Ocean,4.3,Switzerland,Shanghai,Asia Pacific,0.92,Critical,Long Beach,North America,0.83,High,0.0,22.8,Shanghai → Long Beach
SHP00248,P012,P002,C005,2023-01-12,2023-01-29,2023-01-29,2563.0,Delivered,0.0,True,17.0,2023-01,2023,DHL Global,Air,4.7,Germany,Long Beach,North America,0.83,High,Singapore,Asia Pacific,0.71,Medium,0.0,22.8,Long Beach → Singapore
SHP00249,P012,P010,C006,2023-03-02,2023-03-20,2023-03-20,3411.88,Delivered,0.0,True,18.0,2023-03,2023,FedEx Freight,Air,4.6,USA,Long Beach,North America,0.83,High,Colombo,South Asia,0.55,Low,0.0,22.8,Long Beach → Colombo
SHP00250,P011,P010,C002,2023-06-23,2023-07-01,2023-07-01,400.0,Delivered,0.0,True,8.0,2023-06,2023,MSC,Ocean,4.3,Switzerland,Tanjung Pelepas,Asia Pacific,0.6,Medium,Colombo,South Asia,0.55,Low,0.0,22.8,Tanjung Pelepas → Colombo
SHP00251,P002,P001,C009,2023-06-02,2023-06-15,2023-06-15,1804.5,Delivered,0.0,True,13.0,2023-06,2023,Hapag-Lloyd,Ocean,4.0,Germany,Singapore,Asia Pacific,0.71,Medium,Shanghai,Asia Pacific,0.92,Critical,0.0,22.8,Singapore → Shanghai
SHP00252,P004,P011,C008,2022-04-04,2022-04-26,2022-04-26,3352.87,Delivered,0.0,True,22.0,2022-04,2022,Kuehne+Nagel,Multi,4.4,Switzerland,Los Angeles,North America,0.85,Critical,Tanjung Pelepas,Asia Pacific,0.6,Medium,0.0,22.3,Los Angeles → Tanjung Pelepas
SHP00253,P007,P009,C010,2022-03-01,2022-03-23,2022-03-23,4050.48,Delivered,0.0,True,22.0,2022-03,2022,COSCO Shipping,Ocean,3.6,China,Busan,Asia Pacific,0.78,High,New York / NJ,North America,0.8,High,0.0,22.8,Busan → New York / NJ
SHP00254,P012,P004,C010,2022-03-16,2022-03-26,2022-03-26,2307.8,Delivered,0.0,True,10.0,2022-03,2022,COSCO Shipping,Ocean,3.6,China,Long Beach,North America,0.83,High,Los Angeles,North America,0.85,Critical,0.0,22.8,Long Beach → Los Angeles
SHP00255,P001,P003,C008,2022-02-02,2022-02-26,2022-02-26,6304.78,Delivered,0.0,True,24.0,2022-02,2022,Kuehne+Nagel,Multi,4.4,Switzerland,Shanghai,Asia Pacific,0.92,Critical,Rotterdam,Europe,0.68,Medium,0.0,22.8,Shanghai → Rotterdam
SHP00256,P007,P006,C007,2023-04-05,2023-05-01,2023-05-01,4442.94,Delivered,0.0,True,26.0,2023-04,2023,DB Schenker,Rail,4.2,Germany,Busan,Asia Pacific,0.78,High,Hamburg,Europe,0.62,Medium,0.0,10.2,Busan → Hamburg
SHP00257,P009,P003,C006,2022-05-02,2022-05-13,2022-05-13,3523.63,Delivered,0.0,True,11.0,2022-05,2022,FedEx Freight,Air,4.6,USA,New York / NJ,North America,0.8,High,Rotterdam,Europe,0.68,Medium,0.0,22.8,New York / NJ → Rotterdam
SHP00258,P001,P006,C008,2023-11-21,2023-12-19,2023-12-19,5993.09,Delivered,0.0,True,28.0,2023-11,2023,Kuehne+Nagel,Multi,4.4,Switzerland,Shanghai,Asia Pacific,0.92,Critical,Hamburg,Europe,0.62,Medium,0.0,22.8,Shanghai → Hamburg
SHP00259,P008,P006,C003,2022-10-10,2022-10-23,2022-10-23,3641.22,Delivered,0.0,True,13.0,2022-10,2022,CMA CGM,Ocean,4.1,France,Antwerp,Europe,0.65,Medium,Hamburg,Europe,0.62,Medium,1.0,15.8,Antwerp → Hamburg
SHP00260,P001,P005,C004,2022-03-10,2022-03-18,2022-03-18,2579.39,Delivered,0.0,True,8.0,2022-03,2022,Evergreen Marine,Ocean,3.8,Taiwan,Shanghai,Asia Pacific,0.92,Critical,Dubai (Jebel Ali),Middle East,0.74,Medium,0.0,22.8,Shanghai → Dubai (Jebel Ali)
SHP00261,P001,P005,C001,2023-02-16,2023-02-27,2023-02-27,1929.7,Delivered,0.0,True,11.0,2023-02,2023,Maersk Line,Ocean,4.5,Denmark,Shanghai,Asia Pacific,0.92,Critical,Dubai (Jebel Ali),Middle East,0.74,Medium,0.0,10.7,Shanghai → Dubai (Jebel Ali)
SHP00262,P005,P004,C010,2022-11-23,2022-12-16,2022-12-22,5363.01,Delayed,6.0,False,29.0,2022-11,2022,COSCO Shipping,Ocean,3.6,China,Dubai (Jebel Ali),Middle East,0.74,Medium,Los Angeles,North America,0.85,Critical,0.0,22.8,Dubai (Jebel Ali) → Los Angeles
SHP00263,P009,P004,C007,2022-11-04,2022-11-18,2022-11-20,4104.53,Delayed,2.0,False,16.0,2022-11,2022,DB Schenker,Rail,4.2,Germany,New York / NJ,North America,0.8,High,Los Angeles,North America,0.85,Critical,0.0,22.8,New York / NJ → Los Angeles
SHP00264,P007,P010,C008,2022-02-18,2022-02-25,2022-02-25,713.26,Delivered,0.0,True,7.0,2022-02,2022,Kuehne+Nagel,Multi,4.4,Switzerland,Busan,Asia Pacific,0.78,High,Colombo,South Asia,0.55,Low,0.0,16.9,Busan → Colombo
SHP00265,P006,P008,C007,2022-06-02,2022-06-16,2022-06-16,2056.75,Delivered,0.0,True,14.0,2022-06,2022,DB Schenker,Rail,4.2,Germany,Hamburg,Europe,0.62,Medium,Antwerp,Europe,0.65,Medium,0.0,22.8,Hamburg → Antwerp
SHP00266,P012,P003,C008,2022-03-01,2022-03-15,2022-03-15,2715.81,Delivered,0.0,True,14.0,2022-03,2022,Kuehne+Nagel,Multi,4.4,Switzerland,Long Beach,North America,0.83,High,Rotterdam,Europe,0.68,Medium,0.0,22.8,Long Beach → Rotterdam
SHP00267,P007,P004,C005,2022-07-28,2022-08-16,2022-08-16,4869.24,Delivered,0.0,True,19.0,2022-07,2022,DHL Global,Air,4.7,Germany,Busan,Asia Pacific,0.78,High,Los Angeles,North America,0.85,Critical,0.0,22.8,Busan → Los Angeles
SHP00268,P004,P001,C005,2023-01-22,2023-02-05,2023-02-05,2985.63,Delivered,0.0,True,14.0,2023-01,2023,DHL Global,Air,4.7,Germany,Los Angeles,North America,0.85,Critical,Shanghai,Asia Pacific,0.92,Critical,0.0,22.8,Los Angeles → Shanghai
SHP00269,P012,P011,C009,2022-08-11,2022-09-01,2022-09-01,4110.62,Delivered,0.0,True,21.0,2022-08,2022,Hapag-Lloyd,Ocean,4.0,Germany,Long Beach,North America,0.83,High,Tanjung Pelepas,Asia Pacific,0.6,Medium,1.0,24.6,Long Beach → Tanjung Pelepas
SHP00270,P004,P002,C008,2022-09-06,2022-09-23,2022-09-23,4238.46,Delivered,0.0,True,17.0,2022-09,2022,Kuehne+Nagel,Multi,4.4,Switzerland,Los Angeles,North America,0.85,Critical,Singapore,Asia Pacific,0.71,Medium,0.0,22.8,Los Angeles → Singapore
SHP00271,P005,P008,C008,2023-07-01,2023-07-14,2023-07-14,1273.23,Delivered,0.0,True,13.0,2023-07,2023,Kuehne+Nagel,Multi,4.4,Switzerland,Dubai (Jebel Ali),Middle East,0.74,Medium,Antwerp,Europe,0.65,Medium,0.0,11.3,Dubai (Jebel Ali) → Antwerp
SHP00272,P012,P008,C006,2022-07-28,2022-08-09,2022-08-09,1980.86,Delivered,0.0,True,12.0,2022-07,2022,FedEx Freight,Air,4.6,USA,Long Beach,North America,0.83,High,Antwerp,Europe,0.65,Medium,0.0,22.8,Long Beach → Antwerp
SHP00273,P012,P003,C001,2022-09-25,2022-10-09,2022-10-09,2569.83,Delivered,0.0,True,14.0,2022-09,2022,Maersk Line,Ocean,4.5,Denmark,Long Beach,North America,0.83,High,Rotterdam,Europe,0.68,Medium,1.0,29.3,Long Beach → Rotterdam
SHP00274,P007,P011,C004,2023-05-27,2023-06-14,2023-06-14,2967.34,Delivered,0.0,True,18.0,2023-05,2023,Evergreen Marine,Ocean,3.8,Taiwan,Busan,Asia Pacific,0.78,High,Tanjung Pelepas,Asia Pacific,0.6,Medium,0.0,22.8,Busan → Tanjung Pelepas
SHP00275,P008,P012,C008,2023-04-17,2023-04-28,2023-04-28,2859.11,Delivered,0.0,True,11.0,2023-04,2023,Kuehne+Nagel,Multi,4.4,Switzerland,Antwerp,Europe,0.65,Medium,Long Beach,North America,0.83,High,1.0,25.7,Antwerp → Long Beach
SHP00276,P009,P012,C001,2023-06-21,2023-07-01,2023-07-01,2540.81,Delivered,0.0,True,10.0,2023-06,2023,Maersk Line,Ocean,4.5,Denmark,New York / NJ,North America,0.8,High,Long Beach,North America,0.83,High,0.0,22.8,New York / NJ → Long Beach
SHP00277,P001,P002,C007,2022-05-21,2022-06-10,2022-06-10,3538.88,Delivered,0.0,True,20.0,2022-05,2022,DB Schenker,Rail,4.2,Germany,Shanghai,Asia Pacific,0.92,Critical,Singapore,Asia Pacific,0.71,Medium,0.0,22.8,Shanghai → Singapore
SHP00278,P010,P012,C010,2023-05-10,2023-05-30,2023-05-30,1857.81,Delivered,0.0,True,20.0,2023-05,2023,COSCO Shipping,Ocean,3.6,China,Colombo,South Asia,0.55,Low,Long Beach,North America,0.83,High,0.0,22.8,Colombo → Long Beach
SHP00279,P001,P002,C009,2024-01-10,2024-01-24,2024-01-24,1515.91,Delivered,0.0,True,14.0,2024-01,2024,Hapag-Lloyd,Ocean,4.0,Germany,Shanghai,Asia Pacific,0.92,Critical,Singapore,Asia Pacific,0.71,Medium,0.0,22.8,Shanghai → Singapore
SHP00280,P003,P002,C002,2023-06-21,2023-07-13,2023-07-13,5666.08,Delivered,0.0,True,22.0,2023-06,2023,MSC,Ocean,4.3,Switzerland,Rotterdam,Europe,0.68,Medium,Singapore,Asia Pacific,0.71,Medium,0.0,22.8,Rotterdam → Singapore
SHP00281,P006,P005,C007,2022-03-22,2022-04-01,2022-04-01,2096.48,Delivered,0.0,True,10.0,2022-03,2022,DB Schenker,Rail,4.2,Germany,Hamburg,Europe,0.62,Medium,Dubai (Jebel Ali),Middle East,0.74,Medium,0.0,22.8,Hamburg → Dubai (Jebel Ali)
SHP00282,P002,P012,C001,2022-04-06,2022-04-26,2022-04-26,4663.77,Delivered,0.0,True,20.0,2022-04,2022,Maersk Line,Ocean,4.5,Denmark,Singapore,Asia Pacific,0.71,Medium,Long Beach,North America,0.83,High,0.0,22.8,Singapore → Long Beach
SHP00283,P001,P004,C002,2023-05-27,2023-06-16,2023-06-16,4708.18,Delivered,0.0,True,20.0,2023-05,2023,MSC,Ocean,4.3,Switzerland,Shanghai,Asia Pacific,0.92,Critical,Los Angeles,North America,0.85,Critical,0.0,22.8,Shanghai → Los Angeles
SHP00284,P001,P005,C004,2024-06-07,2024-06-20,2024-06-20,1828.29,In Transit,0.0,True,13.0,2024-06,2024,Evergreen Marine,Ocean,3.8,Taiwan,Shanghai,Asia Pacific,0.92,Critical,Dubai (Jebel Ali),Middle East,0.74,Medium,1.0,33.0,Shanghai → Dubai (Jebel Ali)
SHP00285,P011,P005,C009,2023-08-01,2023-08-14,2023-08-15,2076.46,Delayed,1.0,False,14.0,2023-08,2023,Hapag-Lloyd,Ocean,4.0,Germany,Tanjung Pelepas,Asia Pacific,0.6,Medium,Dubai (Jebel Ali),Middle East,0.74,Medium,0.0,22.8,Tanjung Pelepas → Dubai (Jebel Ali)
SHP00286,P012,P007,C002,2022-11-03,2022-11-19,2022-11-19,5035.77,Delivered,0.0,True,16.0,2022-11,2022,MSC,Ocean,4.3,Switzerland,Long Beach,North America,0.83,High,Busan,Asia Pacific,0.78,High,0.0,15.2,Long Beach → Busan
SHP00287,P011,P009,C006,2023-01-29,2023-02-14,2023-02-14,4940.42,Delivered,0.0,True,16.0,2023-01,2023,FedEx Freight,Air,4.6,USA,Tanjung Pelepas,Asia Pacific,0.6,Medium,New York / NJ,North America,0.8,High,0.0,7.5,Tanjung Pelepas → New York / NJ
SHP00288,P002,P008,C004,2024-05-08,2024-05-29,2024-05-29,6282.59,Delivered,0.0,True,21.0,2024-05,2024,Evergreen Marine,Ocean,3.8,Taiwan,Singapore,Asia Pacific,0.71,Medium,Antwerp,Europe,0.65,Medium,0.0,19.8,Singapore → Antwerp
SHP00289,P006,P001,C005,2024-03-13,2024-04-09,2024-04-09,5533.25,Delivered,0.0,True,27.0,2024-03,2024,DHL Global,Air,4.7,Germany,Hamburg,Europe,0.62,Medium,Shanghai,Asia Pacific,0.92,Critical,0.0,22.8,Hamburg → Shanghai
SHP00290,P011,P007,C002,2024-03-01,2024-03-20,2024-03-20,2090.14,Delivered,0.0,True,19.0,2024-03,2024,MSC,Ocean,4.3,Switzerland,Tanjung Pelepas,Asia Pacific,0.6,Medium,Busan,Asia Pacific,0.78,High,0.0,22.8,Tanjung Pelepas → Busan
SHP00292,P005,P009,C006,2024-02-19,2024-03-12,2024-03-12,3981.29,Delivered,0.0,True,22.0,2024-02,2024,FedEx Freight,Air,4.6,USA,Dubai (Jebel Ali),Middle East,0.74,Medium,New York / NJ,North America,0.8,High,0.0,22.8,Dubai (Jebel Ali) → New York / NJ
SHP00293,P009,P010,C009,2023-02-22,2023-03-05,2023-03-10,2950.2,Delayed,5.0,False,16.0,2023-02,2023,Hapag-Lloyd,Ocean,4.0,Germany,New York / NJ,North America,0.8,High,Colombo,South Asia,0.55,Low,0.0,25.0,New York / NJ → Colombo
SHP00294,P007,P001,C005,2023-02-28,2023-03-16,2023-03-16,3457.62,Delivered,0.0,True,16.0,2023-02,2023,DHL Global,Air,4.7,Germany,Busan,Asia Pacific,0.78,High,Shanghai,Asia Pacific,0.92,Critical,1.0,18.1,Busan → Shanghai
SHP00295,P004,P011,C009,2022-06-23,2022-07-13,2022-07-16,3136.56,Delayed,3.0,False,23.0,2022-06,2022,Hapag-Lloyd,Ocean,4.0,Germany,Los Angeles,North America,0.85,Critical,Tanjung Pelepas,Asia Pacific,0.6,Medium,0.0,22.8,Los Angeles → Tanjung Pelepas
SHP00296,P005,P008,C005,2023-05-11,2023-05-25,2023-05-25,2166.18,Delivered,0.0,True,14.0,2023-05,2023,DHL Global,Air,4.7,Germany,Dubai (Jebel Ali),Middle East,0.74,Medium,Antwerp,Europe,0.65,Medium,0.0,14.7,Dubai (Jebel Ali) → Antwerp
SHP00297,P011,P008,C010,2023-09-24,2023-10-17,2023-10-17,4512.58,Delivered,0.0,True,23.0,2023-09,2023,COSCO Shipping,Ocean,3.6,China,Tanjung Pelepas,Asia Pacific,0.6,Medium,Antwerp,Europe,0.65,Medium,0.0,22.8,Tanjung Pelepas → Antwerp
SHP00298,P007,P006,C008,2022-12-09,2023-01-04,2023-01-04,6460.43,Delivered,0.0,True,26.0,2022-12,2022,Kuehne+Nagel,Multi,4.4,Switzerland,Busan,Asia Pacific,0.78,High,Hamburg,Europe,0.62,Medium,0.0,33.9,Busan → Hamburg
SHP00299,P003,P006,C006,2023-09-10,2023-09-23,2023-09-23,1877.17,Delivered,0.0,True,13.0,2023-09,2023,FedEx Freight,Air,4.6,USA,Rotterdam,Europe,0.68,Medium,Hamburg,Europe,0.62,Medium,0.0,22.8,Rotterdam → Hamburg
SHP00300,P011,P008,C010,2024-03-11,2024-04-03,2024-04-03,4681.51,Delivered,0.0,True,23.0,2024-03,2024,COSCO Shipping,Ocean,3.6,China,Tanjung Pelepas,Asia Pacific,0.6,Medium,Antwerp,Europe,0.65,Medium,0.0,22.8,Tanjung Pelepas → Antwerp
SHP00301,P006,P002,C010,2022-07-24,2022-08-22,2022-08-22,4149.53,Delivered,0.0,True,29.0,2022-07,2022,COSCO Shipping,Ocean,3.6,China,Hamburg,Europe,0.62,Medium,Singapore,Asia Pacific,0.71,Medium,0.0,22.2,Hamburg → Singapore
SHP00302,P012,P004,C008,2024-03-27,2024-04-10,2024-04-10,1917.31,Delivered,0.0,True,14.0,2024-03,2024,Kuehne+Nagel,Multi,4.4,Switzerland,Long Beach,North America,0.83,High,Los Angeles,North America,0.85,Critical,0.0,21.1,Long Beach → Los Angeles
SHP00303,P007,P012,C008,2022-05-23,2022-06-10,2022-06-10,3894.22,Delivered,0.0,True,18.0,2022-05,2022,Kuehne+Nagel,Multi,4.4,Switzerland,Busan,Asia Pacific,0.78,High,Long Beach,North America,0.83,High,0.0,22.8,Busan → Long Beach
SHP00304,P010,P008,C010,2023-02-15,2023-03-13,2023-03-13,4742.71,Delivered,0.0,True,26.0,2023-02,2023,COSCO Shipping,Ocean,3.6,China,Colombo,South Asia,0.55,Low,Antwerp,Europe,0.65,Medium,0.0,22.8,Colombo → Antwerp
SHP00305,P009,P001,C006,2023-12-20,2024-01-11,2024-01-11,4983.68,Delivered,0.0,True,22.0,2023-12,2023,FedEx Freight,Air,4.6,USA,New York / NJ,North America,0.8,High,Shanghai,Asia Pacific,0.92,Critical,0.0,22.8,New York / NJ → Shanghai
SHP00306,P003,P012,C010,2022-02-15,2022-03-01,2022-03-01,3010.05,Delivered,0.0,True,14.0,2022-02,2022,COSCO Shipping,Ocean,3.6,China,Rotterdam,Europe,0.68,Medium,Long Beach,North America,0.83,High,0.0,5.3,Rotterdam → Long Beach
SHP00307,P006,P008,C002,2022-01-11,2022-01-22,2022-01-22,2021.43,Delivered,0.0,True,11.0,2022-01,2022,MSC,Ocean,4.3,Switzerland,Hamburg,Europe,0.62,Medium,Antwerp,Europe,0.65,Medium,0.0,22.8,Hamburg → Antwerp
SHP00308,P008,P006,C007,2023-04-20,2023-05-10,2023-05-10,2563.03,Delivered,0.0,True,20.0,2023-04,2023,DB Schenker,Rail,4.2,Germany,Antwerp,Europe,0.65,Medium,Hamburg,Europe,0.62,Medium,1.0,22.4,Antwerp → Hamburg
SHP00309,P001,P009,C002,2022-10-30,2022-11-19,2022-11-19,3256.06,Delivered,0.0,True,20.0,2022-10,2022,MSC,Ocean,4.3,Switzerland,Shanghai,Asia Pacific,0.92,Critical,New York / NJ,North America,0.8,High,0.0,22.8,Shanghai → New York / NJ
SHP00310,P006,P009,C004,2023-06-18,2023-07-01,2023-07-01,1277.22,Delivered,0.0,True,13.0,2023-06,2023,Evergreen Marine,Ocean,3.8,Taiwan,Hamburg,Europe,0.62,Medium,New York / NJ,North America,0.8,High,0.0,22.8,Hamburg → New York / NJ
SHP00311,P008,P006,C002,2022-11-04,2022-11-14,2022-11-14,2508.29,Delivered,0.0,True,10.0,2022-11,2022,MSC,Ocean,4.3,Switzerland,Antwerp,Europe,0.65,Medium,Hamburg,Europe,0.62,Medium,0.0,22.8,Antwerp → Hamburg
SHP00312,P003,P005,C009,2022-06-28,2022-07-10,2022-07-11,1563.01,Delayed,1.0,False,13.0,2022-06,2022,Hapag-Lloyd,Ocean,4.0,Germany,Rotterdam,Europe,0.68,Medium,Dubai (Jebel Ali),Middle East,0.74,Medium,0.0,22.8,Rotterdam → Dubai (Jebel Ali)
SHP00313,P004,P008,C003,2022-07-10,2022-07-25,2022-07-25,2384.79,Delivered,0.0,True,15.0,2022-07,2022,CMA CGM,Ocean,4.1,France,Los Angeles,North America,0.85,Critical,Antwerp,Europe,0.65,Medium,0.0,22.8,Los Angeles → Antwerp
SHP00314,P007,P008,C001,2023-12-23,2024-01-15,2024-01-15,5130.33,Delivered,0.0,True,23.0,2023-12,2023,Maersk Line,Ocean,4.5,Denmark,Busan,Asia Pacific,0.78,High,Antwerp,Europe,0.65,Medium,0.0,22.8,Busan → Antwerp
SHP00315,P002,P011,C002,2024-03-29,2024-04-16,2024-04-16,2024.52,Delivered,0.0,True,18.0,2024-03,2024,MSC,Ocean,4.3,Switzerland,Singapore,Asia Pacific,0.71,Medium,Tanjung Pelepas,Asia Pacific,0.6,Medium,0.0,22.8,Singapore → Tanjung Pelepas
SHP00316,P009,P012,C006,2023-09-04,2023-09-20,2023-09-20,2955.33,Delivered,0.0,True,16.0,2023-09,2023,FedEx Freight,Air,4.6,USA,New York / NJ,North America,0.8,High,Long Beach,North America,0.83,High,0.0,22.8,New York / NJ → Long Beach
SHP00317,P008,P011,C003,2024-04-13,2024-05-13,2024-05-13,4487.33,In Transit,0.0,True,30.0,2024-04,2024,CMA CGM,Ocean,4.1,France,Antwerp,Europe,0.65,Medium,Tanjung Pelepas,Asia Pacific,0.6,Medium,0.0,22.8,Antwerp → Tanjung Pelepas
SHP00318,P004,P006,C002,2022-07-07,2022-07-19,2022-07-19,2537.48,Delivered,0.0,True,12.0,2022-07,2022,MSC,Ocean,4.3,Switzerland,Los Angeles,North America,0.85,Critical,Hamburg,Europe,0.62,Medium,0.0,22.8,Los Angeles → Hamburg
SHP00319,P003,P011,C007,2023-03-10,2023-04-01,2023-04-01,6399.93,Delivered,0.0,True,22.0,2023-03,2023,DB Schenker,Rail,4.2,Germany,Rotterdam,Europe,0.68,Medium,Tanjung Pelepas,Asia Pacific,0.6,Medium,0.0,22.8,Rotterdam → Tanjung Pelepas
SHP00320,P003,P009,C005,2022-05-24,2022-06-04,2022-06-04,2102.94,Delivered,0.0,True,11.0,2022-05,2022,DHL Global,Air,4.7,Germany,Rotterdam,Europe,0.68,Medium,New York / NJ,North America,0.8,High,0.0,22.8,Rotterdam → New York / NJ
SHP00321,P006,P001,C008,2022-05-20,2022-06-12,2022-06-12,6168.13,Delivered,0.0,True,23.0,2022-05,2022,Kuehne+Nagel,Multi,4.4,Switzerland,Hamburg,Europe,0.62,Medium,Shanghai,Asia Pacific,0.92,Critical,0.0,22.8,Hamburg → Shanghai
SHP00322,P007,P009,C008,2022-06-21,2022-07-06,2022-07-06,4353.72,Delivered,0.0,True,15.0,2022-06,2022,Kuehne+Nagel,Multi,4.4,Switzerland,Busan,Asia Pacific,0.78,High,New York / NJ,North America,0.8,High,0.0,24.1,Busan → New York / NJ
SHP00323,P001,P006,C004,2023-07-05,2023-07-29,2023-08-01,4957.59,Delayed,3.0,False,27.0,2023-07,2023,Evergreen Marine,Ocean,3.8,Taiwan,Shanghai,Asia Pacific,0.92,Critical,Hamburg,Europe,0.62,Medium,0.0,22.8,Shanghai → Hamburg
SHP00324,P002,P011,C002,2022-10-02,2022-10-20,2022-10-20,1610.54,Delivered,0.0,True,18.0,2022-10,2022,MSC,Ocean,4.3,Switzerland,Singapore,Asia Pacific,0.71,Medium,Tanjung Pelepas,Asia Pacific,0.6,Medium,0.0,22.8,Singapore → Tanjung Pelepas
SHP00325,P001,P009,C009,2022-08-12,2022-09-01,2022-09-02,4316.37,Delayed,1.0,False,21.0,2022-08,2022,Hapag-Lloyd,Ocean,4.0,Germany,Shanghai,Asia Pacific,0.92,Critical,New York / NJ,North America,0.8,High,0.0,22.8,Shanghai → New York / NJ
SHP00326,P008,P005,C006,2024-06-01,2024-06-15,2024-06-15,2200.78,In Transit,0.0,True,14.0,2024-06,2024,FedEx Freight,Air,4.6,USA,Antwerp,Europe,0.65,Medium,Dubai (Jebel Ali),Middle East,0.74,Medium,0.0,31.2,Antwerp → Dubai (Jebel Ali)
SHP00327,P004,P005,C010,2023-12-07,2023-12-30,2023-12-30,4193.45,Delivered,0.0,True,23.0,2023-12,2023,COSCO Shipping,Ocean,3.6,China,Los Angeles,North America,0.85,Critical,Dubai (Jebel Ali),Middle East,0.74,Medium,3.0,55.5,Los Angeles → Dubai (Jebel Ali)
SHP00328,P004,P001,C010,2022-12-26,2023-01-17,2023-01-26,3906.39,Delayed,9.0,False,31.0,2022-12,2022,COSCO Shipping,Ocean,3.6,China,Los Angeles,North America,0.85,Critical,Shanghai,Asia Pacific,0.92,Critical,0.0,22.8,Los Angeles → Shanghai
SHP00329,P012,P005,C005,2023-08-10,2023-09-01,2023-09-01,5715.66,Delivered,0.0,True,22.0,2023-08,2023,DHL Global,Air,4.7,Germany,Long Beach,North America,0.83,High,Dubai (Jebel Ali),Middle East,0.74,Medium,0.0,22.8,Long Beach → Dubai (Jebel Ali)
SHP00330,P007,P001,C005,2024-06-06,2024-06-26,2024-06-26,2762.38,In Transit,0.0,True,20.0,2024-06,2024,DHL Global,Air,4.7,Germany,Busan,Asia Pacific,0.78,High,Shanghai,Asia Pacific,0.92,Critical,0.0,22.8,Busan → Shanghai
SHP00331,P006,P004,C007,2023-05-17,2023-05-28,2023-05-28,1827.41,Delivered,0.0,True,11.0,2023-05,2023,DB Schenker,Rail,4.2,Germany,Hamburg,Europe,0.62,Medium,Los Angeles,North America,0.85,Critical,1.0,33.1,Hamburg → Los Angeles
SHP00332,P002,P008,C009,2024-02-07,2024-03-02,2024-03-02,6580.2,Delivered,0.0,True,24.0,2024-02,2024,Hapag-Lloyd,Ocean,4.0,Germany,Singapore,Asia Pacific,0.71,Medium,Antwerp,Europe,0.65,Medium,0.0,22.8,Singapore → Antwerp
SHP00333,P008,P006,C010,2022-01-03,2022-01-14,2022-01-14,2219.47,Delivered,0.0,True,11.0,2022-01,2022,COSCO Shipping,Ocean,3.6,China,Antwerp,Europe,0.65,Medium,Hamburg,Europe,0.62,Medium,0.0,22.8,Antwerp → Hamburg
SHP00334,P009,P007,C004,2023-03-16,2023-04-02,2023-04-02,2824.45,Delivered,0.0,True,17.0,2023-03,2023,Evergreen Marine,Ocean,3.8,Taiwan,New York / NJ,North America,0.8,High,Busan,Asia Pacific,0.78,High,0.0,22.8,New York / NJ → Busan
SHP00335,P009,P011,C003,2023-08-03,2023-08-24,2023-08-24,4489.42,Delivered,0.0,True,21.0,2023-08,2023,CMA CGM,Ocean,4.1,France,New York / NJ,North America,0.8,High,Tanjung Pelepas,Asia Pacific,0.6,Medium,0.0,26.6,New York / NJ → Tanjung Pelepas
SHP00336,P008,P001,C002,2024-05-28,2024-06-19,2024-06-19,3679.52,Delivered,0.0,True,22.0,2024-05,2024,MSC,Ocean,4.3,Switzerland,Antwerp,Europe,0.65,Medium,Shanghai,Asia Pacific,0.92,Critical,0.0,22.8,Antwerp → Shanghai
SHP00337,P012,P003,C005,2022-06-12,2022-06-28,2022-06-28,2179.07,Delivered,0.0,True,16.0,2022-06,2022,DHL Global,Air,4.7,Germany,Long Beach,North America,0.83,High,Rotterdam,Europe,0.68,Medium,2.0,67.9,Long Beach → Rotterdam
SHP00338,P011,P003,C001,2023-02-10,2023-03-12,2023-03-12,5689.7,Delivered,0.0,True,30.0,2023-02,2023,Maersk Line,Ocean,4.5,Denmark,Tanjung Pelepas,Asia Pacific,0.6,Medium,Rotterdam,Europe,0.68,Medium,1.0,6.6,Tanjung Pelepas → Rotterdam
SHP00340,P012,P006,C002,2024-05-30,2024-06-12,2024-06-12,3373.13,In Transit,0.0,True,13.0,2024-05,2024,MSC,Ocean,4.3,Switzerland,Long Beach,North America,0.83,High,Hamburg,Europe,0.62,Medium,0.0,22.8,Long Beach → Hamburg
SHP00341,P012,P002,C002,2022-11-17,2022-12-06,2022-12-06,3090.09,Delivered,0.0,True,19.0,2022-11,2022,MSC,Ocean,4.3,Switzerland,Long Beach,North America,0.83,High,Singapore,Asia Pacific,0.71,Medium,0.0,22.8,Long Beach → Singapore
SHP00342,P011,P003,C002,2023-06-28,2023-07-27,2023-07-29,4939.65,Delayed,2.0,False,31.0,2023-06,2023,MSC,Ocean,4.3,Switzerland,Tanjung Pelepas,Asia Pacific,0.6,Medium,Rotterdam,Europe,0.68,Medium,0.0,11.6,Tanjung Pelepas → Rotterdam
SHP00343,P012,P004,C003,2023-02-26,2023-03-17,2023-03-17,3344.93,Delivered,0.0,True,19.0,2023-02,2023,CMA CGM,Ocean,4.1,France,Long Beach,North America,0.83,High,Los Angeles,North America,0.85,Critical,0.0,22.8,Long Beach → Los Angeles
SHP00344,P010,P007,C006,2023-03-16,2023-03-23,2023-03-23,1287.13,Delivered,0.0,True,7.0,2023-03,2023,FedEx Freight,Air,4.6,USA,Colombo,South Asia,0.55,Low,Busan,Asia Pacific,0.78,High,0.0,22.8,Colombo → Busan
SHP00345,P004,P010,C010,2023-09-07,2023-09-26,2023-09-26,4097.97,Delivered,0.0,True,19.0,2023-09,2023,COSCO Shipping,Ocean,3.6,China,Los Angeles,North America,0.85,Critical,Colombo,South Asia,0.55,Low,0.0,22.8,Los Angeles → Colombo
SHP00346,P004,P010,C010,2023-06-06,2023-06-19,2023-06-19,2394.01,Delivered,0.0,True,13.0,2023-06,2023,COSCO Shipping,Ocean,3.6,China,Los Angeles,North America,0.85,Critical,Colombo,South Asia,0.55,Low,0.0,22.8,Los Angeles → Colombo
SHP00347,P004,P009,C007,2022-04-26,2022-05-09,2022-05-09,1421.63,Delivered,0.0,True,13.0,2022-04,2022,DB Schenker,Rail,4.2,Germany,Los Angeles,North America,0.85,Critical,New York / NJ,North America,0.8,High,0.0,22.8,Los Angeles → New York / NJ
SHP00348,P006,P003,C007,2024-05-31,2024-06-19,2024-06-19,2464.74,In Transit,0.0,True,19.0,2024-05,2024,DB Schenker,Rail,4.2,Germany,Hamburg,Europe,0.62,Medium,Rotterdam,Europe,0.68,Medium,0.0,22.8,Hamburg → Rotterdam
SHP00349,P002,P001,C010,2022-03-11,2022-03-21,2022-03-25,2690.08,Delayed,4.0,False,14.0,2022-03,2022,COSCO Shipping,Ocean,3.6,China,Singapore,Asia Pacific,0.71,Medium,Shanghai,Asia Pacific,0.92,Critical,0.0,27.9,Singapore → Shanghai
SHP00350,P011,P009,C007,2023-03-10,2023-03-30,2023-04-01,4098.93,Delayed,2.0,False,22.0,2023-03,2023,DB Schenker,Rail,4.2,Germany,Tanjung Pelepas,Asia Pacific,0.6,Medium,New York / NJ,North America,0.8,High,0.0,22.8,Tanjung Pelepas → New York / NJ
SHP00351,P005,P002,C005,2022-03-22,2022-04-03,2022-04-03,3023.35,Delivered,0.0,True,12.0,2022-03,2022,DHL Global,Air,4.7,Germany,Dubai (Jebel Ali),Middle East,0.74,Medium,Singapore,Asia Pacific,0.71,Medium,0.0,22.8,Dubai (Jebel Ali) → Singapore
SHP00352,P011,P012,C002,2022-11-14,2022-12-04,2022-12-04,4814.99,Delivered,0.0,True,20.0,2022-11,2022,MSC,Ocean,4.3,Switzerland,Tanjung Pelepas,Asia Pacific,0.6,Medium,Long Beach,North America,0.83,High,0.0,22.8,Tanjung Pelepas → Long Beach
SHP00353,P002,P008,C002,2023-04-10,2023-05-09,2023-05-09,4708.98,Delivered,0.0,True,29.0,2023-04,2023,MSC,Ocean,4.3,Switzerland,Singapore,Asia Pacific,0.71,Medium,Antwerp,Europe,0.65,Medium,0.0,22.8,Singapore → Antwerp
SHP00354,P012,P003,C001,2022-06-17,2022-06-30,2022-06-30,1914.44,Delivered,0.0,True,13.0,2022-06,2022,Maersk Line,Ocean,4.5,Denmark,Long Beach,North America,0.83,High,Rotterdam,Europe,0.68,Medium,0.0,22.8,Long Beach → Rotterdam
SHP00355,P012,P005,C003,2023-01-16,2023-02-05,2023-02-05,5675.47,Delivered,0.0,True,20.0,2023-01,2023,CMA CGM,Ocean,4.1,France,Long Beach,North America,0.83,High,Dubai (Jebel Ali),Middle East,0.74,Medium,0.0,22.8,Long Beach → Dubai (Jebel Ali)
SHP00356,P006,P008,C005,2023-06-21,2023-07-02,2023-07-02,3219.73,Delivered,0.0,True,11.0,2023-06,2023,DHL Global,Air,4.7,Germany,Hamburg,Europe,0.62,Medium,Antwerp,Europe,0.65,Medium,0.0,22.8,Hamburg → Antwerp
SHP00357,P008,P009,C009,2023-01-04,2023-01-14,2023-01-14,2438.78,Delivered,0.0,True,10.0,2023-01,2023,Hapag-Lloyd,Ocean,4.0,Germany,Antwerp,Europe,0.65,Medium,New York / NJ,North America,0.8,High,0.0,22.8,Antwerp → New York / NJ
SHP00358,P010,P012,C002,2022-08-22,2022-09-09,2022-09-12,3477.83,Delayed,3.0,False,21.0,2022-08,2022,MSC,Ocean,4.3,Switzerland,Colombo,South Asia,0.55,Low,Long Beach,North America,0.83,High,0.0,22.8,Colombo → Long Beach
SHP00359,P001,P009,C006,2023-01-28,2023-02-13,2023-02-13,5668.94,Delivered,0.0,True,16.0,2023-01,2023,FedEx Freight,Air,4.6,USA,Shanghai,Asia Pacific,0.92,Critical,New York / NJ,North America,0.8,High,0.0,22.8,Shanghai → New York / NJ
SHP00360,P011,P007,C004,2022-11-26,2022-12-09,2022-12-09,3074.45,Delivered,0.0,True,13.0,2022-11,2022,Evergreen Marine,Ocean,3.8,Taiwan,Tanjung Pelepas,Asia Pacific,0.6,Medium,Busan,Asia Pacific,0.78,High,0.0,22.8,Tanjung Pelepas → Busan
SHP00361,P002,P011,C006,2022-05-03,2022-05-21,2022-05-21,2139.61,Delivered,0.0,True,18.0,2022-05,2022,FedEx Freight,Air,4.6,USA,Singapore,Asia Pacific,0.71,Medium,Tanjung Pelepas,Asia Pacific,0.6,Medium,0.0,22.8,Singapore → Tanjung Pelepas
SHP00362,P007,P002,C008,2024-06-05,2024-06-19,2024-06-19,2989.53,In Transit,0.0,True,14.0,2024-06,2024,Kuehne+Nagel,Multi,4.4,Switzerland,Busan,Asia Pacific,0.78,High,Singapore,Asia Pacific,0.71,Medium,0.0,22.8,Busan → Singapore
SHP00363,P001,P007,C004,2022-10-26,2022-11-14,2022-11-14,2925.78,Delivered,0.0,True,19.0,2022-10,2022,Evergreen Marine,Ocean,3.8,Taiwan,Shanghai,Asia Pacific,0.92,Critical,Busan,Asia Pacific,0.78,High,0.0,22.8,Shanghai → Busan
SHP00364,P004,P010,C004,2022-06-04,2022-06-14,2022-06-14,2356.18,Delivered,0.0,True,10.0,2022-06,2022,Evergreen Marine,Ocean,3.8,Taiwan,Los Angeles,North America,0.85,Critical,Colombo,South Asia,0.55,Low,0.0,22.8,Los Angeles → Colombo
SHP00365,P011,P001,C006,2022-01-02,2022-01-22,2022-01-22,2962.85,Delivered,0.0,True,20.0,2022-01,2022,FedEx Freight,Air,4.6,USA,Tanjung Pelepas,Asia Pacific,0.6,Medium,Shanghai,Asia Pacific,0.92,Critical,0.0,22.8,Tanjung Pelepas → Shanghai
SHP00366,P007,P009,C001,2022-05-26,2022-06-13,2022-06-16,4988.73,Delayed,3.0,False,21.0,2022-05,2022,Maersk Line,Ocean,4.5,Denmark,Busan,Asia Pacific,0.78,High,New York / NJ,North America,0.8,High,0.0,22.8,Busan → New York / NJ
SHP00367,P009,P007,C006,2023-04-15,2023-04-30,2023-04-30,3493.7,Delivered,0.0,True,15.0,2023-04,2023,FedEx Freight,Air,4.6,USA,New York / NJ,North America,0.8,High,Busan,Asia Pacific,0.78,High,0.0,22.8,New York / NJ → Busan
SHP00368,P001,P008,C003,2022-08-31,2022-09-24,2022-09-24,4316.99,Delivered,0.0,True,24.0,2022-08,2022,CMA CGM,Ocean,4.1,France,Shanghai,Asia Pacific,0.92,Critical,Antwerp,Europe,0.65,Medium,0.0,22.8,Shanghai → Antwerp
SHP00369,P012,P006,C006,2023-04-09,2023-04-21,2023-04-21,3958.13,Delivered,0.0,True,12.0,2023-04,2023,FedEx Freight,Air,4.6,USA,Long Beach,North America,0.83,High,Hamburg,Europe,0.62,Medium,0.0,22.8,Long Beach → Hamburg
SHP00370,P002,P004,C008,2023-04-23,2023-05-12,2023-05-12,4474.58,Delivered,0.0,True,19.0,2023-04,2023,Kuehne+Nagel,Multi,4.4,Switzerland,Singapore,Asia Pacific,0.71,Medium,Los Angeles,North America,0.85,Critical,0.0,27.4,Singapore → Los Angeles
SHP00371,P004,P009,C005,2023-04-20,2023-05-04,2023-05-04,2262.32,Delivered,0.0,True,14.0,2023-04,2023,DHL Global,Air,4.7,Germany,Los Angeles,North America,0.85,Critical,New York / NJ,North America,0.8,High,1.0,14.8,Los Angeles → New York / NJ
SHP00372,P010,P001,C004,2024-05-05,2024-05-12,2024-05-13,1033.08,Delivered,1.0,False,8.0,2024-05,2024,Evergreen Marine,Ocean,3.8,Taiwan,Colombo,South Asia,0.55,Low,Shanghai,Asia Pacific,0.92,Critical,0.0,21.4,Colombo → Shanghai
SHP00373,P001,P012,C005,2022-09-24,2022-10-10,2022-10-23,2837.53,Delayed,13.0,False,29.0,2022-09,2022,DHL Global,Air,4.7,Germany,Shanghai,Asia Pacific,0.92,Critical,Long Beach,North America,0.83,High,0.0,22.8,Shanghai → Long Beach
SHP00374,P008,P002,C003,2022-05-05,2022-05-25,2022-05-31,6310.07,Delayed,6.0,False,26.0,2022-05,2022,CMA CGM,Ocean,4.1,France,Antwerp,Europe,0.65,Medium,Singapore,Asia Pacific,0.71,Medium,0.0,22.8,Antwerp → Singapore
SHP00375,P004,P008,C006,2023-12-04,2023-12-19,2023-12-19,1129.23,Delivered,0.0,True,15.0,2023-12,2023,FedEx Freight,Air,4.6,USA,Los Angeles,North America,0.85,Critical,Antwerp,Europe,0.65,Medium,0.0,15.0,Los Angeles → Antwerp
SHP00376,P002,P005,C008,2024-04-08,2024-04-17,2024-04-27,1985.76,Delivered,10.0,False,19.0,2024-04,2024,Kuehne+Nagel,Multi,4.4,Switzerland,Singapore,Asia Pacific,0.71,Medium,Dubai (Jebel Ali),Middle East,0.74,Medium,0.0,5.8,Singapore → Dubai (Jebel Ali)
SHP00377,P008,P001,C003,2023-08-11,2023-09-06,2023-09-06,5677.04,Delivered,0.0,True,26.0,2023-08,2023,CMA CGM,Ocean,4.1,France,Antwerp,Europe,0.65,Medium,Shanghai,Asia Pacific,0.92,Critical,0.0,22.8,Antwerp → Shanghai
SHP00378,P004,P003,C005,2022-10-14,2022-10-27,2022-10-27,2165.6,Delivered,0.0,True,13.0,2022-10,2022,DHL Global,Air,4.7,Germany,Los Angeles,North America,0.85,Critical,Rotterdam,Europe,0.68,Medium,0.0,22.8,Los Angeles → Rotterdam
SHP00379,P004,P012,C005,2023-05-26,2023-06-11,2023-06-11,3126.44,Delivered,0.0,True,16.0,2023-05,2023,DHL Global,Air,4.7,Germany,Los Angeles,North America,0.85,Critical,Long Beach,North America,0.83,High,0.0,15.8,Los Angeles → Long Beach
SHP00380,P011,P009,C004,2023-10-08,2023-10-30,2023-10-30,4823.58,Delivered,0.0,True,22.0,2023-10,2023,Evergreen Marine,Ocean,3.8,Taiwan,Tanjung Pelepas,Asia Pacific,0.6,Medium,New York / NJ,North America,0.8,High,0.0,34.4,Tanjung Pelepas → New York / NJ
SHP00381,P006,P009,C009,2024-03-11,2024-03-24,2024-03-24,2522.92,Delivered,0.0,True,13.0,2024-03,2024,Hapag-Lloyd,Ocean,4.0,Germany,Hamburg,Europe,0.62,Medium,New York / NJ,North America,0.8,High,0.0,22.8,Hamburg → New York / NJ
SHP00382,P010,P004,C001,2024-04-10,2024-04-24,2024-05-02,3800.74,Delivered,8.0,False,22.0,2024-04,2024,Maersk Line,Ocean,4.5,Denmark,Colombo,South Asia,0.55,Low,Los Angeles,North America,0.85,Critical,0.0,22.8,Colombo → Los Angeles
SHP00383,P004,P003,C002,2022-09-11,2022-09-26,2022-09-26,2919.58,Delivered,0.0,True,15.0,2022-09,2022,MSC,Ocean,4.3,Switzerland,Los Angeles,North America,0.85,Critical,Rotterdam,Europe,0.68,Medium,0.0,22.8,Los Angeles → Rotterdam
SHP00384,P004,P011,C007,2022-12-30,2023-01-15,2023-01-15,3097.51,Delivered,0.0,True,16.0,2022-12,2022,DB Schenker,Rail,4.2,Germany,Los Angeles,North America,0.85,Critical,Tanjung Pelepas,Asia Pacific,0.6,Medium,0.0,24.6,Los Angeles → Tanjung Pelepas
SHP00385,P012,P006,C010,2022-01-29,2022-02-13,2022-02-13,2558.85,Delivered,0.0,True,15.0,2022-01,2022,COSCO Shipping,Ocean,3.6,China,Long Beach,North America,0.83,High,Hamburg,Europe,0.62,Medium,0.0,22.8,Long Beach → Hamburg
SHP00386,P008,P010,C005,2022-06-29,2022-07-24,2022-07-28,3455.8,Delayed,4.0,False,29.0,2022-06,2022,DHL Global,Air,4.7,Germany,Antwerp,Europe,0.65,Medium,Colombo,South Asia,0.55,Low,0.0,22.8,Antwerp → Colombo
SHP00387,P001,P010,C008,2022-01-01,2022-01-08,2022-01-08,1657.99,Delivered,0.0,True,7.0,2022-01,2022,Kuehne+Nagel,Multi,4.4,Switzerland,Shanghai,Asia Pacific,0.92,Critical,Colombo,South Asia,0.55,Low,1.0,30.4,Shanghai → Colombo
SHP00388,P006,P001,C001,2022-06-01,2022-06-30,2022-06-30,4897.11,Delivered,0.0,True,29.0,2022-06,2022,Maersk Line,Ocean,4.5,Denmark,Hamburg,Europe,0.62,Medium,Shanghai,Asia Pacific,0.92,Critical,0.0,22.8,Hamburg → Shanghai
SHP00389,P009,P006,C002,2023-01-18,2023-02-02,2023-02-02,2845.71,Delivered,0.0,True,15.0,2023-01,2023,MSC,Ocean,4.3,Switzerland,New York / NJ,North America,0.8,High,Hamburg,Europe,0.62,Medium,0.0,22.8,New York / NJ → Hamburg
SHP00390,P003,P008,C008,2023-10-27,2023-11-11,2023-11-11,3634.81,Delivered,0.0,True,15.0,2023-10,2023,Kuehne+Nagel,Multi,4.4,Switzerland,Rotterdam,Europe,0.68,Medium,Antwerp,Europe,0.65,Medium,0.0,22.8,Rotterdam → Antwerp
SHP00392,P012,P010,C007,2024-05-21,2024-06-09,2024-06-18,3091.99,In Transit,9.0,False,28.0,2024-05,2024,DB Schenker,Rail,4.2,Germany,Long Beach,North America,0.83,High,Colombo,South Asia,0.55,Low,0.0,22.8,Long Beach → Colombo
SHP00393,P002,P009,C003,2022-12-06,2022-12-21,2022-12-21,5172.21,Delivered,0.0,True,15.0,2022-12,2022,CMA CGM,Ocean,4.1,France,Singapore,Asia Pacific,0.71,Medium,New York / NJ,North America,0.8,High,0.0,34.7,Singapore → New York / NJ
SHP00394,P012,P011,C006,2023-04-03,2023-04-17,2023-04-17,4179.03,Delivered,0.0,True,14.0,2023-04,2023,FedEx Freight,Air,4.6,USA,Long Beach,North America,0.83,High,Tanjung Pelepas,Asia Pacific,0.6,Medium,0.0,22.8,Long Beach → Tanjung Pelepas
SHP00395,P005,P002,C001,2022-02-19,2022-03-02,2022-03-02,2322.21,Delivered,0.0,True,11.0,2022-02,2022,Maersk Line,Ocean,4.5,Denmark,Dubai (Jebel Ali),Middle East,0.74,Medium,Singapore,Asia Pacific,0.71,Medium,0.0,22.8,Dubai (Jebel Ali) → Singapore
SHP00396,P006,P010,C007,2022-04-14,2022-05-09,2022-05-09,5406.87,Delivered,0.0,True,25.0,2022-04,2022,DB Schenker,Rail,4.2,Germany,Hamburg,Europe,0.62,Medium,Colombo,South Asia,0.55,Low,0.0,22.8,Hamburg → Colombo
SHP00397,P004,P003,C008,2022-03-17,2022-04-02,2022-04-02,1857.16,Delivered,0.0,True,16.0,2022-03,2022,Kuehne+Nagel,Multi,4.4,Switzerland,Los Angeles,North America,0.85,Critical,Rotterdam,Europe,0.68,Medium,0.0,20.3,Los Angeles → Rotterdam
SHP00398,P003,P008,C003,2024-01-20,2024-01-31,2024-01-31,4321.94,Delivered,0.0,True,11.0,2024-01,2024,CMA CGM,Ocean,4.1,France,Rotterdam,Europe,0.68,Medium,Antwerp,Europe,0.65,Medium,0.0,22.8,Rotterdam → Antwerp
SHP00399,P010,P011,C008,2023-12-23,2023-12-28,2023-12-28,1038.45,Delivered,0.0,True,5.0,2023-12,2023,Kuehne+Nagel,Multi,4.4,Switzerland,Colombo,South Asia,0.55,Low,Tanjung Pelepas,Asia Pacific,0.6,Medium,0.0,22.8,Colombo → Tanjung Pelepas
SHP00400,P006,P004,C004,2023-02-24,2023-03-11,2023-03-11,2836.93,Delivered,0.0,True,15.0,2023-02,2023,Evergreen Marine,Ocean,3.8,Taiwan,Hamburg,Europe,0.62,Medium,Los Angeles,North America,0.85,Critical,0.0,22.8,Hamburg → Los Angeles
SHP00401,P011,P005,C005,2022-09-01,2022-09-09,2022-09-10,2434.6,Delayed,1.0,False,9.0,2022-09,2022,DHL Global,Air,4.7,Germany,Tanjung Pelepas,Asia Pacific,0.6,Medium,Dubai (Jebel Ali),Middle East,0.74,Medium,2.0,84.3,Tanjung Pelepas → Dubai (Jebel Ali)
SHP00402,P007,P002,C005,2024-04-23,2024-05-13,2024-05-13,2465.88,In Transit,0.0,True,20.0,2024-04,2024,DHL Global,Air,4.7,Germany,Busan,Asia Pacific,0.78,High,Singapore,Asia Pacific,0.71,Medium,0.0,14.9,Busan → Singapore
SHP00403,P003,P012,C005,2022-03-25,2022-04-07,2022-04-07,1982.61,Delivered,0.0,True,13.0,2022-03,2022,DHL Global,Air,4.7,Germany,Rotterdam,Europe,0.68,Medium,Long Beach,North America,0.83,High,0.0,22.8,Rotterdam → Long Beach
SHP00404,P002,P012,C009,2023-02-01,2023-02-17,2023-02-17,3746.36,Delivered,0.0,True,16.0,2023-02,2023,Hapag-Lloyd,Ocean,4.0,Germany,Singapore,Asia Pacific,0.71,Medium,Long Beach,North America,0.83,High,0.0,21.5,Singapore → Long Beach
SHP00405,P001,P006,C008,2023-04-22,2023-05-16,2023-05-16,5438.7,Delivered,0.0,True,24.0,2023-04,2023,Kuehne+Nagel,Multi,4.4,Switzerland,Shanghai,Asia Pacific,0.92,Critical,Hamburg,Europe,0.62,Medium,0.0,22.8,Shanghai → Hamburg
SHP00406,P002,P012,C006,2024-04-07,2024-04-29,2024-04-29,4670.35,In Transit,0.0,True,22.0,2024-04,2024,FedEx Freight,Air,4.6,USA,Singapore,Asia Pacific,0.71,Medium,Long Beach,North America,0.83,High,0.0,22.8,Singapore → Long Beach
SHP00407,P007,P010,C007,2023-07-03,2023-07-13,2023-07-13,1719.95,Delivered,0.0,True,10.0,2023-07,2023,DB Schenker,Rail,4.2,Germany,Busan,Asia Pacific,0.78,High,Colombo,South Asia,0.55,Low,0.0,22.8,Busan → Colombo
SHP00408,P012,P001,C009,2023-08-08,2023-08-30,2023-08-30,3616.94,Delivered,0.0,True,22.0,2023-08,2023,Hapag-Lloyd,Ocean,4.0,Germany,Long Beach,North America,0.83,High,Shanghai,Asia Pacific,0.92,Critical,0.0,22.8,Long Beach → Shanghai
SHP00409,P002,P009,C003,2022-06-21,2022-07-08,2022-07-08,1578.6,Delivered,0.0,True,17.0,2022-06,2022,CMA CGM,Ocean,4.1,France,Singapore,Asia Pacific,0.71,Medium,New York / NJ,North America,0.8,High,0.0,19.2,Singapore → New York / NJ
SHP00410,P011,P003,C010,2022-09-22,2022-10-17,2022-10-17,6899.42,Delivered,0.0,True,25.0,2022-09,2022,COSCO Shipping,Ocean,3.6,China,Tanjung Pelepas,Asia Pacific,0.6,Medium,Rotterdam,Europe,0.68,Medium,0.0,22.2,Tanjung Pelepas → Rotterdam
SHP00411,P007,P010,C007,2023-07-20,2023-07-27,2023-07-27,1402.98,Delivered,0.0,True,7.0,2023-07,2023,DB Schenker,Rail,4.2,Germany,Busan,Asia Pacific,0.78,High,Colombo,South Asia,0.55,Low,0.0,22.8,Busan → Colombo
SHP00412,P010,P009,C007,2022-04-26,2022-05-12,2022-05-12,2699.23,Delivered,0.0,True,16.0,2022-04,2022,DB Schenker,Rail,4.2,Germany,Colombo,South Asia,0.55,Low,New York / NJ,North America,0.8,High,0.0,22.8,Colombo → New York / NJ
SHP00413,P002,P003,C010,2024-03-09,2024-03-30,2024-03-30,6825.24,Delivered,0.0,True,21.0,2024-03,2024,COSCO Shipping,Ocean,3.6,China,Singapore,Asia Pacific,0.71,Medium,Rotterdam,Europe,0.68,Medium,1.0,22.3,Singapore → Rotterdam
SHP00414,P011,P008,C010,2023-09-16,2023-10-13,2023-10-14,3704.84,Delayed,1.0,False,28.0,2023-09,2023,COSCO Shipping,Ocean,3.6,China,Tanjung Pelepas,Asia Pacific,0.6,Medium,Antwerp,Europe,0.65,Medium,0.0,22.8,Tanjung Pelepas → Antwerp
SHP00415,P010,P012,C007,2022-02-09,2022-02-25,2022-02-25,2455.39,Delivered,0.0,True,16.0,2022-02,2022,DB Schenker,Rail,4.2,Germany,Colombo,South Asia,0.55,Low,Long Beach,North America,0.83,High,0.0,10.2,Colombo → Long Beach
SHP00416,P006,P001,C006,2024-04-17,2024-05-11,2024-05-11,7309.41,In Transit,0.0,True,24.0,2024-04,2024,FedEx Freight,Air,4.6,USA,Hamburg,Europe,0.62,Medium,Shanghai,Asia Pacific,0.92,Critical,1.0,18.5,Hamburg → Shanghai
SHP00417,P004,P003,C005,2024-02-01,2024-02-14,2024-02-14,2374.63,Delivered,0.0,True,13.0,2024-02,2024,DHL Global,Air,4.7,Germany,Los Angeles,North America,0.85,Critical,Rotterdam,Europe,0.68,Medium,0.0,22.8,Los Angeles → Rotterdam
SHP00418,P008,P004,C007,2024-01-29,2024-02-11,2024-02-11,2507.41,Delivered,0.0,True,13.0,2024-01,2024,DB Schenker,Rail,4.2,Germany,Antwerp,Europe,0.65,Medium,Los Angeles,North America,0.85,Critical,0.0,22.8,Antwerp → Los Angeles
SHP00419,P009,P003,C002,2022-11-15,2022-11-30,2022-11-30,2728.42,Delivered,0.0,True,15.0,2022-11,2022,MSC,Ocean,4.3,Switzerland,New York / NJ,North America,0.8,High,Rotterdam,Europe,0.68,Medium,1.0,20.4,New York / NJ → Rotterdam
SHP00420,P004,P005,C001,2022-09-13,2022-10-01,2022-10-01,5170.76,Delivered,0.0,True,18.0,2022-09,2022,Maersk Line,Ocean,4.5,Denmark,Los Angeles,North America,0.85,Critical,Dubai (Jebel Ali),Middle East,0.74,Medium,0.0,6.5,Los Angeles → Dubai (Jebel Ali)
SHP00421,P005,P007,C008,2023-06-02,2023-06-13,2023-06-13,2166.21,Delivered,0.0,True,11.0,2023-06,2023,Kuehne+Nagel,Multi,4.4,Switzerland,Dubai (Jebel Ali),Middle East,0.74,Medium,Busan,Asia Pacific,0.78,High,0.0,22.8,Dubai (Jebel Ali) → Busan
SHP00422,P003,P009,C010,2023-07-19,2023-07-31,2023-07-31,3088.62,Delivered,0.0,True,12.0,2023-07,2023,COSCO Shipping,Ocean,3.6,China,Rotterdam,Europe,0.68,Medium,New York / NJ,North America,0.8,High,0.0,30.2,Rotterdam → New York / NJ
SHP00423,P012,P002,C005,2022-01-29,2022-02-18,2022-02-19,4660.77,Delayed,1.0,False,21.0,2022-01,2022,DHL Global,Air,4.7,Germany,Long Beach,North America,0.83,High,Singapore,Asia Pacific,0.71,Medium,0.0,22.8,Long Beach → Singapore
SHP00424,P004,P012,C004,2022-10-03,2022-10-23,2022-10-23,1530.75,Delivered,0.0,True,20.0,2022-10,2022,Evergreen Marine,Ocean,3.8,Taiwan,Los Angeles,North America,0.85,Critical,Long Beach,North America,0.83,High,0.0,22.8,Los Angeles → Long Beach
SHP00425,P011,P001,C008,2022-05-16,2022-06-05,2022-06-05,3243.86,Delivered,0.0,True,20.0,2022-05,2022,Kuehne+Nagel,Multi,4.4,Switzerland,Tanjung Pelepas,Asia Pacific,0.6,Medium,Shanghai,Asia Pacific,0.92,Critical,0.0,16.3,Tanjung Pelepas → Shanghai
SHP00426,P012,P011,C005,2023-03-10,2023-03-30,2023-03-30,4423.25,Delivered,0.0,True,20.0,2023-03,2023,DHL Global,Air,4.7,Germany,Long Beach,North America,0.83,High,Tanjung Pelepas,Asia Pacific,0.6,Medium,0.0,22.8,Long Beach → Tanjung Pelepas
SHP00427,P005,P012,C009,2024-04-24,2024-05-18,2024-05-18,4691.88,Delivered,0.0,True,24.0,2024-04,2024,Hapag-Lloyd,Ocean,4.0,Germany,Dubai (Jebel Ali),Middle East,0.74,Medium,Long Beach,North America,0.83,High,0.0,22.8,Dubai (Jebel Ali) → Long Beach
SHP00428,P010,P011,C005,2022-11-02,2022-11-12,2022-11-12,1030.7,Delivered,0.0,True,10.0,2022-11,2022,DHL Global,Air,4.7,Germany,Colombo,South Asia,0.55,Low,Tanjung Pelepas,Asia Pacific,0.6,Medium,0.0,22.8,Colombo → Tanjung Pelepas
SHP00429,P011,P006,C005,2022-09-25,2022-10-25,2022-10-25,6598.11,Delivered,0.0,True,30.0,2022-09,2022,DHL Global,Air,4.7,Germany,Tanjung Pelepas,Asia Pacific,0.6,Medium,Hamburg,Europe,0.62,Medium,0.0,30.3,Tanjung Pelepas → Hamburg
SHP00430,P001,P011,C007,2023-11-08,2023-11-23,2023-11-23,3238.85,Delivered,0.0,True,15.0,2023-11,2023,DB Schenker,Rail,4.2,Germany,Shanghai,Asia Pacific,0.92,Critical,Tanjung Pelepas,Asia Pacific,0.6,Medium,0.0,22.8,Shanghai → Tanjung Pelepas
SHP00431,P005,P006,C007,2023-02-19,2023-03-02,2023-03-02,3129.72,Delivered,0.0,True,11.0,2023-02,2023,DB Schenker,Rail,4.2,Germany,Dubai (Jebel Ali),Middle East,0.74,Medium,Hamburg,Europe,0.62,Medium,0.0,28.3,Dubai (Jebel Ali) → Hamburg
SHP00432,P012,P004,C009,2023-10-16,2023-11-02,2023-11-02,2819.92,Delivered,0.0,True,17.0,2023-10,2023,Hapag-Lloyd,Ocean,4.0,Germany,Long Beach,North America,0.83,High,Los Angeles,North America,0.85,Critical,0.0,22.8,Long Beach → Los Angeles
SHP00433,P003,P012,C009,2022-07-05,2022-07-17,2022-07-19,2008.9,Delayed,2.0,False,14.0,2022-07,2022,Hapag-Lloyd,Ocean,4.0,Germany,Rotterdam,Europe,0.68,Medium,Long Beach,North America,0.83,High,0.0,22.8,Rotterdam → Long Beach
SHP00434,P003,P012,C006,2023-11-02,2023-11-12,2023-11-12,3206.09,Delivered,0.0,True,10.0,2023-11,2023,FedEx Freight,Air,4.6,USA,Rotterdam,Europe,0.68,Medium,Long Beach,North America,0.83,High,0.0,22.8,Rotterdam → Long Beach
SHP00435,P007,P006,C006,2022-09-24,2022-10-23,2022-10-23,5523.87,Delivered,0.0,True,29.0,2022-09,2022,FedEx Freight,Air,4.6,USA,Busan,Asia Pacific,0.78,High,Hamburg,Europe,0.62,Medium,0.0,22.8,Busan → Hamburg
SHP00436,P010,P002,C008,2024-06-29,2024-07-05,2024-07-05,1800.43,Delivered,0.0,True,6.0,2024-06,2024,Kuehne+Nagel,Multi,4.4,Switzerland,Colombo,South Asia,0.55,Low,Singapore,Asia Pacific,0.71,Medium,0.0,22.8,Colombo → Singapore
SHP00437,P007,P001,C003,2022-05-21,2022-06-03,2022-06-03,4483.28,Delivered,0.0,True,13.0,2022-05,2022,CMA CGM,Ocean,4.1,France,Busan,Asia Pacific,0.78,High,Shanghai,Asia Pacific,0.92,Critical,0.0,22.8,Busan → Shanghai
SHP00438,P012,P003,C002,2023-05-15,2023-05-27,2023-05-27,1262.58,Delivered,0.0,True,12.0,2023-05,2023,MSC,Ocean,4.3,Switzerland,Long Beach,North America,0.83,High,Rotterdam,Europe,0.68,Medium,0.0,22.8,Long Beach → Rotterdam
SHP00439,P001,P009,C005,2022-08-03,2022-08-19,2022-08-19,3293.12,Delivered,0.0,True,16.0,2022-08,2022,DHL Global,Air,4.7,Germany,Shanghai,Asia Pacific,0.92,Critical,New York / NJ,North America,0.8,High,0.0,22.8,Shanghai → New York / NJ
SHP00440,P007,P012,C007,2023-02-18,2023-03-10,2023-03-10,2605.92,Delivered,0.0,True,20.0,2023-02,2023,DB Schenker,Rail,4.2,Germany,Busan,Asia Pacific,0.78,High,Long Beach,North America,0.83,High,0.0,22.8,Busan → Long Beach
SHP00441,P004,P007,C001,2022-11-26,2022-12-18,2022-12-18,3889.54,Delivered,0.0,True,22.0,2022-11,2022,Maersk Line,Ocean,4.5,Denmark,Los Angeles,North America,0.85,Critical,Busan,Asia Pacific,0.78,High,0.0,22.8,Los Angeles → Busan
SHP00442,P006,P005,C003,2022-04-16,2022-04-27,2022-04-27,1598.16,Delivered,0.0,True,11.0,2022-04,2022,CMA CGM,Ocean,4.1,France,Hamburg,Europe,0.62,Medium,Dubai (Jebel Ali),Middle East,0.74,Medium,0.0,18.1,Hamburg → Dubai (Jebel Ali)
SHP00443,P001,P006,C005,2023-04-12,2023-05-10,2023-05-10,6234.71,Delivered,0.0,True,28.0,2023-04,2023,DHL Global,Air,4.7,Germany,Shanghai,Asia Pacific,0.92,Critical,Hamburg,Europe,0.62,Medium,0.0,22.8,Shanghai → Hamburg
SHP00444,P008,P006,C004,2022-06-18,2022-07-04,2022-07-06,1101.6,Delayed,2.0,False,18.0,2022-06,2022,Evergreen Marine,Ocean,3.8,Taiwan,Antwerp,Europe,0.65,Medium,Hamburg,Europe,0.62,Medium,1.0,30.9,Antwerp → Hamburg
SHP00445,P004,P001,C010,2023-06-01,2023-06-17,2023-06-19,4071.95,Delayed,2.0,False,18.0,2023-06,2023,COSCO Shipping,Ocean,3.6,China,Los Angeles,North America,0.85,Critical,Shanghai,Asia Pacific,0.92,Critical,1.0,18.7,Los Angeles → Shanghai
SHP00446,P009,P011,C001,2023-09-01,2023-09-15,2023-09-15,3637.03,Delivered,0.0,True,14.0,2023-09,2023,Maersk Line,Ocean,4.5,Denmark,New York / NJ,North America,0.8,High,Tanjung Pelepas,Asia Pacific,0.6,Medium,0.0,22.8,New York / NJ → Tanjung Pelepas
SHP00447,P012,P002,C007,2023-03-31,2023-04-20,2023-04-27,3083.22,Delayed,7.0,False,27.0,2023-03,2023,DB Schenker,Rail,4.2,Germany,Long Beach,North America,0.83,High,Singapore,Asia Pacific,0.71,Medium,0.0,22.8,Long Beach → Singapore
SHP00448,P001,P006,C007,2023-11-09,2023-11-30,2023-11-30,4276.12,Delivered,0.0,True,21.0,2023-11,2023,DB Schenker,Rail,4.2,Germany,Shanghai,Asia Pacific,0.92,Critical,Hamburg,Europe,0.62,Medium,0.0,22.8,Shanghai → Hamburg
SHP00449,P003,P008,C002,2023-06-08,2023-06-27,2023-06-27,2346.33,Delivered,0.0,True,19.0,2023-06,2023,MSC,Ocean,4.3,Switzerland,Rotterdam,Europe,0.68,Medium,Antwerp,Europe,0.65,Medium,0.0,22.8,Rotterdam → Antwerp
SHP00450,P005,P010,C004,2023-01-02,2023-01-18,2023-01-18,2105.72,Delivered,0.0,True,16.0,2023-01,2023,Evergreen Marine,Ocean,3.8,Taiwan,Dubai (Jebel Ali),Middle East,0.74,Medium,Colombo,South Asia,0.55,Low,0.0,16.8,Dubai (Jebel Ali) → Colombo
SHP00451,P004,P009,C006,2022-08-29,2022-09-08,2022-09-10,2596.24,Delayed,2.0,False,12.0,2022-08,2022,FedEx Freight,Air,4.6,USA,Los Angeles,North America,0.85,Critical,New York / NJ,North America,0.8,High,0.0,28.4,Los Angeles → New York / NJ
SHP00452,P002,P010,C002,2024-01-11,2024-01-21,2024-01-23,1566.0,Delayed,2.0,False,12.0,2024-01,2024,MSC,Ocean,4.3,Switzerland,Singapore,Asia Pacific,0.71,Medium,Colombo,South Asia,0.55,Low,0.0,22.8,Singapore → Colombo
SHP00453,P005,P006,C008,2022-02-21,2022-03-01,2022-03-01,2876.34,Delivered,0.0,True,8.0,2022-02,2022,Kuehne+Nagel,Multi,4.4,Switzerland,Dubai (Jebel Ali),Middle East,0.74,Medium,Hamburg,Europe,0.62,Medium,1.0,34.5,Dubai (Jebel Ali) → Hamburg
SHP00454,P007,P002,C002,2024-05-21,2024-05-31,2024-06-03,1743.01,In Transit,3.0,False,13.0,2024-05,2024,MSC,Ocean,4.3,Switzerland,Busan,Asia Pacific,0.78,High,Singapore,Asia Pacific,0.71,Medium,0.0,22.8,Busan → Singapore
SHP00455,P008,P011,C005,2024-06-18,2024-07-09,2024-07-09,5379.04,Delivered,0.0,True,21.0,2024-06,2024,DHL Global,Air,4.7,Germany,Antwerp,Europe,0.65,Medium,Tanjung Pelepas,Asia Pacific,0.6,Medium,0.0,22.8,Antwerp → Tanjung Pelepas
SHP00456,P007,P009,C007,2023-10-27,2023-11-12,2023-11-13,4433.59,Delayed,1.0,False,17.0,2023-10,2023,DB Schenker,Rail,4.2,Germany,Busan,Asia Pacific,0.78,High,New York / NJ,North America,0.8,High,0.0,22.8,Busan → New York / NJ
SHP00457,P003,P002,C007,2023-08-28,2023-09-24,2023-09-24,6012.04,Delivered,0.0,True,27.0,2023-08,2023,DB Schenker,Rail,4.2,Germany,Rotterdam,Europe,0.68,Medium,Singapore,Asia Pacific,0.71,Medium,0.0,22.8,Rotterdam → Singapore
SHP00458,P001,P012,C003,2023-05-10,2023-05-31,2023-06-06,3929.58,Delayed,6.0,False,27.0,2023-05,2023,CMA CGM,Ocean,4.1,France,Shanghai,Asia Pacific,0.92,Critical,Long Beach,North America,0.83,High,0.0,22.8,Shanghai → Long Beach
SHP00459,P005,P012,C006,2022-01-13,2022-02-08,2022-02-08,3839.17,Delivered,0.0,True,26.0,2022-01,2022,FedEx Freight,Air,4.6,USA,Dubai (Jebel Ali),Middle East,0.74,Medium,Long Beach,North America,0.83,High,0.0,25.9,Dubai (Jebel Ali) → Long Beach
SHP00460,P006,P010,C009,2023-12-06,2023-12-25,2023-12-25,4725.62,Delivered,0.0,True,19.0,2023-12,2023,Hapag-Lloyd,Ocean,4.0,Germany,Hamburg,Europe,0.62,Medium,Colombo,South Asia,0.55,Low,0.0,22.8,Hamburg → Colombo
SHP00461,P011,P012,C007,2022-06-02,2022-06-24,2022-06-24,5093.58,Delivered,0.0,True,22.0,2022-06,2022,DB Schenker,Rail,4.2,Germany,Tanjung Pelepas,Asia Pacific,0.6,Medium,Long Beach,North America,0.83,High,0.0,22.8,Tanjung Pelepas → Long Beach
SHP00462,P008,P009,C003,2022-03-18,2022-04-03,2022-04-03,2325.15,Delivered,0.0,True,16.0,2022-03,2022,CMA CGM,Ocean,4.1,France,Antwerp,Europe,0.65,Medium,New York / NJ,North America,0.8,High,0.0,22.8,Antwerp → New York / NJ
SHP00463,P001,P010,C004,2023-07-18,2023-07-28,2023-07-28,1984.08,Delivered,0.0,True,10.0,2023-07,2023,Evergreen Marine,Ocean,3.8,Taiwan,Shanghai,Asia Pacific,0.92,Critical,Colombo,South Asia,0.55,Low,0.0,22.8,Shanghai → Colombo
SHP00464,P002,P009,C008,2022-11-20,2022-12-05,2022-12-05,4524.85,Delivered,0.0,True,15.0,2022-11,2022,Kuehne+Nagel,Multi,4.4,Switzerland,Singapore,Asia Pacific,0.71,Medium,New York / NJ,North America,0.8,High,0.0,22.8,Singapore → New York / NJ
SHP00465,P007,P008,C001,2023-07-25,2023-08-22,2023-08-23,3611.85,Delayed,1.0,False,29.0,2023-07,2023,Maersk Line,Ocean,4.5,Denmark,Busan,Asia Pacific,0.78,High,Antwerp,Europe,0.65,Medium,0.0,23.2,Busan → Antwerp
SHP00466,P009,P010,C004,2023-11-02,2023-11-22,2023-11-22,1908.83,Delivered,0.0,True,20.0,2023-11,2023,Evergreen Marine,Ocean,3.8,Taiwan,New York / NJ,North America,0.8,High,Colombo,South Asia,0.55,Low,0.0,22.8,New York / NJ → Colombo
SHP00467,P004,P009,C006,2023-07-28,2023-08-16,2023-08-16,2691.49,Delivered,0.0,True,19.0,2023-07,2023,FedEx Freight,Air,4.6,USA,Los Angeles,North America,0.85,Critical,New York / NJ,North America,0.8,High,1.0,7.5,Los Angeles → New York / NJ
SHP00468,P011,P004,C001,2022-12-16,2023-01-04,2023-01-04,5178.67,Delivered,0.0,True,19.0,2022-12,2022,Maersk Line,Ocean,4.5,Denmark,Tanjung Pelepas,Asia Pacific,0.6,Medium,Los Angeles,North America,0.85,Critical,0.0,22.8,Tanjung Pelepas → Los Angeles
SHP00469,P009,P006,C002,2022-02-16,2022-02-27,2022-02-27,3115.28,Delivered,0.0,True,11.0,2022-02,2022,MSC,Ocean,4.3,Switzerland,New York / NJ,North America,0.8,High,Hamburg,Europe,0.62,Medium,0.0,22.8,New York / NJ → Hamburg
SHP00470,P004,P005,C002,2024-05-22,2024-06-15,2024-06-15,5145.81,In Transit,0.0,True,24.0,2024-05,2024,MSC,Ocean,4.3,Switzerland,Los Angeles,North America,0.85,Critical,Dubai (Jebel Ali),Middle East,0.74,Medium,0.0,22.8,Los Angeles → Dubai (Jebel Ali)
SHP00471,P002,P008,C001,2023-10-11,2023-11-10,2023-11-10,5525.22,Delivered,0.0,True,30.0,2023-10,2023,Maersk Line,Ocean,4.5,Denmark,Singapore,Asia Pacific,0.71,Medium,Antwerp,Europe,0.65,Medium,3.0,50.7,Singapore → Antwerp
SHP00472,P003,P009,C001,2023-06-28,2023-07-13,2023-07-28,3582.45,Delayed,15.0,False,30.0,2023-06,2023,Maersk Line,Ocean,4.5,Denmark,Rotterdam,Europe,0.68,Medium,New York / NJ,North America,0.8,High,0.0,25.0,Rotterdam → New York / NJ
SHP00473,P008,P010,C003,2023-12-10,2023-12-30,2023-12-30,3219.76,Delivered,0.0,True,20.0,2023-12,2023,CMA CGM,Ocean,4.1,France,Antwerp,Europe,0.65,Medium,Colombo,South Asia,0.55,Low,1.0,18.1,Antwerp → Colombo
SHP00474,P009,P007,C007,2023-09-16,2023-10-03,2023-10-03,5095.75,Delivered,0.0,True,17.0,2023-09,2023,DB Schenker,Rail,4.2,Germany,New York / NJ,North America,0.8,High,Busan,Asia Pacific,0.78,High,0.0,22.8,New York / NJ → Busan
SHP00475,P008,P003,C003,2023-02-27,2023-03-18,2023-03-18,2749.29,Delivered,0.0,True,19.0,2023-02,2023,CMA CGM,Ocean,4.1,France,Antwerp,Europe,0.65,Medium,Rotterdam,Europe,0.68,Medium,0.0,22.8,Antwerp → Rotterdam
SHP00476,P012,P009,C004,2022-07-25,2022-08-07,2022-08-07,3000.83,Delivered,0.0,True,13.0,2022-07,2022,Evergreen Marine,Ocean,3.8,Taiwan,Long Beach,North America,0.83,High,New York / NJ,North America,0.8,High,0.0,22.8,Long Beach → New York / NJ
SHP00477,P011,P003,C003,2023-05-31,2023-06-28,2023-06-28,5067.53,Delivered,0.0,True,28.0,2023-05,2023,CMA CGM,Ocean,4.1,France,Tanjung Pelepas,Asia Pacific,0.6,Medium,Rotterdam,Europe,0.68,Medium,0.0,22.8,Tanjung Pelepas → Rotterdam
SHP00478,P010,P012,C007,2023-11-22,2023-12-10,2023-12-10,3462.48,Delivered,0.0,True,18.0,2023-11,2023,DB Schenker,Rail,4.2,Germany,Colombo,South Asia,0.55,Low,Long Beach,North America,0.83,High,0.0,15.9,Colombo → Long Beach
SHP00479,P009,P002,C001,2023-01-26,2023-02-11,2023-02-17,2748.0,Delayed,6.0,False,22.0,2023-01,2023,Maersk Line,Ocean,4.5,Denmark,New York / NJ,North America,0.8,High,Singapore,Asia Pacific,0.71,Medium,1.0,9.7,New York / NJ → Singapore
SHP00480,P011,P005,C003,2024-05-09,2024-05-17,2024-05-17,2727.94,In Transit,0.0,True,8.0,2024-05,2024,CMA CGM,Ocean,4.1,France,Tanjung Pelepas,Asia Pacific,0.6,Medium,Dubai (Jebel Ali),Middle East,0.74,Medium,0.0,22.8,Tanjung Pelepas → Dubai (Jebel Ali)
SHP00481,P008,P002,C010,2024-06-07,2024-07-07,2024-07-07,6039.14,In Transit,0.0,True,30.0,2024-06,2024,COSCO Shipping,Ocean,3.6,China,Antwerp,Europe,0.65,Medium,Singapore,Asia Pacific,0.71,Medium,0.0,33.4,Antwerp → Singapore
SHP00482,P012,P005,C001,2023-01-26,2023-02-19,2023-02-19,5003.03,Delivered,0.0,True,24.0,2023-01,2023,Maersk Line,Ocean,4.5,Denmark,Long Beach,North America,0.83,High,Dubai (Jebel Ali),Middle East,0.74,Medium,0.0,25.2,Long Beach → Dubai (Jebel Ali)
SHP00483,P009,P001,C001,2024-02-01,2024-02-19,2024-02-19,4906.77,Delivered,0.0,True,18.0,2024-02,2024,Maersk Line,Ocean,4.5,Denmark,New York / NJ,North America,0.8,High,Shanghai,Asia Pacific,0.92,Critical,0.0,22.8,New York / NJ → Shanghai
SHP00484,P011,P012,C006,2024-02-13,2024-03-06,2024-03-06,2744.86,Delivered,0.0,True,22.0,2024-02,2024,FedEx Freight,Air,4.6,USA,Tanjung Pelepas,Asia Pacific,0.6,Medium,Long Beach,North America,0.83,High,0.0,22.8,Tanjung Pelepas → Long Beach
SHP00485,P004,P006,C008,2022-07-01,2022-07-16,2022-07-17,3350.48,Delayed,1.0,False,16.0,2022-07,2022,Kuehne+Nagel,Multi,4.4,Switzerland,Los Angeles,North America,0.85,Critical,Hamburg,Europe,0.62,Medium,0.0,22.8,Los Angeles → Hamburg
SHP00486,P005,P010,C005,2022-05-14,2022-05-26,2022-05-26,2113.11,Delivered,0.0,True,12.0,2022-05,2022,DHL Global,Air,4.7,Germany,Dubai (Jebel Ali),Middle East,0.74,Medium,Colombo,South Asia,0.55,Low,0.0,22.8,Dubai (Jebel Ali) → Colombo
SHP00487,P012,P003,C001,2022-06-07,2022-06-19,2022-06-19,2434.83,Delivered,0.0,True,12.0,2022-06,2022,Maersk Line,Ocean,4.5,Denmark,Long Beach,North America,0.83,High,Rotterdam,Europe,0.68,Medium,0.0,22.8,Long Beach → Rotterdam
SHP00488,P010,P009,C006,2022-03-16,2022-03-31,2022-03-31,2734.0,Delivered,0.0,True,15.0,2022-03,2022,FedEx Freight,Air,4.6,USA,Colombo,South Asia,0.55,Low,New York / NJ,North America,0.8,High,0.0,22.8,Colombo → New York / NJ
SHP00489,P009,P003,C007,2023-07-11,2023-07-25,2023-07-25,2965.84,Delivered,0.0,True,14.0,2023-07,2023,DB Schenker,Rail,4.2,Germany,New York / NJ,North America,0.8,High,Rotterdam,Europe,0.68,Medium,0.0,22.8,New York / NJ → Rotterdam
SHP00490,P005,P004,C010,2023-06-28,2023-07-23,2023-07-23,4864.76,Delivered,0.0,True,25.0,2023-06,2023,COSCO Shipping,Ocean,3.6,China,Dubai (Jebel Ali),Middle East,0.74,Medium,Los Angeles,North America,0.85,Critical,0.0,10.3,Dubai (Jebel Ali) → Los Angeles
SHP00491,P001,P003,C006,2023-04-02,2023-04-25,2023-04-25,4871.67,Delivered,0.0,True,23.0,2023-04,2023,FedEx Freight,Air,4.6,USA,Shanghai,Asia Pacific,0.92,Critical,Rotterdam,Europe,0.68,Medium,0.0,32.4,Shanghai → Rotterdam
SHP00492,P006,P008,C002,2023-01-31,2023-02-14,2023-02-14,1465.21,Delivered,0.0,True,14.0,2023-01,2023,MSC,Ocean,4.3,Switzerland,Hamburg,Europe,0.62,Medium,Antwerp,Europe,0.65,Medium,0.0,22.8,Hamburg → Antwerp
SHP00493,P006,P010,C009,2023-04-02,2023-04-27,2023-04-28,5936.05,Delayed,1.0,False,26.0,2023-04,2023,Hapag-Lloyd,Ocean,4.0,Germany,Hamburg,Europe,0.62,Medium,Colombo,South Asia,0.55,Low,3.0,84.1,Hamburg → Colombo
SHP00494,P003,P010,C009,2022-01-08,2022-01-27,2022-01-27,5581.23,Delivered,0.0,True,19.0,2022-01,2022,Hapag-Lloyd,Ocean,4.0,Germany,Rotterdam,Europe,0.68,Medium,Colombo,South Asia,0.55,Low,0.0,22.8,Rotterdam → Colombo
SHP00495,P011,P007,C002,2022-07-30,2022-08-17,2022-08-17,3195.07,Delivered,0.0,True,18.0,2022-07,2022,MSC,Ocean,4.3,Switzerland,Tanjung Pelepas,Asia Pacific,0.6,Medium,Busan,Asia Pacific,0.78,High,0.0,21.6,Tanjung Pelepas → Busan
SHP00496,P002,P012,C003,2022-01-25,2022-02-15,2022-02-15,2185.08,Delivered,0.0,True,21.0,2022-01,2022,CMA CGM,Ocean,4.1,France,Singapore,Asia Pacific,0.71,Medium,Long Beach,North America,0.83,High,0.0,26.7,Singapore → Long Beach
SHP00497,P003,P006,C009,2022-03-14,2022-04-02,2022-04-02,2740.4,Delivered,0.0,True,19.0,2022-03,2022,Hapag-Lloyd,Ocean,4.0,Germany,Rotterdam,Europe,0.68,Medium,Hamburg,Europe,0.62,Medium,0.0,23.0,Rotterdam → Hamburg
SHP00498,P006,P001,C007,2023-11-21,2023-12-12,2023-12-12,5998.46,Delivered,0.0,True,21.0,2023-11,2023,DB Schenker,Rail,4.2,Germany,Hamburg,Europe,0.62,Medium,Shanghai,Asia Pacific,0.92,Critical,0.0,22.8,Hamburg → Shanghai
SHP00499,P012,P010,C001,2023-12-19,2023-12-30,2023-12-30,2515.81,Delivered,0.0,True,11.0,2023-12,2023,Maersk Line,Ocean,4.5,Denmark,Long Beach,North America,0.83,High,Colombo,South Asia,0.55,Low,0.0,5.6,Long Beach → Colombo
SHP00500,P005,P009,C007,2023-02-09,2023-02-27,2023-02-27,5578.26,Delivered,0.0,True,18.0,2023-02,2023,DB Schenker,Rail,4.2,Germany,Dubai (Jebel Ali),Middle East,0.74,Medium,New York / NJ,North America,0.8,High,0.0,22.8,Dubai (Jebel Ali) → New York / NJ
SHP00501,P007,P010,C005,2023-10-12,2023-10-18,2023-10-18,2647.8,Delivered,0.0,True,6.0,2023-10,2023,DHL Global,Air,4.7,Germany,Busan,Asia Pacific,0.78,High,Colombo,South Asia,0.55,Low,0.0,22.8,Busan → Colombo
SHP00502,P001,P010,C009,2022-05-25,2022-05-30,2022-06-05,1136.04,Delayed,6.0,False,11.0,2022-05,2022,Hapag-Lloyd,Ocean,4.0,Germany,Shanghai,Asia Pacific,0.92,Critical,Colombo,South Asia,0.55,Low,1.0,26.7,Shanghai → Colombo
SHP00503,P009,P002,C005,2022-08-04,2022-08-23,2022-08-23,4872.34,Delivered,0.0,True,19.0,2022-08,2022,DHL Global,Air,4.7,Germany,New York / NJ,North America,0.8,High,Singapore,Asia Pacific,0.71,Medium,0.0,22.8,New York / NJ → Singapore
SHP00504,P010,P005,C004,2022-04-28,2022-05-10,2022-05-10,2433.71,Delivered,0.0,True,12.0,2022-04,2022,Evergreen Marine,Ocean,3.8,Taiwan,Colombo,South Asia,0.55,Low,Dubai (Jebel Ali),Middle East,0.74,Medium,0.0,10.4,Colombo → Dubai (Jebel Ali)
SHP00505,P009,P008,C009,2022-03-16,2022-03-28,2022-03-28,2450.83,Delivered,0.0,True,12.0,2022-03,2022,Hapag-Lloyd,Ocean,4.0,Germany,New York / NJ,North America,0.8,High,Antwerp,Europe,0.65,Medium,0.0,22.8,New York / NJ → Antwerp
SHP00506,P006,P003,C004,2022-04-13,2022-04-27,2022-04-27,3757.1,Delivered,0.0,True,14.0,2022-04,2022,Evergreen Marine,Ocean,3.8,Taiwan,Hamburg,Europe,0.62,Medium,Rotterdam,Europe,0.68,Medium,0.0,22.2,Hamburg → Rotterdam
SHP00507,P008,P006,C010,2023-11-07,2023-11-21,2023-11-21,1200.47,Delivered,0.0,True,14.0,2023-11,2023,COSCO Shipping,Ocean,3.6,China,Antwerp,Europe,0.65,Medium,Hamburg,Europe,0.62,Medium,0.0,16.2,Antwerp → Hamburg
SHP00508,P003,P001,C006,2022-09-10,2022-10-03,2022-10-03,5498.74,Delivered,0.0,True,23.0,2022-09,2022,FedEx Freight,Air,4.6,USA,Rotterdam,Europe,0.68,Medium,Shanghai,Asia Pacific,0.92,Critical,0.0,32.0,Rotterdam → Shanghai
SHP00509,P006,P003,C006,2024-06-17,2024-07-04,2024-07-04,2288.53,In Transit,0.0,True,17.0,2024-06,2024,FedEx Freight,Air,4.6,USA,Hamburg,Europe,0.62,Medium,Rotterdam,Europe,0.68,Medium,0.0,22.8,Hamburg → Rotterdam
SHP00510,P002,P006,C003,2023-07-06,2023-07-29,2023-07-29,6968.92,Delivered,0.0,True,23.0,2023-07,2023,CMA CGM,Ocean,4.1,France,Singapore,Asia Pacific,0.71,Medium,Hamburg,Europe,0.62,Medium,0.0,22.8,Singapore → Hamburg
SHP00511,P002,P001,C009,2023-10-09,2023-10-19,2023-10-19,2756.5,Delivered,0.0,True,10.0,2023-10,2023,Hapag-Lloyd,Ocean,4.0,Germany,Singapore,Asia Pacific,0.71,Medium,Shanghai,Asia Pacific,0.92,Critical,0.0,22.8,Singapore → Shanghai
SHP00512,P005,P010,C009,2023-04-29,2023-05-19,2023-05-19,2061.3,Delivered,0.0,True,20.0,2023-04,2023,Hapag-Lloyd,Ocean,4.0,Germany,Dubai (Jebel Ali),Middle East,0.74,Medium,Colombo,South Asia,0.55,Low,1.0,7.2,Dubai (Jebel Ali) → Colombo
SHP00513,P010,P005,C003,2023-04-21,2023-05-09,2023-05-09,1731.5,Delivered,0.0,True,18.0,2023-04,2023,CMA CGM,Ocean,4.1,France,Colombo,South Asia,0.55,Low,Dubai (Jebel Ali),Middle East,0.74,Medium,0.0,22.8,Colombo → Dubai (Jebel Ali)
SHP00514,P010,P012,C003,2024-02-15,2024-03-04,2024-03-09,2109.97,Delayed,5.0,False,23.0,2024-02,2024,CMA CGM,Ocean,4.1,France,Colombo,South Asia,0.55,Low,Long Beach,North America,0.83,High,0.0,22.8,Colombo → Long Beach
SHP00515,P010,P012,C003,2024-01-24,2024-02-10,2024-02-10,1971.85,Delivered,0.0,True,17.0,2024-01,2024,CMA CGM,Ocean,4.1,France,Colombo,South Asia,0.55,Low,Long Beach,North America,0.83,High,0.0,19.8,Colombo → Long Beach
SHP00516,P004,P001,C004,2023-06-15,2023-07-04,2023-07-04,4060.62,Delivered,0.0,True,19.0,2023-06,2023,Evergreen Marine,Ocean,3.8,Taiwan,Los Angeles,North America,0.85,Critical,Shanghai,Asia Pacific,0.92,Critical,0.0,22.8,Los Angeles → Shanghai
SHP00517,P001,P012,C006,2022-04-16,2022-05-08,2022-05-08,3291.58,Delivered,0.0,True,22.0,2022-04,2022,FedEx Freight,Air,4.6,USA,Shanghai,Asia Pacific,0.92,Critical,Long Beach,North America,0.83,High,0.0,25.5,Shanghai → Long Beach
SHP00518,P007,P012,C007,2023-01-10,2023-01-25,2023-01-25,2783.52,Delivered,0.0,True,15.0,2023-01,2023,DB Schenker,Rail,4.2,Germany,Busan,Asia Pacific,0.78,High,Long Beach,North America,0.83,High,0.0,22.8,Busan → Long Beach
SHP00519,P009,P007,C006,2024-04-16,2024-05-05,2024-05-05,3301.66,In Transit,0.0,True,19.0,2024-04,2024,FedEx Freight,Air,4.6,USA,New York / NJ,North America,0.8,High,Busan,Asia Pacific,0.78,High,0.0,22.8,New York / NJ → Busan
SHP00520,P004,P002,C009,2023-10-21,2023-11-08,2023-11-08,2642.33,Delivered,0.0,True,18.0,2023-10,2023,Hapag-Lloyd,Ocean,4.0,Germany,Los Angeles,North America,0.85,Critical,Singapore,Asia Pacific,0.71,Medium,0.0,22.8,Los Angeles → Singapore
SHP00521,P012,P002,C004,2023-03-01,2023-03-20,2023-03-20,3205.99,Delivered,0.0,True,19.0,2023-03,2023,Evergreen Marine,Ocean,3.8,Taiwan,Long Beach,North America,0.83,High,Singapore,Asia Pacific,0.71,Medium,0.0,22.8,Long Beach → Singapore
SHP00522,P007,P001,C004,2022-02-14,2022-02-26,2022-02-26,2119.84,Delivered,0.0,True,12.0,2022-02,2022,Evergreen Marine,Ocean,3.8,Taiwan,Busan,Asia Pacific,0.78,High,Shanghai,Asia Pacific,0.92,Critical,0.0,22.8,Busan → Shanghai
SHP00523,P001,P011,C003,2022-02-27,2022-03-11,2022-03-11,2803.67,Delivered,0.0,True,12.0,2022-02,2022,CMA CGM,Ocean,4.1,France,Shanghai,Asia Pacific,0.92,Critical,Tanjung Pelepas,Asia Pacific,0.6,Medium,3.0,50.2,Shanghai → Tanjung Pelepas
SHP00524,P001,P012,C005,2022-03-29,2022-04-15,2022-04-15,4719.14,Delivered,0.0,True,17.0,2022-03,2022,DHL Global,Air,4.7,Germany,Shanghai,Asia Pacific,0.92,Critical,Long Beach,North America,0.83,High,0.0,34.7,Shanghai → Long Beach
SHP00525,P003,P005,C007,2023-09-08,2023-09-17,2023-09-17,2795.68,Delivered,0.0,True,9.0,2023-09,2023,DB Schenker,Rail,4.2,Germany,Rotterdam,Europe,0.68,Medium,Dubai (Jebel Ali),Middle East,0.74,Medium,1.0,8.8,Rotterdam → Dubai (Jebel Ali)
SHP00526,P012,P011,C006,2023-04-10,2023-04-25,2023-04-25,4231.63,Delivered,0.0,True,15.0,2023-04,2023,FedEx Freight,Air,4.6,USA,Long Beach,North America,0.83,High,Tanjung Pelepas,Asia Pacific,0.6,Medium,0.0,22.8,Long Beach → Tanjung Pelepas
SHP00527,P004,P010,C009,2023-12-02,2023-12-18,2023-12-18,3227.8,Delivered,0.0,True,16.0,2023-12,2023,Hapag-Lloyd,Ocean,4.0,Germany,Los Angeles,North America,0.85,Critical,Colombo,South Asia,0.55,Low,0.0,22.8,Los Angeles → Colombo
SHP00528,P009,P010,C002,2022-04-06,2022-04-23,2022-04-23,4225.52,Delivered,0.0,True,17.0,2022-04,2022,MSC,Ocean,4.3,Switzerland,New York / NJ,North America,0.8,High,Colombo,South Asia,0.55,Low,0.0,22.8,New York / NJ → Colombo
SHP00529,P001,P012,C007,2023-06-19,2023-07-09,2023-07-09,2396.31,Delivered,0.0,True,20.0,2023-06,2023,DB Schenker,Rail,4.2,Germany,Shanghai,Asia Pacific,0.92,Critical,Long Beach,North America,0.83,High,1.0,13.8,Shanghai → Long Beach
SHP00530,P007,P006,C010,2024-04-03,2024-05-02,2024-05-07,3939.43,Delivered,5.0,False,34.0,2024-04,2024,COSCO Shipping,Ocean,3.6,China,Busan,Asia Pacific,0.78,High,Hamburg,Europe,0.62,Medium,0.0,22.8,Busan → Hamburg
SHP00531,P002,P006,C010,2024-06-16,2024-07-14,2024-07-14,3938.24,In Transit,0.0,True,28.0,2024-06,2024,COSCO Shipping,Ocean,3.6,China,Singapore,Asia Pacific,0.71,Medium,Hamburg,Europe,0.62,Medium,2.0,45.7,Singapore → Hamburg
SHP00532,P007,P012,C004,2023-12-06,2023-12-25,2023-12-25,1940.73,Delivered,0.0,True,19.0,2023-12,2023,Evergreen Marine,Ocean,3.8,Taiwan,Busan,Asia Pacific,0.78,High,Long Beach,North America,0.83,High,0.0,22.8,Busan → Long Beach
SHP00533,P010,P005,C005,2024-05-25,2024-06-12,2024-06-12,2413.04,In Transit,0.0,True,18.0,2024-05,2024,DHL Global,Air,4.7,Germany,Colombo,South Asia,0.55,Low,Dubai (Jebel Ali),Middle East,0.74,Medium,0.0,22.8,Colombo → Dubai (Jebel Ali)
SHP00534,P009,P008,C003,2023-01-15,2023-01-29,2023-01-29,3004.44,Delivered,0.0,True,14.0,2023-01,2023,CMA CGM,Ocean,4.1,France,New York / NJ,North America,0.8,High,Antwerp,Europe,0.65,Medium,0.0,22.8,New York / NJ → Antwerp
SHP00535,P006,P008,C003,2024-05-25,2024-06-14,2024-06-20,2475.66,In Transit,6.0,False,26.0,2024-05,2024,CMA CGM,Ocean,4.1,France,Hamburg,Europe,0.62,Medium,Antwerp,Europe,0.65,Medium,0.0,22.8,Hamburg → Antwerp
SHP00536,P007,P006,C009,2023-09-21,2023-10-21,2023-10-21,3017.58,Delivered,0.0,True,30.0,2023-09,2023,Hapag-Lloyd,Ocean,4.0,Germany,Busan,Asia Pacific,0.78,High,Hamburg,Europe,0.62,Medium,0.0,22.8,Busan → Hamburg
SHP00537,P001,P003,C003,2023-04-28,2023-05-27,2023-05-27,3996.87,Delivered,0.0,True,29.0,2023-04,2023,CMA CGM,Ocean,4.1,France,Shanghai,Asia Pacific,0.92,Critical,Rotterdam,Europe,0.68,Medium,0.0,22.8,Shanghai → Rotterdam
SHP00538,P007,P008,C010,2023-11-03,2023-12-01,2023-12-01,6549.3,Delivered,0.0,True,28.0,2023-11,2023,COSCO Shipping,Ocean,3.6,China,Busan,Asia Pacific,0.78,High,Antwerp,Europe,0.65,Medium,0.0,22.8,Busan → Antwerp
SHP00539,P003,P012,C008,2023-03-26,2023-04-05,2023-04-05,3051.83,Delivered,0.0,True,10.0,2023-03,2023,Kuehne+Nagel,Multi,4.4,Switzerland,Rotterdam,Europe,0.68,Medium,Long Beach,North America,0.83,High,0.0,22.8,Rotterdam → Long Beach
SHP00540,P010,P009,C009,2023-12-17,2023-12-30,2023-12-30,2466.28,Delivered,0.0,True,13.0,2023-12,2023,Hapag-Lloyd,Ocean,4.0,Germany,Colombo,South Asia,0.55,Low,New York / NJ,North America,0.8,High,0.0,22.8,Colombo → New York / NJ
SHP00541,P011,P001,C003,2022-03-30,2022-04-13,2022-04-13,1879.39,Delivered,0.0,True,14.0,2022-03,2022,CMA CGM,Ocean,4.1,France,Tanjung Pelepas,Asia Pacific,0.6,Medium,Shanghai,Asia Pacific,0.92,Critical,0.0,22.8,Tanjung Pelepas → Shanghai
SHP00542,P012,P002,C002,2023-07-17,2023-08-04,2023-08-04,4253.84,Delivered,0.0,True,18.0,2023-07,2023,MSC,Ocean,4.3,Switzerland,Long Beach,North America,0.83,High,Singapore,Asia Pacific,0.71,Medium,0.0,22.8,Long Beach → Singapore
SHP00543,P006,P005,C004,2023-09-13,2023-09-22,2023-09-22,2247.89,Delivered,0.0,True,9.0,2023-09,2023,Evergreen Marine,Ocean,3.8,Taiwan,Hamburg,Europe,0.62,Medium,Dubai (Jebel Ali),Middle East,0.74,Medium,0.0,22.8,Hamburg → Dubai (Jebel Ali)
SHP00544,P009,P002,C009,2022-10-29,2022-11-17,2022-11-17,4266.58,Delivered,0.0,True,19.0,2022-10,2022,Hapag-Lloyd,Ocean,4.0,Germany,New York / NJ,North America,0.8,High,Singapore,Asia Pacific,0.71,Medium,0.0,22.8,New York / NJ → Singapore
SHP00545,P009,P011,C005,2023-12-12,2024-01-02,2024-01-02,4077.01,Delivered,0.0,True,21.0,2023-12,2023,DHL Global,Air,4.7,Germany,New York / NJ,North America,0.8,High,Tanjung Pelepas,Asia Pacific,0.6,Medium,0.0,22.8,New York / NJ → Tanjung Pelepas
SHP00546,P008,P012,C008,2023-08-24,2023-09-09,2023-09-10,1269.09,Delayed,1.0,False,17.0,2023-08,2023,Kuehne+Nagel,Multi,4.4,Switzerland,Antwerp,Europe,0.65,Medium,Long Beach,North America,0.83,High,0.0,34.7,Antwerp → Long Beach
SHP00547,P011,P004,C004,2024-03-30,2024-04-18,2024-04-18,2531.81,Delivered,0.0,True,19.0,2024-03,2024,Evergreen Marine,Ocean,3.8,Taiwan,Tanjung Pelepas,Asia Pacific,0.6,Medium,Los Angeles,North America,0.85,Critical,0.0,11.0,Tanjung Pelepas → Los Angeles
SHP00548,P005,P002,C007,2023-11-21,2023-12-04,2023-12-04,1438.01,Delivered,0.0,True,13.0,2023-11,2023,DB Schenker,Rail,4.2,Germany,Dubai (Jebel Ali),Middle East,0.74,Medium,Singapore,Asia Pacific,0.71,Medium,0.0,22.8,Dubai (Jebel Ali) → Singapore
SHP00549,P008,P006,C006,2022-08-12,2022-08-31,2022-08-31,2953.41,Delivered,0.0,True,19.0,2022-08,2022,FedEx Freight,Air,4.6,USA,Antwerp,Europe,0.65,Medium,Hamburg,Europe,0.62,Medium,0.0,22.8,Antwerp → Hamburg
SHP00550,P004,P005,C004,2024-06-12,2024-07-04,2024-07-06,2839.4,In Transit,2.0,False,24.0,2024-06,2024,Evergreen Marine,Ocean,3.8,Taiwan,Los Angeles,North America,0.85,Critical,Dubai (Jebel Ali),Middle East,0.74,Medium,0.0,22.8,Los Angeles → Dubai (Jebel Ali)
SHP00551,P006,P003,C002,2022-05-03,2022-05-14,2022-05-14,2261.73,Delivered,0.0,True,11.0,2022-05,2022,MSC,Ocean,4.3,Switzerland,Hamburg,Europe,0.62,Medium,Rotterdam,Europe,0.68,Medium,0.0,22.8,Hamburg → Rotterdam
SHP00552,P001,P009,C006,2023-09-28,2023-10-17,2023-10-17,4285.63,Delivered,0.0,True,19.0,2023-09,2023,FedEx Freight,Air,4.6,USA,Shanghai,Asia Pacific,0.92,Critical,New York / NJ,North America,0.8,High,0.0,22.8,Shanghai → New York / NJ
SHP00553,P005,P009,C003,2024-02-22,2024-03-19,2024-03-19,3834.21,Delivered,0.0,True,26.0,2024-02,2024,CMA CGM,Ocean,4.1,France,Dubai (Jebel Ali),Middle East,0.74,Medium,New York / NJ,North America,0.8,High,0.0,22.8,Dubai (Jebel Ali) → New York / NJ
SHP00554,P008,P010,C001,2023-05-30,2023-06-22,2023-06-22,5289.85,Delivered,0.0,True,23.0,2023-05,2023,Maersk Line,Ocean,4.5,Denmark,Antwerp,Europe,0.65,Medium,Colombo,South Asia,0.55,Low,0.0,22.8,Antwerp → Colombo
SHP00555,P002,P010,C008,2022-11-20,2022-11-30,2022-12-01,1303.24,Delayed,1.0,False,11.0,2022-11,2022,Kuehne+Nagel,Multi,4.4,Switzerland,Singapore,Asia Pacific,0.71,Medium,Colombo,South Asia,0.55,Low,0.0,22.8,Singapore → Colombo
SHP00556,P005,P003,C009,2022-09-27,2022-10-06,2022-10-06,2772.43,Delivered,0.0,True,9.0,2022-09,2022,Hapag-Lloyd,Ocean,4.0,Germany,Dubai (Jebel Ali),Middle East,0.74,Medium,Rotterdam,Europe,0.68,Medium,0.0,22.8,Dubai (Jebel Ali) → Rotterdam
SHP00557,P003,P009,C007,2022-08-04,2022-08-17,2022-08-17,2698.07,Delivered,0.0,True,13.0,2022-08,2022,DB Schenker,Rail,4.2,Germany,Rotterdam,Europe,0.68,Medium,New York / NJ,North America,0.8,High,0.0,22.8,Rotterdam → New York / NJ
SHP00558,P003,P011,C004,2024-04-13,2024-05-04,2024-05-04,5670.85,Delivered,0.0,True,21.0,2024-04,2024,Evergreen Marine,Ocean,3.8,Taiwan,Rotterdam,Europe,0.68,Medium,Tanjung Pelepas,Asia Pacific,0.6,Medium,0.0,22.8,Rotterdam → Tanjung Pelepas
SHP00559,P004,P003,C003,2023-04-30,2023-05-16,2023-05-23,3206.95,Delayed,7.0,False,23.0,2023-04,2023,CMA CGM,Ocean,4.1,France,Los Angeles,North America,0.85,Critical,Rotterdam,Europe,0.68,Medium,0.0,22.8,Los Angeles → Rotterdam
SHP00560,P009,P006,C008,2022-11-04,2022-11-16,2022-11-16,3572.87,Delivered,0.0,True,12.0,2022-11,2022,Kuehne+Nagel,Multi,4.4,Switzerland,New York / NJ,North America,0.8,High,Hamburg,Europe,0.62,Medium,0.0,22.8,New York / NJ → Hamburg
SHP00561,P012,P003,C001,2022-08-09,2022-08-25,2022-08-25,3891.96,Delivered,0.0,True,16.0,2022-08,2022,Maersk Line,Ocean,4.5,Denmark,Long Beach,North America,0.83,High,Rotterdam,Europe,0.68,Medium,0.0,22.8,Long Beach → Rotterdam
SHP00562,P006,P010,C009,2024-04-09,2024-05-01,2024-05-01,4918.66,Delivered,0.0,True,22.0,2024-04,2024,Hapag-Lloyd,Ocean,4.0,Germany,Hamburg,Europe,0.62,Medium,Colombo,South Asia,0.55,Low,0.0,22.8,Hamburg → Colombo
SHP00563,P010,P004,C010,2023-08-13,2023-09-02,2023-09-02,2149.36,Delivered,0.0,True,20.0,2023-08,2023,COSCO Shipping,Ocean,3.6,China,Colombo,South Asia,0.55,Low,Los Angeles,North America,0.85,Critical,0.0,22.8,Colombo → Los Angeles
SHP00564,P008,P009,C002,2023-01-26,2023-02-09,2023-02-09,2396.33,Delivered,0.0,True,14.0,2023-01,2023,MSC,Ocean,4.3,Switzerland,Antwerp,Europe,0.65,Medium,New York / NJ,North America,0.8,High,0.0,13.6,Antwerp → New York / NJ
SHP00565,P003,P012,C006,2023-03-08,2023-03-23,2023-03-23,2744.32,Delivered,0.0,True,15.0,2023-03,2023,FedEx Freight,Air,4.6,USA,Rotterdam,Europe,0.68,Medium,Long Beach,North America,0.83,High,0.0,22.8,Rotterdam → Long Beach
SHP00566,P006,P007,C005,2023-12-29,2024-01-22,2024-01-22,5047.27,Delivered,0.0,True,24.0,2023-12,2023,DHL Global,Air,4.7,Germany,Hamburg,Europe,0.62,Medium,Busan,Asia Pacific,0.78,High,0.0,22.8,Hamburg → Busan
SHP00567,P006,P011,C009,2023-04-07,2023-05-03,2023-05-03,6489.95,Delivered,0.0,True,26.0,2023-04,2023,Hapag-Lloyd,Ocean,4.0,Germany,Hamburg,Europe,0.62,Medium,Tanjung Pelepas,Asia Pacific,0.6,Medium,0.0,22.8,Hamburg → Tanjung Pelepas
SHP00568,P012,P002,C004,2022-06-20,2022-07-10,2022-07-14,2967.13,Delayed,4.0,False,24.0,2022-06,2022,Evergreen Marine,Ocean,3.8,Taiwan,Long Beach,North America,0.83,High,Singapore,Asia Pacific,0.71,Medium,0.0,22.8,Long Beach → Singapore
SHP00569,P009,P001,C001,2024-02-29,2024-03-20,2024-03-20,5380.99,Delivered,0.0,True,20.0,2024-02,2024,Maersk Line,Ocean,4.5,Denmark,New York / NJ,North America,0.8,High,Shanghai,Asia Pacific,0.92,Critical,0.0,11.1,New York / NJ → Shanghai
SHP00570,P007,P005,C004,2022-09-11,2022-09-24,2022-09-24,2614.57,Delivered,0.0,True,13.0,2022-09,2022,Evergreen Marine,Ocean,3.8,Taiwan,Busan,Asia Pacific,0.78,High,Dubai (Jebel Ali),Middle East,0.74,Medium,0.0,22.8,Busan → Dubai (Jebel Ali)
SHP00571,P003,P001,C001,2023-11-11,2023-12-06,2023-12-06,3528.66,Delivered,0.0,True,25.0,2023-11,2023,Maersk Line,Ocean,4.5,Denmark,Rotterdam,Europe,0.68,Medium,Shanghai,Asia Pacific,0.92,Critical,0.0,22.8,Rotterdam → Shanghai
SHP00572,P005,P010,C008,2022-05-19,2022-06-06,2022-06-06,3029.15,Delivered,0.0,True,18.0,2022-05,2022,Kuehne+Nagel,Multi,4.4,Switzerland,Dubai (Jebel Ali),Middle East,0.74,Medium,Colombo,South Asia,0.55,Low,2.0,66.9,Dubai (Jebel Ali) → Colombo
SHP00573,P011,P010,C007,2023-06-21,2023-07-01,2023-07-01,822.24,Delivered,0.0,True,10.0,2023-06,2023,DB Schenker,Rail,4.2,Germany,Tanjung Pelepas,Asia Pacific,0.6,Medium,Colombo,South Asia,0.55,Low,0.0,22.8,Tanjung Pelepas → Colombo
SHP00574,P008,P005,C006,2023-02-27,2023-03-09,2023-03-09,2089.89,Delivered,0.0,True,10.0,2023-02,2023,FedEx Freight,Air,4.6,USA,Antwerp,Europe,0.65,Medium,Dubai (Jebel Ali),Middle East,0.74,Medium,0.0,22.8,Antwerp → Dubai (Jebel Ali)
SHP00576,P007,P005,C010,2022-08-25,2022-09-08,2022-09-09,1687.09,Delayed,1.0,False,15.0,2022-08,2022,COSCO Shipping,Ocean,3.6,China,Busan,Asia Pacific,0.78,High,Dubai (Jebel Ali),Middle East,0.74,Medium,0.0,22.8,Busan → Dubai (Jebel Ali)
SHP00577,P009,P007,C007,2022-09-13,2022-09-29,2022-09-29,4165.16,Delivered,0.0,True,16.0,2022-09,2022,DB Schenker,Rail,4.2,Germany,New York / NJ,North America,0.8,High,Busan,Asia Pacific,0.78,High,0.0,10.2,New York / NJ → Busan
SHP00578,P011,P004,C009,2024-02-22,2024-03-11,2024-03-11,3824.18,Delivered,0.0,True,18.0,2024-02,2024,Hapag-Lloyd,Ocean,4.0,Germany,Tanjung Pelepas,Asia Pacific,0.6,Medium,Los Angeles,North America,0.85,Critical,0.0,22.8,Tanjung Pelepas → Los Angeles
SHP00579,P007,P004,C002,2022-07-06,2022-07-22,2022-07-22,3715.11,Delivered,0.0,True,16.0,2022-07,2022,MSC,Ocean,4.3,Switzerland,Busan,Asia Pacific,0.78,High,Los Angeles,North America,0.85,Critical,0.0,25.8,Busan → Los Angeles
SHP00580,P004,P007,C001,2022-06-05,2022-06-19,2022-06-19,2499.81,Delivered,0.0,True,14.0,2022-06,2022,Maersk Line,Ocean,4.5,Denmark,Los Angeles,North America,0.85,Critical,Busan,Asia Pacific,0.78,High,0.0,22.8,Los Angeles → Busan
SHP00581,P005,P006,C003,2024-01-03,2024-01-14,2024-01-14,2123.19,Delivered,0.0,True,11.0,2024-01,2024,CMA CGM,Ocean,4.1,France,Dubai (Jebel Ali),Middle East,0.74,Medium,Hamburg,Europe,0.62,Medium,0.0,20.9,Dubai (Jebel Ali) → Hamburg
SHP00582,P005,P009,C006,2023-04-20,2023-05-08,2023-05-08,6311.26,Delivered,0.0,True,18.0,2023-04,2023,FedEx Freight,Air,4.6,USA,Dubai (Jebel Ali),Middle East,0.74,Medium,New York / NJ,North America,0.8,High,0.0,19.1,Dubai (Jebel Ali) → New York / NJ
SHP00583,P001,P006,C007,2022-03-15,2022-04-12,2022-04-12,4871.33,Delivered,0.0,True,28.0,2022-03,2022,DB Schenker,Rail,4.2,Germany,Shanghai,Asia Pacific,0.92,Critical,Hamburg,Europe,0.62,Medium,0.0,22.8,Shanghai → Hamburg
SHP00584,P002,P005,C007,2024-02-29,2024-03-11,2024-03-11,1923.36,Delivered,0.0,True,11.0,2024-02,2024,DB Schenker,Rail,4.2,Germany,Singapore,Asia Pacific,0.71,Medium,Dubai (Jebel Ali),Middle East,0.74,Medium,0.0,10.1,Singapore → Dubai (Jebel Ali)
SHP00585,P012,P002,C009,2023-11-13,2023-11-30,2023-11-30,3841.83,Delivered,0.0,True,17.0,2023-11,2023,Hapag-Lloyd,Ocean,4.0,Germany,Long Beach,North America,0.83,High,Singapore,Asia Pacific,0.71,Medium,0.0,6.4,Long Beach → Singapore
SHP00586,P001,P010,C009,2022-05-06,2022-05-13,2022-05-13,1562.02,Delivered,0.0,True,7.0,2022-05,2022,Hapag-Lloyd,Ocean,4.0,Germany,Shanghai,Asia Pacific,0.92,Critical,Colombo,South Asia,0.55,Low,0.0,22.8,Shanghai → Colombo
SHP00587,P001,P012,C004,2022-04-26,2022-05-13,2022-05-13,3431.24,Delivered,0.0,True,17.0,2022-04,2022,Evergreen Marine,Ocean,3.8,Taiwan,Shanghai,Asia Pacific,0.92,Critical,Long Beach,North America,0.83,High,0.0,22.8,Shanghai → Long Beach
SHP00588,P004,P001,C001,2023-08-19,2023-09-09,2023-09-09,3398.64,Delivered,0.0,True,21.0,2023-08,2023,Maersk Line,Ocean,4.5,Denmark,Los Angeles,North America,0.85,Critical,Shanghai,Asia Pacific,0.92,Critical,0.0,22.8,Los Angeles → Shanghai
SHP00589,P004,P003,C008,2022-04-04,2022-04-19,2022-04-19,4026.91,Delivered,0.0,True,15.0,2022-04,2022,Kuehne+Nagel,Multi,4.4,Switzerland,Los Angeles,North America,0.85,Critical,Rotterdam,Europe,0.68,Medium,0.0,22.3,Los Angeles → Rotterdam
SHP00590,P011,P003,C009,2024-03-21,2024-04-11,2024-04-13,4408.23,Delayed,2.0,False,23.0,2024-03,2024,Hapag-Lloyd,Ocean,4.0,Germany,Tanjung Pelepas,Asia Pacific,0.6,Medium,Rotterdam,Europe,0.68,Medium,1.0,32.9,Tanjung Pelepas → Rotterdam
SHP00591,P011,P006,C008,2024-01-21,2024-02-13,2024-02-15,4932.27,Delayed,2.0,False,25.0,2024-01,2024,Kuehne+Nagel,Multi,4.4,Switzerland,Tanjung Pelepas,Asia Pacific,0.6,Medium,Hamburg,Europe,0.62,Medium,0.0,16.0,Tanjung Pelepas → Hamburg
SHP00592,P012,P008,C009,2022-10-29,2022-11-12,2022-11-12,1773.34,Delivered,0.0,True,14.0,2022-10,2022,Hapag-Lloyd,Ocean,4.0,Germany,Long Beach,North America,0.83,High,Antwerp,Europe,0.65,Medium,0.0,22.8,Long Beach → Antwerp
SHP00593,P006,P007,C008,2022-10-09,2022-11-07,2022-11-07,5787.11,Delivered,0.0,True,29.0,2022-10,2022,Kuehne+Nagel,Multi,4.4,Switzerland,Hamburg,Europe,0.62,Medium,Busan,Asia Pacific,0.78,High,0.0,22.8,Hamburg → Busan
SHP00594,P005,P010,C006,2023-04-10,2023-04-20,2023-04-20,2850.79,Delivered,0.0,True,10.0,2023-04,2023,FedEx Freight,Air,4.6,USA,Dubai (Jebel Ali),Middle East,0.74,Medium,Colombo,South Asia,0.55,Low,0.0,22.8,Dubai (Jebel Ali) → Colombo
SHP00595,P001,P011,C006,2024-03-05,2024-03-24,2024-03-24,2717.61,Delivered,0.0,True,19.0,2024-03,2024,FedEx Freight,Air,4.6,USA,Shanghai,Asia Pacific,0.92,Critical,Tanjung Pelepas,Asia Pacific,0.6,Medium,0.0,22.8,Shanghai → Tanjung Pelepas
SHP00596,P009,P012,C008,2024-02-24,2024-03-13,2024-03-13,1832.79,Delivered,0.0,True,18.0,2024-02,2024,Kuehne+Nagel,Multi,4.4,Switzerland,New York / NJ,North America,0.8,High,Long Beach,North America,0.83,High,0.0,22.8,New York / NJ → Long Beach
SHP00597,P006,P002,C002,2023-06-20,2023-07-20,2023-07-25,7015.65,Delayed,5.0,False,35.0,2023-06,2023,MSC,Ocean,4.3,Switzerland,Hamburg,Europe,0.62,Medium,Singapore,Asia Pacific,0.71,Medium,0.0,22.8,Hamburg → Singapore
SHP00598,P008,P004,C002,2022-02-02,2022-02-16,2022-02-16,3234.23,Delivered,0.0,True,14.0,2022-02,2022,MSC,Ocean,4.3,Switzerland,Antwerp,Europe,0.65,Medium,Los Angeles,North America,0.85,Critical,0.0,22.8,Antwerp → Los Angeles
SHP00599,P010,P011,C005,2022-02-20,2022-02-27,2022-02-27,2659.99,Delivered,0.0,True,7.0,2022-02,2022,DHL Global,Air,4.7,Germany,Colombo,South Asia,0.55,Low,Tanjung Pelepas,Asia Pacific,0.6,Medium,0.0,22.8,Colombo → Tanjung Pelepas
SHP00600,P002,P009,C001,2023-01-05,2023-01-27,2023-01-27,4699.0,Delivered,0.0,True,22.0,2023-01,2023,Maersk Line,Ocean,4.5,Denmark,Singapore,Asia Pacific,0.71,Medium,New York / NJ,North America,0.8,High,1.0,28.7,Singapore → New York / NJ
SHP00601,P012,P001,C010,2022-09-30,2022-10-22,2022-10-26,2279.6,Delayed,4.0,False,26.0,2022-09,2022,COSCO Shipping,Ocean,3.6,China,Long Beach,North America,0.83,High,Shanghai,Asia Pacific,0.92,Critical,0.0,22.8,Long Beach → Shanghai
SHP00602,P002,P003,C004,2023-06-29,2023-07-25,2023-08-02,6329.52,Delayed,8.0,False,34.0,2023-06,2023,Evergreen Marine,Ocean,3.8,Taiwan,Singapore,Asia Pacific,0.71,Medium,Rotterdam,Europe,0.68,Medium,0.0,22.8,Singapore → Rotterdam
SHP00603,P011,P003,C009,2024-02-07,2024-03-06,2024-03-06,3748.1,Delivered,0.0,True,28.0,2024-02,2024,Hapag-Lloyd,Ocean,4.0,Germany,Tanjung Pelepas,Asia Pacific,0.6,Medium,Rotterdam,Europe,0.68,Medium,0.0,22.8,Tanjung Pelepas → Rotterdam
SHP00604,P011,P007,C002,2022-06-20,2022-07-02,2022-07-02,2306.92,Delivered,0.0,True,12.0,2022-06,2022,MSC,Ocean,4.3,Switzerland,Tanjung Pelepas,Asia Pacific,0.6,Medium,Busan,Asia Pacific,0.78,High,0.0,22.8,Tanjung Pelepas → Busan
SHP00605,P009,P011,C008,2022-12-27,2023-01-15,2023-01-15,5085.34,Delivered,0.0,True,19.0,2022-12,2022,Kuehne+Nagel,Multi,4.4,Switzerland,New York / NJ,North America,0.8,High,Tanjung Pelepas,Asia Pacific,0.6,Medium,0.0,26.4,New York / NJ → Tanjung Pelepas
SHP00606,P012,P006,C010,2022-09-04,2022-09-18,2022-09-18,1917.01,Delivered,0.0,True,14.0,2022-09,2022,COSCO Shipping,Ocean,3.6,China,Long Beach,North America,0.83,High,Hamburg,Europe,0.62,Medium,1.0,33.1,Long Beach → Hamburg
SHP00607,P012,P005,C006,2023-04-09,2023-05-04,2023-05-04,3925.11,Delivered,0.0,True,25.0,2023-04,2023,FedEx Freight,Air,4.6,USA,Long Beach,North America,0.83,High,Dubai (Jebel Ali),Middle East,0.74,Medium,0.0,22.8,Long Beach → Dubai (Jebel Ali)
SHP00608,P003,P006,C001,2022-11-04,2022-11-17,2022-11-17,2508.54,Delivered,0.0,True,13.0,2022-11,2022,Maersk Line,Ocean,4.5,Denmark,Rotterdam,Europe,0.68,Medium,Hamburg,Europe,0.62,Medium,0.0,22.8,Rotterdam → Hamburg
SHP00609,P012,P005,C009,2023-06-08,2023-07-04,2023-07-04,5328.41,Delivered,0.0,True,26.0,2023-06,2023,Hapag-Lloyd,Ocean,4.0,Germany,Long Beach,North America,0.83,High,Dubai (Jebel Ali),Middle East,0.74,Medium,0.0,22.8,Long Beach → Dubai (Jebel Ali)
SHP00610,P005,P007,C010,2022-09-13,2022-09-22,2022-09-25,2100.65,Delayed,3.0,False,12.0,2022-09,2022,COSCO Shipping,Ocean,3.6,China,Dubai (Jebel Ali),Middle East,0.74,Medium,Busan,Asia Pacific,0.78,High,3.0,42.8,Dubai (Jebel Ali) → Busan
SHP00611,P010,P004,C002,2024-01-11,2024-01-26,2024-01-26,2522.99,Delivered,0.0,True,15.0,2024-01,2024,MSC,Ocean,4.3,Switzerland,Colombo,South Asia,0.55,Low,Los Angeles,North America,0.85,Critical,0.0,22.8,Colombo → Los Angeles
SHP00612,P002,P011,C005,2022-02-08,2022-02-27,2022-02-27,2489.91,Delivered,0.0,True,19.0,2022-02,2022,DHL Global,Air,4.7,Germany,Singapore,Asia Pacific,0.71,Medium,Tanjung Pelepas,Asia Pacific,0.6,Medium,0.0,22.8,Singapore → Tanjung Pelepas
SHP00613,P006,P007,C007,2023-03-03,2023-03-24,2023-03-24,4082.51,Delivered,0.0,True,21.0,2023-03,2023,DB Schenker,Rail,4.2,Germany,Hamburg,Europe,0.62,Medium,Busan,Asia Pacific,0.78,High,0.0,29.4,Hamburg → Busan
SHP00614,P011,P007,C001,2022-11-09,2022-11-27,2022-11-28,2204.17,Delayed,1.0,False,19.0,2022-11,2022,Maersk Line,Ocean,4.5,Denmark,Tanjung Pelepas,Asia Pacific,0.6,Medium,Busan,Asia Pacific,0.78,High,1.0,16.9,Tanjung Pelepas → Busan
SHP00615,P009,P004,C003,2022-02-21,2022-03-13,2022-03-13,1829.33,Delivered,0.0,True,20.0,2022-02,2022,CMA CGM,Ocean,4.1,France,New York / NJ,North America,0.8,High,Los Angeles,North America,0.85,Critical,1.0,33.7,New York / NJ → Los Angeles
SHP00616,P004,P008,C005,2024-03-16,2024-03-29,2024-03-29,2713.93,Delivered,0.0,True,13.0,2024-03,2024,DHL Global,Air,4.7,Germany,Los Angeles,North America,0.85,Critical,Antwerp,Europe,0.65,Medium,0.0,22.8,Los Angeles → Antwerp
SHP00617,P012,P001,C009,2023-02-13,2023-03-03,2023-03-08,3683.13,Delayed,5.0,False,23.0,2023-02,2023,Hapag-Lloyd,Ocean,4.0,Germany,Long Beach,North America,0.83,High,Shanghai,Asia Pacific,0.92,Critical,1.0,14.2,Long Beach → Shanghai
SHP00618,P009,P004,C008,2023-02-09,2023-03-01,2023-03-01,2510.47,Delivered,0.0,True,20.0,2023-02,2023,Kuehne+Nagel,Multi,4.4,Switzerland,New York / NJ,North America,0.8,High,Los Angeles,North America,0.85,Critical,0.0,22.8,New York / NJ → Los Angeles
SHP00619,P009,P004,C004,2022-03-15,2022-03-29,2022-03-29,2499.33,Delivered,0.0,True,14.0,2022-03,2022,Evergreen Marine,Ocean,3.8,Taiwan,New York / NJ,North America,0.8,High,Los Angeles,North America,0.85,Critical,0.0,22.8,New York / NJ → Los Angeles
SHP00620,P007,P006,C006,2022-07-15,2022-08-09,2022-08-09,5814.04,Delivered,0.0,True,25.0,2022-07,2022,FedEx Freight,Air,4.6,USA,Busan,Asia Pacific,0.78,High,Hamburg,Europe,0.62,Medium,0.0,34.2,Busan → Hamburg
SHP00621,P003,P007,C010,2024-04-21,2024-05-18,2024-05-18,5196.03,Delivered,0.0,True,27.0,2024-04,2024,COSCO Shipping,Ocean,3.6,China,Rotterdam,Europe,0.68,Medium,Busan,Asia Pacific,0.78,High,0.0,22.8,Rotterdam → Busan
SHP00622,P012,P002,C002,2024-01-28,2024-02-11,2024-02-11,3809.2,Delivered,0.0,True,14.0,2024-01,2024,MSC,Ocean,4.3,Switzerland,Long Beach,North America,0.83,High,Singapore,Asia Pacific,0.71,Medium,0.0,22.8,Long Beach → Singapore
SHP00623,P005,P001,C006,2023-12-12,2023-12-26,2023-12-26,2454.05,Delivered,0.0,True,14.0,2023-12,2023,FedEx Freight,Air,4.6,USA,Dubai (Jebel Ali),Middle East,0.74,Medium,Shanghai,Asia Pacific,0.92,Critical,0.0,22.8,Dubai (Jebel Ali) → Shanghai
SHP00624,P004,P010,C009,2024-02-08,2024-02-22,2024-02-22,2827.92,Delivered,0.0,True,14.0,2024-02,2024,Hapag-Lloyd,Ocean,4.0,Germany,Los Angeles,North America,0.85,Critical,Colombo,South Asia,0.55,Low,0.0,14.3,Los Angeles → Colombo
SHP00625,P012,P011,C001,2023-01-21,2023-02-12,2023-02-18,2895.01,Delayed,6.0,False,28.0,2023-01,2023,Maersk Line,Ocean,4.5,Denmark,Long Beach,North America,0.83,High,Tanjung Pelepas,Asia Pacific,0.6,Medium,0.0,22.8,Long Beach → Tanjung Pelepas
SHP00626,P001,P009,C001,2022-03-10,2022-03-30,2022-03-30,4987.2,Delivered,0.0,True,20.0,2022-03,2022,Maersk Line,Ocean,4.5,Denmark,Shanghai,Asia Pacific,0.92,Critical,New York / NJ,North America,0.8,High,0.0,22.8,Shanghai → New York / NJ
SHP00627,P006,P002,C001,2022-10-27,2022-11-26,2022-11-26,6065.64,Delivered,0.0,True,30.0,2022-10,2022,Maersk Line,Ocean,4.5,Denmark,Hamburg,Europe,0.62,Medium,Singapore,Asia Pacific,0.71,Medium,0.0,22.8,Hamburg → Singapore
SHP00628,P008,P011,C009,2022-04-01,2022-04-23,2022-04-23,6517.12,Delivered,0.0,True,22.0,2022-04,2022,Hapag-Lloyd,Ocean,4.0,Germany,Antwerp,Europe,0.65,Medium,Tanjung Pelepas,Asia Pacific,0.6,Medium,1.0,7.6,Antwerp → Tanjung Pelepas
SHP00629,P012,P001,C001,2022-09-11,2022-10-03,2022-10-03,3755.3,Delivered,0.0,True,22.0,2022-09,2022,Maersk Line,Ocean,4.5,Denmark,Long Beach,North America,0.83,High,Shanghai,Asia Pacific,0.92,Critical,0.0,22.8,Long Beach → Shanghai
SHP00630,P006,P012,C005,2022-08-30,2022-09-13,2022-09-13,1971.72,Delivered,0.0,True,14.0,2022-08,2022,DHL Global,Air,4.7,Germany,Hamburg,Europe,0.62,Medium,Long Beach,North America,0.83,High,0.0,22.8,Hamburg → Long Beach
SHP00631,P007,P001,C009,2022-10-14,2022-10-27,2022-10-30,3059.97,Delayed,3.0,False,16.0,2022-10,2022,Hapag-Lloyd,Ocean,4.0,Germany,Busan,Asia Pacific,0.78,High,Shanghai,Asia Pacific,0.92,Critical,0.0,22.8,Busan → Shanghai
SHP00632,P011,P010,C004,2023-03-04,2023-03-10,2023-03-10,1048.56,Delivered,0.0,True,6.0,2023-03,2023,Evergreen Marine,Ocean,3.8,Taiwan,Tanjung Pelepas,Asia Pacific,0.6,Medium,Colombo,South Asia,0.55,Low,0.0,22.8,Tanjung Pelepas → Colombo
SHP00633,P010,P006,C008,2023-07-10,2023-07-30,2023-07-30,2980.55,Delivered,0.0,True,20.0,2023-07,2023,Kuehne+Nagel,Multi,4.4,Switzerland,Colombo,South Asia,0.55,Low,Hamburg,Europe,0.62,Medium,0.0,27.7,Colombo → Hamburg
SHP00634,P005,P010,C003,2023-03-17,2023-03-29,2023-03-29,2484.63,Delivered,0.0,True,12.0,2023-03,2023,CMA CGM,Ocean,4.1,France,Dubai (Jebel Ali),Middle East,0.74,Medium,Colombo,South Asia,0.55,Low,0.0,22.8,Dubai (Jebel Ali) → Colombo
SHP00635,P002,P010,C009,2024-01-07,2024-01-12,2024-01-12,1621.83,Delivered,0.0,True,5.0,2024-01,2024,Hapag-Lloyd,Ocean,4.0,Germany,Singapore,Asia Pacific,0.71,Medium,Colombo,South Asia,0.55,Low,0.0,22.8,Singapore → Colombo
SHP00636,P007,P008,C005,2023-03-30,2023-04-29,2023-04-29,4882.73,Delivered,0.0,True,30.0,2023-03,2023,DHL Global,Air,4.7,Germany,Busan,Asia Pacific,0.78,High,Antwerp,Europe,0.65,Medium,1.0,17.9,Busan → Antwerp
SHP00637,P002,P004,C003,2022-01-27,2022-02-14,2022-02-14,3600.89,Delivered,0.0,True,18.0,2022-01,2022,CMA CGM,Ocean,4.1,France,Singapore,Asia Pacific,0.71,Medium,Los Angeles,North America,0.85,Critical,0.0,22.8,Singapore → Los Angeles
SHP00638,P002,P009,C003,2023-05-30,2023-06-20,2023-06-20,3202.89,Delivered,0.0,True,21.0,2023-05,2023,CMA CGM,Ocean,4.1,France,Singapore,Asia Pacific,0.71,Medium,New York / NJ,North America,0.8,High,0.0,22.8,Singapore → New York / NJ
SHP00639,P008,P009,C003,2022-06-17,2022-06-28,2022-06-28,3603.4,Delivered,0.0,True,11.0,2022-06,2022,CMA CGM,Ocean,4.1,France,Antwerp,Europe,0.65,Medium,New York / NJ,North America,0.8,High,0.0,22.8,Antwerp → New York / NJ
SHP00640,P004,P012,C004,2024-02-15,2024-02-28,2024-03-05,2950.48,Delayed,6.0,False,19.0,2024-02,2024,Evergreen Marine,Ocean,3.8,Taiwan,Los Angeles,North America,0.85,Critical,Long Beach,North America,0.83,High,0.0,22.8,Los Angeles → Long Beach
SHP00641,P010,P008,C006,2024-06-06,2024-07-01,2024-07-01,4809.57,Delivered,0.0,True,25.0,2024-06,2024,FedEx Freight,Air,4.6,USA,Colombo,South Asia,0.55,Low,Antwerp,Europe,0.65,Medium,0.0,22.8,Colombo → Antwerp
SHP00642,P007,P011,C010,2023-09-01,2023-09-19,2023-09-19,2375.35,Delivered,0.0,True,18.0,2023-09,2023,COSCO Shipping,Ocean,3.6,China,Busan,Asia Pacific,0.78,High,Tanjung Pelepas,Asia Pacific,0.6,Medium,0.0,22.8,Busan → Tanjung Pelepas
SHP00643,P009,P002,C008,2023-04-13,2023-04-27,2023-04-27,1822.11,Delivered,0.0,True,14.0,2023-04,2023,Kuehne+Nagel,Multi,4.4,Switzerland,New York / NJ,North America,0.8,High,Singapore,Asia Pacific,0.71,Medium,0.0,22.8,New York / NJ → Singapore
SHP00644,P007,P010,C001,2022-07-14,2022-07-21,2022-07-21,1302.12,Delivered,0.0,True,7.0,2022-07,2022,Maersk Line,Ocean,4.5,Denmark,Busan,Asia Pacific,0.78,High,Colombo,South Asia,0.55,Low,0.0,22.8,Busan → Colombo
SHP00645,P005,P009,C003,2023-03-09,2023-03-31,2023-03-31,3264.17,Delivered,0.0,True,22.0,2023-03,2023,CMA CGM,Ocean,4.1,France,Dubai (Jebel Ali),Middle East,0.74,Medium,New York / NJ,North America,0.8,High,1.0,10.4,Dubai (Jebel Ali) → New York / NJ
SHP00646,P008,P002,C009,2022-04-26,2022-05-18,2022-05-18,6445.52,Delivered,0.0,True,22.0,2022-04,2022,Hapag-Lloyd,Ocean,4.0,Germany,Antwerp,Europe,0.65,Medium,Singapore,Asia Pacific,0.71,Medium,0.0,22.8,Antwerp → Singapore
SHP00647,P003,P008,C007,2022-11-28,2022-12-15,2022-12-18,3418.31,Delayed,3.0,False,20.0,2022-11,2022,DB Schenker,Rail,4.2,Germany,Rotterdam,Europe,0.68,Medium,Antwerp,Europe,0.65,Medium,0.0,22.8,Rotterdam → Antwerp
SHP00648,P002,P006,C006,2023-12-10,2024-01-09,2024-01-09,5700.06,Delivered,0.0,True,30.0,2023-12,2023,FedEx Freight,Air,4.6,USA,Singapore,Asia Pacific,0.71,Medium,Hamburg,Europe,0.62,Medium,0.0,21.4,Singapore → Hamburg
SHP00649,P002,P003,C002,2023-12-25,2024-01-21,2024-01-21,3870.9,Delivered,0.0,True,27.0,2023-12,2023,MSC,Ocean,4.3,Switzerland,Singapore,Asia Pacific,0.71,Medium,Rotterdam,Europe,0.68,Medium,1.0,24.5,Singapore → Rotterdam
SHP00650,P010,P003,C007,2023-07-18,2023-08-11,2023-08-14,3099.48,Delayed,3.0,False,27.0,2023-07,2023,DB Schenker,Rail,4.2,Germany,Colombo,South Asia,0.55,Low,Rotterdam,Europe,0.68,Medium,0.0,22.8,Colombo → Rotterdam
SHP00651,P011,P003,C003,2024-06-08,2024-06-30,2024-06-30,5485.68,Delivered,0.0,True,22.0,2024-06,2024,CMA CGM,Ocean,4.1,France,Tanjung Pelepas,Asia Pacific,0.6,Medium,Rotterdam,Europe,0.68,Medium,0.0,22.8,Tanjung Pelepas → Rotterdam
SHP00652,P003,P002,C003,2022-07-27,2022-08-16,2022-08-16,4723.83,Delivered,0.0,True,20.0,2022-07,2022,CMA CGM,Ocean,4.1,France,Rotterdam,Europe,0.68,Medium,Singapore,Asia Pacific,0.71,Medium,0.0,16.1,Rotterdam → Singapore
SHP00653,P008,P010,C001,2023-09-15,2023-10-10,2023-10-10,4594.06,Delivered,0.0,True,25.0,2023-09,2023,Maersk Line,Ocean,4.5,Denmark,Antwerp,Europe,0.65,Medium,Colombo,South Asia,0.55,Low,0.0,22.8,Antwerp → Colombo
SHP00654,P010,P001,C004,2024-06-22,2024-07-01,2024-07-01,1450.3,In Transit,0.0,True,9.0,2024-06,2024,Evergreen Marine,Ocean,3.8,Taiwan,Colombo,South Asia,0.55,Low,Shanghai,Asia Pacific,0.92,Critical,0.0,17.8,Colombo → Shanghai
SHP00655,P003,P001,C006,2022-02-07,2022-03-01,2022-03-01,6169.86,Delivered,0.0,True,22.0,2022-02,2022,FedEx Freight,Air,4.6,USA,Rotterdam,Europe,0.68,Medium,Shanghai,Asia Pacific,0.92,Critical,0.0,22.8,Rotterdam → Shanghai
SHP00656,P001,P003,C007,2022-07-02,2022-07-24,2022-07-24,5250.24,Delivered,0.0,True,22.0,2022-07,2022,DB Schenker,Rail,4.2,Germany,Shanghai,Asia Pacific,0.92,Critical,Rotterdam,Europe,0.68,Medium,0.0,22.8,Shanghai → Rotterdam
SHP00657,P010,P011,C009,2022-07-01,2022-07-09,2022-07-09,2031.97,Delivered,0.0,True,8.0,2022-07,2022,Hapag-Lloyd,Ocean,4.0,Germany,Colombo,South Asia,0.55,Low,Tanjung Pelepas,Asia Pacific,0.6,Medium,0.0,22.8,Colombo → Tanjung Pelepas
SHP00658,P007,P002,C007,2024-05-13,2024-05-31,2024-06-02,2787.85,In Transit,2.0,False,20.0,2024-05,2024,DB Schenker,Rail,4.2,Germany,Busan,Asia Pacific,0.78,High,Singapore,Asia Pacific,0.71,Medium,0.0,22.8,Busan → Singapore
SHP00659,P005,P007,C009,2023-02-28,2023-03-12,2023-03-12,2348.92,Delivered,0.0,True,12.0,2023-02,2023,Hapag-Lloyd,Ocean,4.0,Germany,Dubai (Jebel Ali),Middle East,0.74,Medium,Busan,Asia Pacific,0.78,High,0.0,22.2,Dubai (Jebel Ali) → Busan
SHP00660,P009,P002,C008,2024-01-12,2024-01-30,2024-01-30,4715.43,Delivered,0.0,True,18.0,2024-01,2024,Kuehne+Nagel,Multi,4.4,Switzerland,New York / NJ,North America,0.8,High,Singapore,Asia Pacific,0.71,Medium,0.0,33.7,New York / NJ → Singapore
SHP00661,P010,P011,C006,2022-05-13,2022-05-22,2022-05-22,981.34,Delivered,0.0,True,9.0,2022-05,2022,FedEx Freight,Air,4.6,USA,Colombo,South Asia,0.55,Low,Tanjung Pelepas,Asia Pacific,0.6,Medium,0.0,17.9,Colombo → Tanjung Pelepas
SHP00662,P010,P004,C005,2022-07-18,2022-07-28,2022-07-28,2256.98,Delivered,0.0,True,10.0,2022-07,2022,DHL Global,Air,4.7,Germany,Colombo,South Asia,0.55,Low,Los Angeles,North America,0.85,Critical,0.0,21.7,Colombo → Los Angeles
SHP00663,P012,P004,C010,2023-03-01,2023-03-17,2023-03-18,2426.98,Delayed,1.0,False,17.0,2023-03,2023,COSCO Shipping,Ocean,3.6,China,Long Beach,North America,0.83,High,Los Angeles,North America,0.85,Critical,0.0,22.8,Long Beach → Los Angeles
SHP00664,P012,P005,C005,2024-03-20,2024-04-08,2024-04-08,4626.21,Delivered,0.0,True,19.0,2024-03,2024,DHL Global,Air,4.7,Germany,Long Beach,North America,0.83,High,Dubai (Jebel Ali),Middle East,0.74,Medium,0.0,22.8,Long Beach → Dubai (Jebel Ali)
SHP00665,P001,P003,C006,2022-12-16,2023-01-11,2023-01-11,6098.93,Delivered,0.0,True,26.0,2022-12,2022,FedEx Freight,Air,4.6,USA,Shanghai,Asia Pacific,0.92,Critical,Rotterdam,Europe,0.68,Medium,0.0,22.8,Shanghai → Rotterdam
SHP00666,P006,P012,C008,2023-05-01,2023-05-17,2023-05-18,2189.88,Delayed,1.0,False,17.0,2023-05,2023,Kuehne+Nagel,Multi,4.4,Switzerland,Hamburg,Europe,0.62,Medium,Long Beach,North America,0.83,High,0.0,22.8,Hamburg → Long Beach
SHP00667,P008,P010,C006,2023-04-19,2023-05-13,2023-05-13,3039.28,Delivered,0.0,True,24.0,2023-04,2023,FedEx Freight,Air,4.6,USA,Antwerp,Europe,0.65,Medium,Colombo,South Asia,0.55,Low,0.0,22.8,Antwerp → Colombo
SHP00668,P009,P010,C001,2022-08-02,2022-08-21,2022-08-21,3067.73,Delivered,0.0,True,19.0,2022-08,2022,Maersk Line,Ocean,4.5,Denmark,New York / NJ,North America,0.8,High,Colombo,South Asia,0.55,Low,2.0,72.8,New York / NJ → Colombo
SHP00669,P006,P002,C003,2022-10-15,2022-11-04,2022-11-04,4579.63,Delivered,0.0,True,20.0,2022-10,2022,CMA CGM,Ocean,4.1,France,Hamburg,Europe,0.62,Medium,Singapore,Asia Pacific,0.71,Medium,0.0,22.8,Hamburg → Singapore
SHP00670,P003,P011,C002,2024-06-04,2024-06-28,2024-06-28,4702.99,In Transit,0.0,True,24.0,2024-06,2024,MSC,Ocean,4.3,Switzerland,Rotterdam,Europe,0.68,Medium,Tanjung Pelepas,Asia Pacific,0.6,Medium,0.0,26.8,Rotterdam → Tanjung Pelepas
SHP00671,P002,P009,C004,2023-01-16,2023-02-06,2023-02-06,2881.57,Delivered,0.0,True,21.0,2023-01,2023,Evergreen Marine,Ocean,3.8,Taiwan,Singapore,Asia Pacific,0.71,Medium,New York / NJ,North America,0.8,High,0.0,22.8,Singapore → New York / NJ
SHP00672,P001,P005,C002,2023-03-31,2023-04-12,2023-04-13,2058.63,Delayed,1.0,False,13.0,2023-03,2023,MSC,Ocean,4.3,Switzerland,Shanghai,Asia Pacific,0.92,Critical,Dubai (Jebel Ali),Middle East,0.74,Medium,0.0,22.8,Shanghai → Dubai (Jebel Ali)
SHP00673,P004,P007,C008,2024-01-21,2024-02-12,2024-02-12,3416.98,Delivered,0.0,True,22.0,2024-01,2024,Kuehne+Nagel,Multi,4.4,Switzerland,Los Angeles,North America,0.85,Critical,Busan,Asia Pacific,0.78,High,0.0,23.3,Los Angeles → Busan
SHP00674,P009,P012,C003,2022-07-30,2022-08-09,2022-08-09,2707.81,Delivered,0.0,True,10.0,2022-07,2022,CMA CGM,Ocean,4.1,France,New York / NJ,North America,0.8,High,Long Beach,North America,0.83,High,1.0,22.2,New York / NJ → Long Beach
SHP00675,P001,P006,C001,2023-12-05,2024-01-03,2024-01-03,5074.83,Delivered,0.0,True,29.0,2023-12,2023,Maersk Line,Ocean,4.5,Denmark,Shanghai,Asia Pacific,0.92,Critical,Hamburg,Europe,0.62,Medium,0.0,22.8,Shanghai → Hamburg
SHP00676,P012,P005,C001,2023-08-15,2023-09-06,2023-09-06,3920.72,Delivered,0.0,True,22.0,2023-08,2023,Maersk Line,Ocean,4.5,Denmark,Long Beach,North America,0.83,High,Dubai (Jebel Ali),Middle East,0.74,Medium,0.0,29.5,Long Beach → Dubai (Jebel Ali)
SHP00677,P005,P006,C009,2022-11-23,2022-12-07,2022-12-07,1871.02,Delivered,0.0,True,14.0,2022-11,2022,Hapag-Lloyd,Ocean,4.0,Germany,Dubai (Jebel Ali),Middle East,0.74,Medium,Hamburg,Europe,0.62,Medium,0.0,22.8,Dubai (Jebel Ali) → Hamburg
SHP00678,P010,P009,C009,2022-04-15,2022-04-28,2022-04-28,2994.33,Delivered,0.0,True,13.0,2022-04,2022,Hapag-Lloyd,Ocean,4.0,Germany,Colombo,South Asia,0.55,Low,New York / NJ,North America,0.8,High,0.0,22.8,Colombo → New York / NJ
SHP00679,P012,P005,C010,2022-09-08,2022-09-28,2022-10-02,4537.21,Delayed,4.0,False,24.0,2022-09,2022,COSCO Shipping,Ocean,3.6,China,Long Beach,North America,0.83,High,Dubai (Jebel Ali),Middle East,0.74,Medium,0.0,22.8,Long Beach → Dubai (Jebel Ali)
SHP00680,P008,P012,C001,2022-04-19,2022-05-02,2022-05-04,3048.27,Delayed,2.0,False,15.0,2022-04,2022,Maersk Line,Ocean,4.5,Denmark,Antwerp,Europe,0.65,Medium,Long Beach,North America,0.83,High,2.0,54.2,Antwerp → Long Beach
SHP00681,P010,P011,C008,2023-09-24,2023-10-01,2023-10-01,1406.01,Delivered,0.0,True,7.0,2023-09,2023,Kuehne+Nagel,Multi,4.4,Switzerland,Colombo,South Asia,0.55,Low,Tanjung Pelepas,Asia Pacific,0.6,Medium,0.0,22.8,Colombo → Tanjung Pelepas
SHP00682,P008,P011,C003,2022-04-06,2022-05-03,2022-05-06,3958.36,Delayed,3.0,False,30.0,2022-04,2022,CMA CGM,Ocean,4.1,France,Antwerp,Europe,0.65,Medium,Tanjung Pelepas,Asia Pacific,0.6,Medium,0.0,22.8,Antwerp → Tanjung Pelepas
SHP00683,P008,P009,C004,2022-08-18,2022-08-29,2022-08-29,3153.58,Delivered,0.0,True,11.0,2022-08,2022,Evergreen Marine,Ocean,3.8,Taiwan,Antwerp,Europe,0.65,Medium,New York / NJ,North America,0.8,High,0.0,22.8,Antwerp → New York / NJ
SHP00684,P011,P006,C006,2023-04-10,2023-05-07,2023-05-16,5105.18,Delayed,9.0,False,36.0,2023-04,2023,FedEx Freight,Air,4.6,USA,Tanjung Pelepas,Asia Pacific,0.6,Medium,Hamburg,Europe,0.62,Medium,0.0,22.8,Tanjung Pelepas → Hamburg
SHP00685,P008,P003,C005,2024-02-26,2024-03-12,2024-03-12,2904.32,Delivered,0.0,True,15.0,2024-02,2024,DHL Global,Air,4.7,Germany,Antwerp,Europe,0.65,Medium,Rotterdam,Europe,0.68,Medium,0.0,20.7,Antwerp → Rotterdam
SHP00686,P006,P010,C002,2024-03-22,2024-04-13,2024-04-13,5077.83,Delivered,0.0,True,22.0,2024-03,2024,MSC,Ocean,4.3,Switzerland,Hamburg,Europe,0.62,Medium,Colombo,South Asia,0.55,Low,0.0,22.8,Hamburg → Colombo
SHP00687,P010,P004,C009,2022-06-12,2022-06-29,2022-06-29,2629.41,Delivered,0.0,True,17.0,2022-06,2022,Hapag-Lloyd,Ocean,4.0,Germany,Colombo,South Asia,0.55,Low,Los Angeles,North America,0.85,Critical,3.0,57.5,Colombo → Los Angeles
SHP00688,P007,P011,C006,2023-07-12,2023-07-25,2023-07-25,2362.97,Delivered,0.0,True,13.0,2023-07,2023,FedEx Freight,Air,4.6,USA,Busan,Asia Pacific,0.78,High,Tanjung Pelepas,Asia Pacific,0.6,Medium,0.0,22.8,Busan → Tanjung Pelepas
SHP00689,P012,P010,C008,2022-04-28,2022-05-17,2022-05-17,2861.68,Delivered,0.0,True,19.0,2022-04,2022,Kuehne+Nagel,Multi,4.4,Switzerland,Long Beach,North America,0.83,High,Colombo,South Asia,0.55,Low,3.0,57.6,Long Beach → Colombo
SHP00690,P007,P002,C010,2022-04-22,2022-05-12,2022-05-12,3215.44,Delivered,0.0,True,20.0,2022-04,2022,COSCO Shipping,Ocean,3.6,China,Busan,Asia Pacific,0.78,High,Singapore,Asia Pacific,0.71,Medium,1.0,27.3,Busan → Singapore
SHP00692,P003,P012,C003,2023-04-09,2023-04-23,2023-04-23,2383.52,Delivered,0.0,True,14.0,2023-04,2023,CMA CGM,Ocean,4.1,France,Rotterdam,Europe,0.68,Medium,Long Beach,North America,0.83,High,0.0,22.8,Rotterdam → Long Beach
SHP00693,P004,P012,C006,2022-11-03,2022-11-22,2022-11-22,4017.46,Delivered,0.0,True,19.0,2022-11,2022,FedEx Freight,Air,4.6,USA,Los Angeles,North America,0.85,Critical,Long Beach,North America,0.83,High,0.0,18.8,Los Angeles → Long Beach
SHP00694,P006,P002,C010,2022-01-09,2022-02-07,2022-02-07,4194.06,Delivered,0.0,True,29.0,2022-01,2022,COSCO Shipping,Ocean,3.6,China,Hamburg,Europe,0.62,Medium,Singapore,Asia Pacific,0.71,Medium,0.0,22.8,Hamburg → Singapore
SHP00695,P005,P001,C006,2023-07-17,2023-07-25,2023-07-27,2488.03,Delayed,2.0,False,10.0,2023-07,2023,FedEx Freight,Air,4.6,USA,Dubai (Jebel Ali),Middle East,0.74,Medium,Shanghai,Asia Pacific,0.92,Critical,0.0,22.8,Dubai (Jebel Ali) → Shanghai
SHP00696,P001,P005,C007,2023-12-21,2024-01-02,2024-01-02,1864.73,Delivered,0.0,True,12.0,2023-12,2023,DB Schenker,Rail,4.2,Germany,Shanghai,Asia Pacific,0.92,Critical,Dubai (Jebel Ali),Middle East,0.74,Medium,0.0,22.8,Shanghai → Dubai (Jebel Ali)
SHP00697,P007,P008,C009,2022-08-05,2022-09-04,2022-09-06,3244.05,Delayed,2.0,False,32.0,2022-08,2022,Hapag-Lloyd,Ocean,4.0,Germany,Busan,Asia Pacific,0.78,High,Antwerp,Europe,0.65,Medium,0.0,26.1,Busan → Antwerp
SHP00698,P007,P003,C005,2024-06-12,2024-07-12,2024-07-12,3652.7,In Transit,0.0,True,30.0,2024-06,2024,DHL Global,Air,4.7,Germany,Busan,Asia Pacific,0.78,High,Rotterdam,Europe,0.68,Medium,0.0,22.8,Busan → Rotterdam
SHP00699,P008,P012,C007,2022-05-20,2022-05-30,2022-06-04,3767.73,Delayed,5.0,False,15.0,2022-05,2022,DB Schenker,Rail,4.2,Germany,Antwerp,Europe,0.65,Medium,Long Beach,North America,0.83,High,0.0,22.8,Antwerp → Long Beach
SHP00700,P007,P011,C003,2023-04-11,2023-04-29,2023-04-29,2274.75,Delivered,0.0,True,18.0,2023-04,2023,CMA CGM,Ocean,4.1,France,Busan,Asia Pacific,0.78,High,Tanjung Pelepas,Asia Pacific,0.6,Medium,2.0,43.4,Busan → Tanjung Pelepas
SHP00701,P004,P003,C007,2023-09-12,2023-09-22,2023-09-22,3201.79,Delivered,0.0,True,10.0,2023-09,2023,DB Schenker,Rail,4.2,Germany,Los Angeles,North America,0.85,Critical,Rotterdam,Europe,0.68,Medium,0.0,22.8,Los Angeles → Rotterdam
SHP00702,P009,P011,C006,2022-02-04,2022-02-18,2022-02-18,4833.04,Delivered,0.0,True,14.0,2022-02,2022,FedEx Freight,Air,4.6,USA,New York / NJ,North America,0.8,High,Tanjung Pelepas,Asia Pacific,0.6,Medium,0.0,22.8,New York / NJ → Tanjung Pelepas
SHP00703,P008,P002,C003,2024-01-18,2024-02-15,2024-02-15,6760.15,Delivered,0.0,True,28.0,2024-01,2024,CMA CGM,Ocean,4.1,France,Antwerp,Europe,0.65,Medium,Singapore,Asia Pacific,0.71,Medium,0.0,24.0,Antwerp → Singapore
SHP00704,P010,P002,C004,2023-04-29,2023-05-09,2023-05-09,1060.01,Delivered,0.0,True,10.0,2023-04,2023,Evergreen Marine,Ocean,3.8,Taiwan,Colombo,South Asia,0.55,Low,Singapore,Asia Pacific,0.71,Medium,0.0,28.7,Colombo → Singapore
SHP00705,P011,P009,C010,2022-11-16,2022-11-30,2022-11-30,4146.04,Delivered,0.0,True,14.0,2022-11,2022,COSCO Shipping,Ocean,3.6,China,Tanjung Pelepas,Asia Pacific,0.6,Medium,New York / NJ,North America,0.8,High,0.0,22.8,Tanjung Pelepas → New York / NJ
SHP00706,P010,P006,C007,2022-12-28,2023-01-19,2023-01-19,3552.69,Delivered,0.0,True,22.0,2022-12,2022,DB Schenker,Rail,4.2,Germany,Colombo,South Asia,0.55,Low,Hamburg,Europe,0.62,Medium,0.0,22.8,Colombo → Hamburg
SHP00707,P012,P005,C010,2022-09-24,2022-10-12,2022-10-12,4078.97,Delivered,0.0,True,18.0,2022-09,2022,COSCO Shipping,Ocean,3.6,China,Long Beach,North America,0.83,High,Dubai (Jebel Ali),Middle East,0.74,Medium,0.0,22.8,Long Beach → Dubai (Jebel Ali)
SHP00708,P012,P010,C001,2022-10-21,2022-11-07,2022-11-08,2385.48,Delayed,1.0,False,18.0,2022-10,2022,Maersk Line,Ocean,4.5,Denmark,Long Beach,North America,0.83,High,Colombo,South Asia,0.55,Low,0.0,22.8,Long Beach → Colombo
SHP00709,P005,P006,C003,2023-09-23,2023-10-03,2023-10-03,1774.1,Delivered,0.0,True,10.0,2023-09,2023,CMA CGM,Ocean,4.1,France,Dubai (Jebel Ali),Middle East,0.74,Medium,Hamburg,Europe,0.62,Medium,3.0,63.2,Dubai (Jebel Ali) → Hamburg
SHP00710,P012,P003,C008,2023-01-14,2023-01-30,2023-01-30,2424.6,Delivered,0.0,True,16.0,2023-01,2023,Kuehne+Nagel,Multi,4.4,Switzerland,Long Beach,North America,0.83,High,Rotterdam,Europe,0.68,Medium,0.0,25.9,Long Beach → Rotterdam
SHP00711,P003,P010,C001,2022-12-18,2023-01-06,2023-01-06,5535.27,Delivered,0.0,True,19.0,2022-12,2022,Maersk Line,Ocean,4.5,Denmark,Rotterdam,Europe,0.68,Medium,Colombo,South Asia,0.55,Low,1.0,8.7,Rotterdam → Colombo
SHP00712,P007,P008,C004,2023-11-08,2023-12-05,2023-12-05,3307.86,Delivered,0.0,True,27.0,2023-11,2023,Evergreen Marine,Ocean,3.8,Taiwan,Busan,Asia Pacific,0.78,High,Antwerp,Europe,0.65,Medium,0.0,22.8,Busan → Antwerp
SHP00713,P006,P001,C005,2024-02-13,2024-03-05,2024-03-06,4807.23,Delayed,1.0,False,22.0,2024-02,2024,DHL Global,Air,4.7,Germany,Hamburg,Europe,0.62,Medium,Shanghai,Asia Pacific,0.92,Critical,0.0,22.8,Hamburg → Shanghai
SHP00714,P009,P004,C007,2023-12-01,2023-12-17,2023-12-17,2200.0,Delivered,0.0,True,16.0,2023-12,2023,DB Schenker,Rail,4.2,Germany,New York / NJ,North America,0.8,High,Los Angeles,North America,0.85,Critical,0.0,31.6,New York / NJ → Los Angeles
SHP00715,P001,P006,C008,2023-01-27,2023-02-26,2023-02-26,5668.48,Delivered,0.0,True,30.0,2023-01,2023,Kuehne+Nagel,Multi,4.4,Switzerland,Shanghai,Asia Pacific,0.92,Critical,Hamburg,Europe,0.62,Medium,0.0,22.8,Shanghai → Hamburg
SHP00716,P006,P008,C010,2023-10-30,2023-11-13,2023-11-13,2129.36,Delivered,0.0,True,14.0,2023-10,2023,COSCO Shipping,Ocean,3.6,China,Hamburg,Europe,0.62,Medium,Antwerp,Europe,0.65,Medium,0.0,22.8,Hamburg → Antwerp
SHP00717,P011,P010,C007,2023-04-18,2023-04-28,2023-04-28,1213.8,Delivered,0.0,True,10.0,2023-04,2023,DB Schenker,Rail,4.2,Germany,Tanjung Pelepas,Asia Pacific,0.6,Medium,Colombo,South Asia,0.55,Low,0.0,22.8,Tanjung Pelepas → Colombo
SHP00718,P012,P003,C006,2023-07-15,2023-07-25,2023-07-25,3051.04,Delivered,0.0,True,10.0,2023-07,2023,FedEx Freight,Air,4.6,USA,Long Beach,North America,0.83,High,Rotterdam,Europe,0.68,Medium,0.0,22.8,Long Beach → Rotterdam
SHP00719,P002,P010,C002,2023-12-03,2023-12-11,2023-12-11,1496.2,Delivered,0.0,True,8.0,2023-12,2023,MSC,Ocean,4.3,Switzerland,Singapore,Asia Pacific,0.71,Medium,Colombo,South Asia,0.55,Low,0.0,22.8,Singapore → Colombo
SHP00720,P001,P011,C004,2023-09-06,2023-09-26,2023-09-28,3347.88,Delayed,2.0,False,22.0,2023-09,2023,Evergreen Marine,Ocean,3.8,Taiwan,Shanghai,Asia Pacific,0.92,Critical,Tanjung Pelepas,Asia Pacific,0.6,Medium,0.0,22.8,Shanghai → Tanjung Pelepas
SHP00721,P010,P003,C007,2023-11-04,2023-11-24,2023-11-24,5260.9,Delivered,0.0,True,20.0,2023-11,2023,DB Schenker,Rail,4.2,Germany,Colombo,South Asia,0.55,Low,Rotterdam,Europe,0.68,Medium,0.0,13.8,Colombo → Rotterdam
SHP00722,P011,P008,C005,2024-02-27,2024-03-24,2024-03-24,6555.01,Delivered,0.0,True,26.0,2024-02,2024,DHL Global,Air,4.7,Germany,Tanjung Pelepas,Asia Pacific,0.6,Medium,Antwerp,Europe,0.65,Medium,0.0,22.8,Tanjung Pelepas → Antwerp
SHP00723,P005,P003,C002,2022-10-11,2022-10-25,2022-10-26,2381.59,Delayed,1.0,False,15.0,2022-10,2022,MSC,Ocean,4.3,Switzerland,Dubai (Jebel Ali),Middle East,0.74,Medium,Rotterdam,Europe,0.68,Medium,0.0,22.8,Dubai (Jebel Ali) → Rotterdam
SHP00724,P003,P009,C002,2023-05-19,2023-05-30,2023-05-30,2171.19,Delivered,0.0,True,11.0,2023-05,2023,MSC,Ocean,4.3,Switzerland,Rotterdam,Europe,0.68,Medium,New York / NJ,North America,0.8,High,0.0,22.8,Rotterdam → New York / NJ
SHP00725,P003,P010,C007,2022-08-12,2022-08-31,2022-08-31,5480.22,Delivered,0.0,True,19.0,2022-08,2022,DB Schenker,Rail,4.2,Germany,Rotterdam,Europe,0.68,Medium,Colombo,South Asia,0.55,Low,0.0,22.8,Rotterdam → Colombo
SHP00726,P005,P009,C001,2023-05-25,2023-06-14,2023-06-14,3619.15,Delivered,0.0,True,20.0,2023-05,2023,Maersk Line,Ocean,4.5,Denmark,Dubai (Jebel Ali),Middle East,0.74,Medium,New York / NJ,North America,0.8,High,0.0,22.8,Dubai (Jebel Ali) → New York / NJ
SHP00727,P007,P005,C003,2023-12-18,2023-12-28,2023-12-28,1003.41,Delivered,0.0,True,10.0,2023-12,2023,CMA CGM,Ocean,4.1,France,Busan,Asia Pacific,0.78,High,Dubai (Jebel Ali),Middle East,0.74,Medium,0.0,22.8,Busan → Dubai (Jebel Ali)
SHP00728,P007,P008,C002,2023-07-08,2023-07-31,2023-08-10,6558.59,Delayed,10.0,False,33.0,2023-07,2023,MSC,Ocean,4.3,Switzerland,Busan,Asia Pacific,0.78,High,Antwerp,Europe,0.65,Medium,0.0,22.8,Busan → Antwerp
SHP00729,P008,P002,C010,2023-07-03,2023-07-28,2023-07-28,6087.05,Delivered,0.0,True,25.0,2023-07,2023,COSCO Shipping,Ocean,3.6,China,Antwerp,Europe,0.65,Medium,Singapore,Asia Pacific,0.71,Medium,0.0,22.8,Antwerp → Singapore
SHP00730,P006,P010,C006,2022-03-24,2022-04-18,2022-04-18,4899.65,Delivered,0.0,True,25.0,2022-03,2022,FedEx Freight,Air,4.6,USA,Hamburg,Europe,0.62,Medium,Colombo,South Asia,0.55,Low,0.0,22.8,Hamburg → Colombo
SHP00731,P009,P001,C007,2023-11-08,2023-11-25,2023-11-25,4067.0,Delivered,0.0,True,17.0,2023-11,2023,DB Schenker,Rail,4.2,Germany,New York / NJ,North America,0.8,High,Shanghai,Asia Pacific,0.92,Critical,0.0,22.8,New York / NJ → Shanghai
SHP00732,P011,P008,C004,2022-05-24,2022-06-13,2022-06-13,6224.99,Delivered,0.0,True,20.0,2022-05,2022,Evergreen Marine,Ocean,3.8,Taiwan,Tanjung Pelepas,Asia Pacific,0.6,Medium,Antwerp,Europe,0.65,Medium,0.0,22.8,Tanjung Pelepas → Antwerp
SHP00733,P008,P007,C002,2024-03-22,2024-04-19,2024-04-19,6210.81,Delivered,0.0,True,28.0,2024-03,2024,MSC,Ocean,4.3,Switzerland,Antwerp,Europe,0.65,Medium,Busan,Asia Pacific,0.78,High,0.0,22.8,Antwerp → Busan
SHP00734,P001,P002,C006,2022-02-27,2022-03-14,2022-03-14,1824.01,Delivered,0.0,True,15.0,2022-02,2022,FedEx Freight,Air,4.6,USA,Shanghai,Asia Pacific,0.92,Critical,Singapore,Asia Pacific,0.71,Medium,3.0,50.2,Shanghai → Singapore
SHP00735,P011,P012,C009,2023-04-15,2023-05-07,2023-05-13,3923.79,Delayed,6.0,False,28.0,2023-04,2023,Hapag-Lloyd,Ocean,4.0,Germany,Tanjung Pelepas,Asia Pacific,0.6,Medium,Long Beach,North America,0.83,High,0.0,22.8,Tanjung Pelepas → Long Beach
SHP00736,P011,P001,C008,2023-09-26,2023-10-06,2023-10-06,2840.93,Delivered,0.0,True,10.0,2023-09,2023,Kuehne+Nagel,Multi,4.4,Switzerland,Tanjung Pelepas,Asia Pacific,0.6,Medium,Shanghai,Asia Pacific,0.92,Critical,1.0,19.1,Tanjung Pelepas → Shanghai
SHP00737,P011,P001,C005,2024-04-20,2024-05-01,2024-05-01,1458.92,In Transit,0.0,True,11.0,2024-04,2024,DHL Global,Air,4.7,Germany,Tanjung Pelepas,Asia Pacific,0.6,Medium,Shanghai,Asia Pacific,0.92,Critical,1.0,16.0,Tanjung Pelepas → Shanghai
SHP00738,P010,P011,C004,2022-03-06,2022-03-12,2022-03-12,1003.81,Delivered,0.0,True,6.0,2022-03,2022,Evergreen Marine,Ocean,3.8,Taiwan,Colombo,South Asia,0.55,Low,Tanjung Pelepas,Asia Pacific,0.6,Medium,0.0,22.8,Colombo → Tanjung Pelepas
SHP00739,P011,P007,C006,2022-05-04,2022-05-24,2022-05-24,2626.22,Delivered,0.0,True,20.0,2022-05,2022,FedEx Freight,Air,4.6,USA,Tanjung Pelepas,Asia Pacific,0.6,Medium,Busan,Asia Pacific,0.78,High,0.0,8.0,Tanjung Pelepas → Busan
SHP00740,P010,P003,C006,2022-03-06,2022-03-25,2022-03-25,4842.26,Delivered,0.0,True,19.0,2022-03,2022,FedEx Freight,Air,4.6,USA,Colombo,South Asia,0.55,Low,Rotterdam,Europe,0.68,Medium,0.0,22.8,Colombo → Rotterdam
SHP00741,P006,P010,C003,2023-03-26,2023-04-16,2023-04-16,4287.43,Delivered,0.0,True,21.0,2023-03,2023,CMA CGM,Ocean,4.1,France,Hamburg,Europe,0.62,Medium,Colombo,South Asia,0.55,Low,0.0,22.8,Hamburg → Colombo
SHP00742,P003,P001,C008,2022-03-24,2022-04-13,2022-04-17,7208.77,Delayed,4.0,False,24.0,2022-03,2022,Kuehne+Nagel,Multi,4.4,Switzerland,Rotterdam,Europe,0.68,Medium,Shanghai,Asia Pacific,0.92,Critical,0.0,22.8,Rotterdam → Shanghai
SHP00743,P010,P005,C007,2023-12-12,2023-12-29,2023-12-29,1817.23,Delivered,0.0,True,17.0,2023-12,2023,DB Schenker,Rail,4.2,Germany,Colombo,South Asia,0.55,Low,Dubai (Jebel Ali),Middle East,0.74,Medium,0.0,22.8,Colombo → Dubai (Jebel Ali)
SHP00744,P003,P011,C001,2023-09-03,2023-09-25,2023-09-25,5270.45,Delivered,0.0,True,22.0,2023-09,2023,Maersk Line,Ocean,4.5,Denmark,Rotterdam,Europe,0.68,Medium,Tanjung Pelepas,Asia Pacific,0.6,Medium,0.0,22.8,Rotterdam → Tanjung Pelepas
SHP00745,P005,P007,C007,2022-01-05,2022-01-17,2022-01-17,1439.39,Delivered,0.0,True,12.0,2022-01,2022,DB Schenker,Rail,4.2,Germany,Dubai (Jebel Ali),Middle East,0.74,Medium,Busan,Asia Pacific,0.78,High,0.0,22.8,Dubai (Jebel Ali) → Busan
SHP00746,P009,P010,C004,2023-04-21,2023-05-11,2023-05-11,2197.19,Delivered,0.0,True,20.0,2023-04,2023,Evergreen Marine,Ocean,3.8,Taiwan,New York / NJ,North America,0.8,High,Colombo,South Asia,0.55,Low,0.0,22.8,New York / NJ → Colombo
SHP00747,P003,P012,C008,2023-05-25,2023-06-05,2023-06-05,3763.04,Delivered,0.0,True,11.0,2023-05,2023,Kuehne+Nagel,Multi,4.4,Switzerland,Rotterdam,Europe,0.68,Medium,Long Beach,North America,0.83,High,0.0,22.8,Rotterdam → Long Beach
SHP00748,P005,P007,C010,2024-04-04,2024-04-18,2024-04-18,1727.86,In Transit,0.0,True,14.0,2024-04,2024,COSCO Shipping,Ocean,3.6,China,Dubai (Jebel Ali),Middle East,0.74,Medium,Busan,Asia Pacific,0.78,High,0.0,22.8,Dubai (Jebel Ali) → Busan
SHP00749,P003,P004,C001,2023-05-12,2023-05-26,2023-05-26,3177.59,Delivered,0.0,True,14.0,2023-05,2023,Maersk Line,Ocean,4.5,Denmark,Rotterdam,Europe,0.68,Medium,Los Angeles,North America,0.85,Critical,0.0,22.8,Rotterdam → Los Angeles
SHP00750,P004,P012,C006,2022-08-24,2022-09-04,2022-09-04,1448.4,Delivered,0.0,True,11.0,2022-08,2022,FedEx Freight,Air,4.6,USA,Los Angeles,North America,0.85,Critical,Long Beach,North America,0.83,High,0.0,22.8,Los Angeles → Long Beach
SHP00751,P004,P008,C004,2022-03-17,2022-03-30,2022-03-30,1600.09,Delivered,0.0,True,13.0,2022-03,2022,Evergreen Marine,Ocean,3.8,Taiwan,Los Angeles,North America,0.85,Critical,Antwerp,Europe,0.65,Medium,0.0,20.3,Los Angeles → Antwerp
SHP00752,P003,P008,C006,2022-05-20,2022-06-06,2022-06-06,3057.94,Delivered,0.0,True,17.0,2022-05,2022,FedEx Freight,Air,4.6,USA,Rotterdam,Europe,0.68,Medium,Antwerp,Europe,0.65,Medium,0.0,22.8,Rotterdam → Antwerp
SHP00753,P004,P007,C003,2022-02-02,2022-02-16,2022-02-16,2360.92,Delivered,0.0,True,14.0,2022-02,2022,CMA CGM,Ocean,4.1,France,Los Angeles,North America,0.85,Critical,Busan,Asia Pacific,0.78,High,0.0,22.8,Los Angeles → Busan
SHP00754,P004,P006,C010,2022-06-10,2022-06-26,2022-06-26,3270.76,Delivered,0.0,True,16.0,2022-06,2022,COSCO Shipping,Ocean,3.6,China,Los Angeles,North America,0.85,Critical,Hamburg,Europe,0.62,Medium,0.0,22.8,Los Angeles → Hamburg
SHP00755,P010,P009,C004,2022-03-30,2022-04-15,2022-04-15,3213.41,Delivered,0.0,True,16.0,2022-03,2022,Evergreen Marine,Ocean,3.8,Taiwan,Colombo,South Asia,0.55,Low,New York / NJ,North America,0.8,High,0.0,22.8,Colombo → New York / NJ
SHP00756,P005,P001,C007,2024-01-24,2024-02-07,2024-02-07,1889.51,Delivered,0.0,True,14.0,2024-01,2024,DB Schenker,Rail,4.2,Germany,Dubai (Jebel Ali),Middle East,0.74,Medium,Shanghai,Asia Pacific,0.92,Critical,2.0,53.9,Dubai (Jebel Ali) → Shanghai
SHP00757,P010,P003,C010,2022-01-06,2022-01-30,2022-01-30,2526.71,Delivered,0.0,True,24.0,2022-01,2022,COSCO Shipping,Ocean,3.6,China,Colombo,South Asia,0.55,Low,Rotterdam,Europe,0.68,Medium,0.0,22.8,Colombo → Rotterdam
SHP00758,P009,P007,C008,2024-04-09,2024-04-24,2024-04-24,3363.63,In Transit,0.0,True,15.0,2024-04,2024,Kuehne+Nagel,Multi,4.4,Switzerland,New York / NJ,North America,0.8,High,Busan,Asia Pacific,0.78,High,0.0,22.8,New York / NJ → Busan
SHP00759,P007,P004,C003,2023-01-03,2023-01-21,2023-01-21,5432.72,Delivered,0.0,True,18.0,2023-01,2023,CMA CGM,Ocean,4.1,France,Busan,Asia Pacific,0.78,High,Los Angeles,North America,0.85,Critical,0.0,22.8,Busan → Los Angeles
SHP00760,P008,P011,C010,2022-01-25,2022-02-21,2022-02-21,4094.35,Delivered,0.0,True,27.0,2022-01,2022,COSCO Shipping,Ocean,3.6,China,Antwerp,Europe,0.65,Medium,Tanjung Pelepas,Asia Pacific,0.6,Medium,0.0,22.8,Antwerp → Tanjung Pelepas
SHP00761,P003,P007,C008,2023-12-22,2024-01-21,2024-01-29,5167.89,Delayed,8.0,False,38.0,2023-12,2023,Kuehne+Nagel,Multi,4.4,Switzerland,Rotterdam,Europe,0.68,Medium,Busan,Asia Pacific,0.78,High,1.0,33.2,Rotterdam → Busan
SHP00762,P005,P008,C005,2023-12-16,2023-12-28,2023-12-28,3060.5,Delivered,0.0,True,12.0,2023-12,2023,DHL Global,Air,4.7,Germany,Dubai (Jebel Ali),Middle East,0.74,Medium,Antwerp,Europe,0.65,Medium,0.0,26.4,Dubai (Jebel Ali) → Antwerp
SHP00763,P002,P011,C006,2024-01-24,2024-02-03,2024-02-03,3237.7,Delivered,0.0,True,10.0,2024-01,2024,FedEx Freight,Air,4.6,USA,Singapore,Asia Pacific,0.71,Medium,Tanjung Pelepas,Asia Pacific,0.6,Medium,0.0,20.1,Singapore → Tanjung Pelepas
SHP00764,P008,P011,C001,2023-01-10,2023-02-04,2023-02-04,5700.5,Delivered,0.0,True,25.0,2023-01,2023,Maersk Line,Ocean,4.5,Denmark,Antwerp,Europe,0.65,Medium,Tanjung Pelepas,Asia Pacific,0.6,Medium,0.0,22.8,Antwerp → Tanjung Pelepas
SHP00765,P012,P004,C003,2022-12-09,2022-12-22,2022-12-22,2772.5,Delivered,0.0,True,13.0,2022-12,2022,CMA CGM,Ocean,4.1,France,Long Beach,North America,0.83,High,Los Angeles,North America,0.85,Critical,0.0,34.0,Long Beach → Los Angeles
SHP00766,P012,P004,C004,2022-11-25,2022-12-10,2022-12-10,1732.44,Delivered,0.0,True,15.0,2022-11,2022,Evergreen Marine,Ocean,3.8,Taiwan,Long Beach,North America,0.83,High,Los Angeles,North America,0.85,Critical,0.0,22.8,Long Beach → Los Angeles
SHP00767,P001,P003,C006,2022-12-20,2023-01-16,2023-01-16,6085.4,Delivered,0.0,True,27.0,2022-12,2022,FedEx Freight,Air,4.6,USA,Shanghai,Asia Pacific,0.92,Critical,Rotterdam,Europe,0.68,Medium,0.0,22.8,Shanghai → Rotterdam
SHP00768,P009,P005,C008,2023-09-28,2023-10-21,2023-10-21,6575.23,Delivered,0.0,True,23.0,2023-09,2023,Kuehne+Nagel,Multi,4.4,Switzerland,New York / NJ,North America,0.8,High,Dubai (Jebel Ali),Middle East,0.74,Medium,0.0,22.8,New York / NJ → Dubai (Jebel Ali)
SHP00769,P002,P005,C008,2022-03-31,2022-04-08,2022-04-08,1951.61,Delivered,0.0,True,8.0,2022-03,2022,Kuehne+Nagel,Multi,4.4,Switzerland,Singapore,Asia Pacific,0.71,Medium,Dubai (Jebel Ali),Middle East,0.74,Medium,0.0,22.8,Singapore → Dubai (Jebel Ali)
SHP00770,P002,P004,C008,2022-06-04,2022-06-21,2022-06-21,3967.54,Delivered,0.0,True,17.0,2022-06,2022,Kuehne+Nagel,Multi,4.4,Switzerland,Singapore,Asia Pacific,0.71,Medium,Los Angeles,North America,0.85,Critical,0.0,22.8,Singapore → Los Angeles
SHP00771,P011,P009,C003,2023-05-01,2023-05-20,2023-05-20,4477.03,Delivered,0.0,True,19.0,2023-05,2023,CMA CGM,Ocean,4.1,France,Tanjung Pelepas,Asia Pacific,0.6,Medium,New York / NJ,North America,0.8,High,0.0,22.8,Tanjung Pelepas → New York / NJ
SHP00772,P004,P010,C006,2023-02-26,2023-03-17,2023-03-17,2986.02,Delivered,0.0,True,19.0,2023-02,2023,FedEx Freight,Air,4.6,USA,Los Angeles,North America,0.85,Critical,Colombo,South Asia,0.55,Low,0.0,22.8,Los Angeles → Colombo
SHP00773,P010,P012,C009,2024-05-12,2024-05-30,2024-05-30,2910.9,In Transit,0.0,True,18.0,2024-05,2024,Hapag-Lloyd,Ocean,4.0,Germany,Colombo,South Asia,0.55,Low,Long Beach,North America,0.83,High,0.0,22.8,Colombo → Long Beach
SHP00774,P004,P009,C006,2022-10-23,2022-11-02,2022-11-02,3042.24,Delivered,0.0,True,10.0,2022-10,2022,FedEx Freight,Air,4.6,USA,Los Angeles,North America,0.85,Critical,New York / NJ,North America,0.8,High,0.0,22.8,Los Angeles → New York / NJ
SHP00775,P010,P003,C009,2022-10-20,2022-11-09,2022-11-09,5309.02,Delivered,0.0,True,20.0,2022-10,2022,Hapag-Lloyd,Ocean,4.0,Germany,Colombo,South Asia,0.55,Low,Rotterdam,Europe,0.68,Medium,0.0,22.8,Colombo → Rotterdam
SHP00776,P004,P002,C001,2022-11-21,2022-12-07,2022-12-07,2810.52,Delivered,0.0,True,16.0,2022-11,2022,Maersk Line,Ocean,4.5,Denmark,Los Angeles,North America,0.85,Critical,Singapore,Asia Pacific,0.71,Medium,1.0,16.4,Los Angeles → Singapore
SHP00777,P012,P001,C006,2022-12-19,2023-01-04,2023-01-04,4114.13,Delivered,0.0,True,16.0,2022-12,2022,FedEx Freight,Air,4.6,USA,Long Beach,North America,0.83,High,Shanghai,Asia Pacific,0.92,Critical,0.0,22.8,Long Beach → Shanghai
SHP00778,P007,P009,C003,2023-04-15,2023-05-04,2023-05-10,4995.06,Delayed,6.0,False,25.0,2023-04,2023,CMA CGM,Ocean,4.1,France,Busan,Asia Pacific,0.78,High,New York / NJ,North America,0.8,High,0.0,22.8,Busan → New York / NJ
SHP00779,P009,P006,C005,2023-05-01,2023-05-13,2023-05-13,3870.85,Delivered,0.0,True,12.0,2023-05,2023,DHL Global,Air,4.7,Germany,New York / NJ,North America,0.8,High,Hamburg,Europe,0.62,Medium,0.0,22.8,New York / NJ → Hamburg
SHP00780,P012,P008,C006,2023-12-07,2023-12-17,2023-12-17,3301.91,Delivered,0.0,True,10.0,2023-12,2023,FedEx Freight,Air,4.6,USA,Long Beach,North America,0.83,High,Antwerp,Europe,0.65,Medium,1.0,31.9,Long Beach → Antwerp
SHP00781,P009,P002,C005,2022-01-26,2022-02-15,2022-02-15,2957.64,Delivered,0.0,True,20.0,2022-01,2022,DHL Global,Air,4.7,Germany,New York / NJ,North America,0.8,High,Singapore,Asia Pacific,0.71,Medium,0.0,22.8,New York / NJ → Singapore
SHP00782,P004,P011,C009,2022-08-16,2022-09-03,2022-09-03,3138.24,Delivered,0.0,True,18.0,2022-08,2022,Hapag-Lloyd,Ocean,4.0,Germany,Los Angeles,North America,0.85,Critical,Tanjung Pelepas,Asia Pacific,0.6,Medium,0.0,22.8,Los Angeles → Tanjung Pelepas
SHP00783,P011,P012,C002,2023-06-09,2023-06-29,2023-06-29,2397.47,Delivered,0.0,True,20.0,2023-06,2023,MSC,Ocean,4.3,Switzerland,Tanjung Pelepas,Asia Pacific,0.6,Medium,Long Beach,North America,0.83,High,0.0,22.8,Tanjung Pelepas → Long Beach
SHP00784,P006,P008,C003,2024-01-04,2024-01-20,2024-01-20,1698.52,Delivered,0.0,True,16.0,2024-01,2024,CMA CGM,Ocean,4.1,France,Hamburg,Europe,0.62,Medium,Antwerp,Europe,0.65,Medium,0.0,22.8,Hamburg → Antwerp
SHP00785,P006,P005,C008,2024-06-14,2024-06-26,2024-06-27,946.59,Delivered,1.0,False,13.0,2024-06,2024,Kuehne+Nagel,Multi,4.4,Switzerland,Hamburg,Europe,0.62,Medium,Dubai (Jebel Ali),Middle East,0.74,Medium,0.0,22.8,Hamburg → Dubai (Jebel Ali)
SHP00786,P012,P007,C007,2022-05-23,2022-06-07,2022-06-15,3826.48,Delayed,8.0,False,23.0,2022-05,2022,DB Schenker,Rail,4.2,Germany,Long Beach,North America,0.83,High,Busan,Asia Pacific,0.78,High,0.0,22.8,Long Beach → Busan
SHP00787,P009,P006,C002,2023-08-28,2023-09-13,2023-09-13,1668.07,Delivered,0.0,True,16.0,2023-08,2023,MSC,Ocean,4.3,Switzerland,New York / NJ,North America,0.8,High,Hamburg,Europe,0.62,Medium,0.0,22.8,New York / NJ → Hamburg
SHP00788,P008,P011,C003,2022-07-24,2022-08-15,2022-08-15,4316.26,Delivered,0.0,True,22.0,2022-07,2022,CMA CGM,Ocean,4.1,France,Antwerp,Europe,0.65,Medium,Tanjung Pelepas,Asia Pacific,0.6,Medium,0.0,31.7,Antwerp → Tanjung Pelepas
SHP00789,P005,P011,C005,2023-05-21,2023-06-02,2023-06-02,1927.91,Delivered,0.0,True,12.0,2023-05,2023,DHL Global,Air,4.7,Germany,Dubai (Jebel Ali),Middle East,0.74,Medium,Tanjung Pelepas,Asia Pacific,0.6,Medium,0.0,22.8,Dubai (Jebel Ali) → Tanjung Pelepas
SHP00790,P011,P012,C008,2022-05-08,2022-05-26,2022-05-26,3455.41,Delivered,0.0,True,18.0,2022-05,2022,Kuehne+Nagel,Multi,4.4,Switzerland,Tanjung Pelepas,Asia Pacific,0.6,Medium,Long Beach,North America,0.83,High,0.0,22.8,Tanjung Pelepas → Long Beach
SHP00791,P004,P001,C002,2024-02-23,2024-03-12,2024-03-12,4320.19,Delivered,0.0,True,18.0,2024-02,2024,MSC,Ocean,4.3,Switzerland,Los Angeles,North America,0.85,Critical,Shanghai,Asia Pacific,0.92,Critical,0.0,8.9,Los Angeles → Shanghai
SHP00792,P007,P005,C008,2023-12-12,2023-12-26,2023-12-26,1883.2,Delivered,0.0,True,14.0,2023-12,2023,Kuehne+Nagel,Multi,4.4,Switzerland,Busan,Asia Pacific,0.78,High,Dubai (Jebel Ali),Middle East,0.74,Medium,0.0,22.8,Busan → Dubai (Jebel Ali)
SHP00793,P005,P003,C010,2022-03-01,2022-03-10,2022-03-10,2639.86,Delivered,0.0,True,9.0,2022-03,2022,COSCO Shipping,Ocean,3.6,China,Dubai (Jebel Ali),Middle East,0.74,Medium,Rotterdam,Europe,0.68,Medium,0.0,22.8,Dubai (Jebel Ali) → Rotterdam
SHP00794,P007,P012,C006,2022-02-19,2022-03-09,2022-03-09,4328.88,Delivered,0.0,True,18.0,2022-02,2022,FedEx Freight,Air,4.6,USA,Busan,Asia Pacific,0.78,High,Long Beach,North America,0.83,High,0.0,22.8,Busan → Long Beach
SHP00795,P004,P012,C003,2024-02-23,2024-03-05,2024-03-05,1939.57,Delivered,0.0,True,11.0,2024-02,2024,CMA CGM,Ocean,4.1,France,Los Angeles,North America,0.85,Critical,Long Beach,North America,0.83,High,0.0,8.9,Los Angeles → Long Beach
SHP00796,P005,P006,C006,2022-04-09,2022-04-21,2022-04-21,2961.34,Delivered,0.0,True,12.0,2022-04,2022,FedEx Freight,Air,4.6,USA,Dubai (Jebel Ali),Middle East,0.74,Medium,Hamburg,Europe,0.62,Medium,0.0,22.8,Dubai (Jebel Ali) → Hamburg
SHP00797,P009,P005,C006,2024-03-08,2024-04-02,2024-04-02,6232.18,Delivered,0.0,True,25.0,2024-03,2024,FedEx Freight,Air,4.6,USA,New York / NJ,North America,0.8,High,Dubai (Jebel Ali),Middle East,0.74,Medium,0.0,22.8,New York / NJ → Dubai (Jebel Ali)
SHP00798,P004,P010,C010,2023-12-08,2023-12-26,2023-12-26,3119.43,Delivered,0.0,True,18.0,2023-12,2023,COSCO Shipping,Ocean,3.6,China,Los Angeles,North America,0.85,Critical,Colombo,South Asia,0.55,Low,0.0,22.8,Los Angeles → Colombo
SHP00799,P002,P008,C008,2022-03-20,2022-04-10,2022-04-10,6202.42,Delivered,0.0,True,21.0,2022-03,2022,Kuehne+Nagel,Multi,4.4,Switzerland,Singapore,Asia Pacific,0.71,Medium,Antwerp,Europe,0.65,Medium,0.0,15.3,Singapore → Antwerp
SHP00800,P008,P011,C009,2024-02-21,2024-03-17,2024-03-17,4686.69,Delivered,0.0,True,25.0,2024-02,2024,Hapag-Lloyd,Ocean,4.0,Germany,Antwerp,Europe,0.65,Medium,Tanjung Pelepas,Asia Pacific,0.6,Medium,0.0,22.8,Antwerp → Tanjung Pelepas
SHP00801,P002,P005,C003,2024-05-27,2024-06-09,2024-06-12,1961.42,In Transit,3.0,False,16.0,2024-05,2024,CMA CGM,Ocean,4.1,France,Singapore,Asia Pacific,0.71,Medium,Dubai (Jebel Ali),Middle East,0.74,Medium,0.0,22.8,Singapore → Dubai (Jebel Ali)
SHP00802,P002,P003,C001,2024-03-04,2024-03-31,2024-03-31,4203.73,Delivered,0.0,True,27.0,2024-03,2024,Maersk Line,Ocean,4.5,Denmark,Singapore,Asia Pacific,0.71,Medium,Rotterdam,Europe,0.68,Medium,0.0,22.8,Singapore → Rotterdam
SHP00803,P011,P009,C010,2022-03-02,2022-03-23,2022-03-29,3718.75,Delayed,6.0,False,27.0,2022-03,2022,COSCO Shipping,Ocean,3.6,China,Tanjung Pelepas,Asia Pacific,0.6,Medium,New York / NJ,North America,0.8,High,1.0,8.7,Tanjung Pelepas → New York / NJ
SHP00804,P002,P011,C004,2023-08-25,2023-09-07,2023-09-15,2647.2,Delayed,8.0,False,21.0,2023-08,2023,Evergreen Marine,Ocean,3.8,Taiwan,Singapore,Asia Pacific,0.71,Medium,Tanjung Pelepas,Asia Pacific,0.6,Medium,0.0,22.8,Singapore → Tanjung Pelepas
SHP00805,P012,P005,C010,2022-12-23,2023-01-15,2023-01-17,4487.63,Delayed,2.0,False,25.0,2022-12,2022,COSCO Shipping,Ocean,3.6,China,Long Beach,North America,0.83,High,Dubai (Jebel Ali),Middle East,0.74,Medium,0.0,22.8,Long Beach → Dubai (Jebel Ali)
SHP00806,P002,P011,C001,2023-06-26,2023-07-09,2023-07-09,3033.29,Delivered,0.0,True,13.0,2023-06,2023,Maersk Line,Ocean,4.5,Denmark,Singapore,Asia Pacific,0.71,Medium,Tanjung Pelepas,Asia Pacific,0.6,Medium,0.0,22.8,Singapore → Tanjung Pelepas
SHP00807,P009,P001,C002,2022-08-08,2022-08-30,2022-08-30,3568.84,Delivered,0.0,True,22.0,2022-08,2022,MSC,Ocean,4.3,Switzerland,New York / NJ,North America,0.8,High,Shanghai,Asia Pacific,0.92,Critical,0.0,20.7,New York / NJ → Shanghai
SHP00808,P002,P004,C006,2023-01-24,2023-02-13,2023-02-13,2923.92,Delivered,0.0,True,20.0,2023-01,2023,FedEx Freight,Air,4.6,USA,Singapore,Asia Pacific,0.71,Medium,Los Angeles,North America,0.85,Critical,0.0,22.8,Singapore → Los Angeles
SHP00809,P006,P002,C008,2022-04-23,2022-05-21,2022-05-21,5968.17,Delivered,0.0,True,28.0,2022-04,2022,Kuehne+Nagel,Multi,4.4,Switzerland,Hamburg,Europe,0.62,Medium,Singapore,Asia Pacific,0.71,Medium,0.0,22.8,Hamburg → Singapore
SHP00810,P006,P009,C002,2023-01-30,2023-02-11,2023-02-11,2399.29,Delivered,0.0,True,12.0,2023-01,2023,MSC,Ocean,4.3,Switzerland,Hamburg,Europe,0.62,Medium,New York / NJ,North America,0.8,High,0.0,22.8,Hamburg → New York / NJ
SHP00811,P008,P004,C009,2023-02-22,2023-03-06,2023-03-06,3154.71,Delivered,0.0,True,12.0,2023-02,2023,Hapag-Lloyd,Ocean,4.0,Germany,Antwerp,Europe,0.65,Medium,Los Angeles,North America,0.85,Critical,0.0,31.3,Antwerp → Los Angeles
SHP00812,P011,P006,C003,2022-01-14,2022-02-13,2022-02-13,3250.36,Delivered,0.0,True,30.0,2022-01,2022,CMA CGM,Ocean,4.1,France,Tanjung Pelepas,Asia Pacific,0.6,Medium,Hamburg,Europe,0.62,Medium,0.0,22.8,Tanjung Pelepas → Hamburg
SHP00813,P011,P012,C002,2022-05-03,2022-05-19,2022-05-19,4944.96,Delivered,0.0,True,16.0,2022-05,2022,MSC,Ocean,4.3,Switzerland,Tanjung Pelepas,Asia Pacific,0.6,Medium,Long Beach,North America,0.83,High,0.0,22.8,Tanjung Pelepas → Long Beach
SHP00814,P003,P002,C006,2022-07-23,2022-08-17,2022-08-17,6372.54,Delivered,0.0,True,25.0,2022-07,2022,FedEx Freight,Air,4.6,USA,Rotterdam,Europe,0.68,Medium,Singapore,Asia Pacific,0.71,Medium,0.0,22.8,Rotterdam → Singapore
SHP00815,P004,P008,C008,2022-10-13,2022-10-29,2022-10-29,2675.98,Delivered,0.0,True,16.0,2022-10,2022,Kuehne+Nagel,Multi,4.4,Switzerland,Los Angeles,North America,0.85,Critical,Antwerp,Europe,0.65,Medium,1.0,8.9,Los Angeles → Antwerp
SHP00816,P007,P006,C008,2023-11-14,2023-12-13,2023-12-13,7696.85,Delivered,0.0,True,29.0,2023-11,2023,Kuehne+Nagel,Multi,4.4,Switzerland,Busan,Asia Pacific,0.78,High,Hamburg,Europe,0.62,Medium,0.0,22.8,Busan → Hamburg
SHP00817,P003,P009,C002,2022-05-06,2022-05-18,2022-05-18,2373.91,Delivered,0.0,True,12.0,2022-05,2022,MSC,Ocean,4.3,Switzerland,Rotterdam,Europe,0.68,Medium,New York / NJ,North America,0.8,High,0.0,22.8,Rotterdam → New York / NJ
SHP00818,P002,P009,C001,2022-07-03,2022-07-23,2022-07-23,3370.21,Delivered,0.0,True,20.0,2022-07,2022,Maersk Line,Ocean,4.5,Denmark,Singapore,Asia Pacific,0.71,Medium,New York / NJ,North America,0.8,High,3.0,84.7,Singapore → New York / NJ
SHP00819,P010,P002,C002,2023-11-08,2023-11-17,2023-11-17,1767.11,Delivered,0.0,True,9.0,2023-11,2023,MSC,Ocean,4.3,Switzerland,Colombo,South Asia,0.55,Low,Singapore,Asia Pacific,0.71,Medium,0.0,22.8,Colombo → Singapore
SHP00820,P005,P010,C006,2024-04-08,2024-04-26,2024-04-26,4112.57,In Transit,0.0,True,18.0,2024-04,2024,FedEx Freight,Air,4.6,USA,Dubai (Jebel Ali),Middle East,0.74,Medium,Colombo,South Asia,0.55,Low,2.0,88.2,Dubai (Jebel Ali) → Colombo
SHP00821,P002,P008,C008,2022-11-19,2022-12-15,2022-12-15,4292.66,Delivered,0.0,True,26.0,2022-11,2022,Kuehne+Nagel,Multi,4.4,Switzerland,Singapore,Asia Pacific,0.71,Medium,Antwerp,Europe,0.65,Medium,0.0,22.8,Singapore → Antwerp
SHP00822,P012,P003,C008,2023-03-18,2023-03-29,2023-03-29,3171.27,Delivered,0.0,True,11.0,2023-03,2023,Kuehne+Nagel,Multi,4.4,Switzerland,Long Beach,North America,0.83,High,Rotterdam,Europe,0.68,Medium,3.0,78.0,Long Beach → Rotterdam
SHP00823,P010,P012,C008,2023-11-07,2023-11-25,2023-11-25,1818.13,Delivered,0.0,True,18.0,2023-11,2023,Kuehne+Nagel,Multi,4.4,Switzerland,Colombo,South Asia,0.55,Low,Long Beach,North America,0.83,High,3.0,74.1,Colombo → Long Beach
SHP00824,P007,P005,C008,2023-08-29,2023-09-09,2023-09-09,2115.21,Delivered,0.0,True,11.0,2023-08,2023,Kuehne+Nagel,Multi,4.4,Switzerland,Busan,Asia Pacific,0.78,High,Dubai (Jebel Ali),Middle East,0.74,Medium,0.0,22.8,Busan → Dubai (Jebel Ali)
SHP00825,P006,P001,C001,2023-08-28,2023-09-17,2023-09-17,5238.06,Delivered,0.0,True,20.0,2023-08,2023,Maersk Line,Ocean,4.5,Denmark,Hamburg,Europe,0.62,Medium,Shanghai,Asia Pacific,0.92,Critical,0.0,22.8,Hamburg → Shanghai
SHP00826,P011,P006,C007,2022-04-10,2022-05-06,2022-05-06,4241.89,Delivered,0.0,True,26.0,2022-04,2022,DB Schenker,Rail,4.2,Germany,Tanjung Pelepas,Asia Pacific,0.6,Medium,Hamburg,Europe,0.62,Medium,0.0,30.0,Tanjung Pelepas → Hamburg
SHP00827,P011,P004,C004,2022-08-29,2022-09-16,2022-09-16,4798.51,Delivered,0.0,True,18.0,2022-08,2022,Evergreen Marine,Ocean,3.8,Taiwan,Tanjung Pelepas,Asia Pacific,0.6,Medium,Los Angeles,North America,0.85,Critical,0.0,32.6,Tanjung Pelepas → Los Angeles
SHP00828,P001,P010,C006,2022-02-08,2022-02-16,2022-02-16,1471.55,Delivered,0.0,True,8.0,2022-02,2022,FedEx Freight,Air,4.6,USA,Shanghai,Asia Pacific,0.92,Critical,Colombo,South Asia,0.55,Low,0.0,22.8,Shanghai → Colombo
SHP00829,P007,P005,C001,2023-12-14,2023-12-25,2023-12-25,2389.88,Delivered,0.0,True,11.0,2023-12,2023,Maersk Line,Ocean,4.5,Denmark,Busan,Asia Pacific,0.78,High,Dubai (Jebel Ali),Middle East,0.74,Medium,0.0,22.8,Busan → Dubai (Jebel Ali)
SHP00830,P008,P002,C004,2022-12-11,2023-01-07,2023-01-07,6225.14,Delivered,0.0,True,27.0,2022-12,2022,Evergreen Marine,Ocean,3.8,Taiwan,Antwerp,Europe,0.65,Medium,Singapore,Asia Pacific,0.71,Medium,0.0,22.8,Antwerp → Singapore
SHP00831,P010,P005,C006,2023-03-23,2023-04-05,2023-04-05,3470.61,Delivered,0.0,True,13.0,2023-03,2023,FedEx Freight,Air,4.6,USA,Colombo,South Asia,0.55,Low,Dubai (Jebel Ali),Middle East,0.74,Medium,0.0,22.8,Colombo → Dubai (Jebel Ali)
SHP00832,P005,P006,C001,2022-11-01,2022-11-13,2022-11-13,896.55,Delivered,0.0,True,12.0,2022-11,2022,Maersk Line,Ocean,4.5,Denmark,Dubai (Jebel Ali),Middle East,0.74,Medium,Hamburg,Europe,0.62,Medium,0.0,22.8,Dubai (Jebel Ali) → Hamburg
SHP00833,P002,P011,C002,2023-08-30,2023-09-14,2023-09-14,2241.22,Delivered,0.0,True,15.0,2023-08,2023,MSC,Ocean,4.3,Switzerland,Singapore,Asia Pacific,0.71,Medium,Tanjung Pelepas,Asia Pacific,0.6,Medium,1.0,21.8,Singapore → Tanjung Pelepas
SHP00834,P002,P012,C005,2023-06-01,2023-06-19,2023-06-19,3819.46,Delivered,0.0,True,18.0,2023-06,2023,DHL Global,Air,4.7,Germany,Singapore,Asia Pacific,0.71,Medium,Long Beach,North America,0.83,High,1.0,12.5,Singapore → Long Beach
SHP00835,P007,P005,C010,2023-06-12,2023-06-23,2023-06-23,2584.87,Delivered,0.0,True,11.0,2023-06,2023,COSCO Shipping,Ocean,3.6,China,Busan,Asia Pacific,0.78,High,Dubai (Jebel Ali),Middle East,0.74,Medium,0.0,22.8,Busan → Dubai (Jebel Ali)
SHP00836,P003,P011,C008,2022-08-07,2022-09-06,2022-09-06,5608.66,Delivered,0.0,True,30.0,2022-08,2022,Kuehne+Nagel,Multi,4.4,Switzerland,Rotterdam,Europe,0.68,Medium,Tanjung Pelepas,Asia Pacific,0.6,Medium,0.0,22.8,Rotterdam → Tanjung Pelepas
SHP00837,P011,P009,C010,2024-05-23,2024-06-12,2024-06-12,4286.94,Delivered,0.0,True,20.0,2024-05,2024,COSCO Shipping,Ocean,3.6,China,Tanjung Pelepas,Asia Pacific,0.6,Medium,New York / NJ,North America,0.8,High,1.0,6.9,Tanjung Pelepas → New York / NJ
SHP00838,P003,P012,C005,2024-05-14,2024-05-27,2024-05-27,3415.62,In Transit,0.0,True,13.0,2024-05,2024,DHL Global,Air,4.7,Germany,Rotterdam,Europe,0.68,Medium,Long Beach,North America,0.83,High,0.0,14.8,Rotterdam → Long Beach
SHP00839,P007,P005,C005,2023-10-24,2023-11-02,2023-11-02,2112.47,Delivered,0.0,True,9.0,2023-10,2023,DHL Global,Air,4.7,Germany,Busan,Asia Pacific,0.78,High,Dubai (Jebel Ali),Middle East,0.74,Medium,0.0,22.8,Busan → Dubai (Jebel Ali)
SHP00840,P004,P006,C008,2023-05-13,2023-05-27,2023-05-27,2699.85,Delivered,0.0,True,14.0,2023-05,2023,Kuehne+Nagel,Multi,4.4,Switzerland,Los Angeles,North America,0.85,Critical,Hamburg,Europe,0.62,Medium,0.0,22.8,Los Angeles → Hamburg
SHP00841,P004,P003,C005,2022-05-20,2022-05-30,2022-05-30,3036.87,Delivered,0.0,True,10.0,2022-05,2022,DHL Global,Air,4.7,Germany,Los Angeles,North America,0.85,Critical,Rotterdam,Europe,0.68,Medium,0.0,22.8,Los Angeles → Rotterdam
SHP00842,P012,P008,C001,2022-02-26,2022-03-14,2022-03-14,2157.35,Delivered,0.0,True,16.0,2022-02,2022,Maersk Line,Ocean,4.5,Denmark,Long Beach,North America,0.83,High,Antwerp,Europe,0.65,Medium,0.0,22.8,Long Beach → Antwerp
SHP00843,P002,P008,C006,2023-11-19,2023-12-19,2023-12-19,5640.26,Delivered,0.0,True,30.0,2023-11,2023,FedEx Freight,Air,4.6,USA,Singapore,Asia Pacific,0.71,Medium,Antwerp,Europe,0.65,Medium,0.0,34.6,Singapore → Antwerp
SHP00844,P010,P009,C002,2023-06-19,2023-07-09,2023-07-09,2517.19,Delivered,0.0,True,20.0,2023-06,2023,MSC,Ocean,4.3,Switzerland,Colombo,South Asia,0.55,Low,New York / NJ,North America,0.8,High,0.0,31.4,Colombo → New York / NJ
SHP00845,P005,P009,C002,2022-09-01,2022-09-20,2022-09-20,4691.98,Delivered,0.0,True,19.0,2022-09,2022,MSC,Ocean,4.3,Switzerland,Dubai (Jebel Ali),Middle East,0.74,Medium,New York / NJ,North America,0.8,High,2.0,77.1,Dubai (Jebel Ali) → New York / NJ
SHP00846,P012,P004,C007,2022-08-12,2022-08-24,2022-08-25,1506.84,Delayed,1.0,False,13.0,2022-08,2022,DB Schenker,Rail,4.2,Germany,Long Beach,North America,0.83,High,Los Angeles,North America,0.85,Critical,0.0,22.8,Long Beach → Los Angeles
SHP00847,P007,P005,C010,2022-02-27,2022-03-10,2022-03-10,2717.81,Delivered,0.0,True,11.0,2022-02,2022,COSCO Shipping,Ocean,3.6,China,Busan,Asia Pacific,0.78,High,Dubai (Jebel Ali),Middle East,0.74,Medium,0.0,6.7,Busan → Dubai (Jebel Ali)
SHP00848,P004,P006,C003,2023-01-07,2023-01-20,2023-01-20,3500.83,Delivered,0.0,True,13.0,2023-01,2023,CMA CGM,Ocean,4.1,France,Los Angeles,North America,0.85,Critical,Hamburg,Europe,0.62,Medium,0.0,22.8,Los Angeles → Hamburg
SHP00849,P010,P001,C001,2023-12-09,2023-12-19,2023-12-19,930.95,Delivered,0.0,True,10.0,2023-12,2023,Maersk Line,Ocean,4.5,Denmark,Colombo,South Asia,0.55,Low,Shanghai,Asia Pacific,0.92,Critical,0.0,22.8,Colombo → Shanghai
SHP00850,P011,P002,C009,2024-06-06,2024-06-19,2024-06-19,3612.45,Delivered,0.0,True,13.0,2024-06,2024,Hapag-Lloyd,Ocean,4.0,Germany,Tanjung Pelepas,Asia Pacific,0.6,Medium,Singapore,Asia Pacific,0.71,Medium,0.0,22.8,Tanjung Pelepas → Singapore
SHP00851,P005,P006,C002,2024-04-22,2024-05-06,2024-05-06,2641.22,Delivered,0.0,True,14.0,2024-04,2024,MSC,Ocean,4.3,Switzerland,Dubai (Jebel Ali),Middle East,0.74,Medium,Hamburg,Europe,0.62,Medium,0.0,22.8,Dubai (Jebel Ali) → Hamburg
SHP00852,P011,P007,C001,2022-10-08,2022-10-19,2022-10-19,2658.18,Delivered,0.0,True,11.0,2022-10,2022,Maersk Line,Ocean,4.5,Denmark,Tanjung Pelepas,Asia Pacific,0.6,Medium,Busan,Asia Pacific,0.78,High,0.0,22.8,Tanjung Pelepas → Busan
SHP00853,P007,P006,C007,2024-06-16,2024-07-07,2024-07-07,5401.6,Delivered,0.0,True,21.0,2024-06,2024,DB Schenker,Rail,4.2,Germany,Busan,Asia Pacific,0.78,High,Hamburg,Europe,0.62,Medium,0.0,19.5,Busan → Hamburg
SHP00854,P001,P002,C003,2023-10-08,2023-10-25,2023-10-25,2067.55,Delivered,0.0,True,17.0,2023-10,2023,CMA CGM,Ocean,4.1,France,Shanghai,Asia Pacific,0.92,Critical,Singapore,Asia Pacific,0.71,Medium,3.0,67.4,Shanghai → Singapore
SHP00855,P011,P005,C006,2023-08-13,2023-08-21,2023-08-21,1677.02,Delivered,0.0,True,8.0,2023-08,2023,FedEx Freight,Air,4.6,USA,Tanjung Pelepas,Asia Pacific,0.6,Medium,Dubai (Jebel Ali),Middle East,0.74,Medium,0.0,22.8,Tanjung Pelepas → Dubai (Jebel Ali)
SHP00856,P003,P011,C007,2024-03-22,2024-04-16,2024-04-16,5552.47,Delivered,0.0,True,25.0,2024-03,2024,DB Schenker,Rail,4.2,Germany,Rotterdam,Europe,0.68,Medium,Tanjung Pelepas,Asia Pacific,0.6,Medium,0.0,22.8,Rotterdam → Tanjung Pelepas
SHP00857,P003,P012,C010,2024-04-26,2024-05-08,2024-05-08,1822.56,Delivered,0.0,True,12.0,2024-04,2024,COSCO Shipping,Ocean,3.6,China,Rotterdam,Europe,0.68,Medium,Long Beach,North America,0.83,High,3.0,40.8,Rotterdam → Long Beach
SHP00858,P010,P004,C001,2022-01-24,2022-02-11,2022-02-11,3053.6,Delivered,0.0,True,18.0,2022-01,2022,Maersk Line,Ocean,4.5,Denmark,Colombo,South Asia,0.55,Low,Los Angeles,North America,0.85,Critical,0.0,22.8,Colombo → Los Angeles
SHP00859,P008,P004,C005,2023-12-20,2024-01-05,2024-01-05,2238.09,Delivered,0.0,True,16.0,2023-12,2023,DHL Global,Air,4.7,Germany,Antwerp,Europe,0.65,Medium,Los Angeles,North America,0.85,Critical,0.0,22.8,Antwerp → Los Angeles
SHP00860,P006,P003,C010,2022-05-01,2022-05-11,2022-05-11,2596.18,Delivered,0.0,True,10.0,2022-05,2022,COSCO Shipping,Ocean,3.6,China,Hamburg,Europe,0.62,Medium,Rotterdam,Europe,0.68,Medium,0.0,33.4,Hamburg → Rotterdam
SHP00861,P008,P012,C008,2022-05-02,2022-05-13,2022-05-13,2780.1,Delivered,0.0,True,11.0,2022-05,2022,Kuehne+Nagel,Multi,4.4,Switzerland,Antwerp,Europe,0.65,Medium,Long Beach,North America,0.83,High,0.0,22.8,Antwerp → Long Beach
SHP00862,P008,P007,C003,2023-03-18,2023-04-10,2023-04-10,6027.4,Delivered,0.0,True,23.0,2023-03,2023,CMA CGM,Ocean,4.1,France,Antwerp,Europe,0.65,Medium,Busan,Asia Pacific,0.78,High,1.0,8.8,Antwerp → Busan
SHP00863,P011,P004,C007,2022-07-04,2022-07-24,2022-07-24,3082.97,Delivered,0.0,True,20.0,2022-07,2022,DB Schenker,Rail,4.2,Germany,Tanjung Pelepas,Asia Pacific,0.6,Medium,Los Angeles,North America,0.85,Critical,0.0,22.8,Tanjung Pelepas → Los Angeles
SHP00864,P004,P007,C010,2023-12-02,2023-12-23,2023-12-24,3411.77,Delayed,1.0,False,22.0,2023-12,2023,COSCO Shipping,Ocean,3.6,China,Los Angeles,North America,0.85,Critical,Busan,Asia Pacific,0.78,High,0.0,22.8,Los Angeles → Busan
SHP00865,P012,P007,C004,2024-01-01,2024-01-21,2024-01-21,4049.12,Delivered,0.0,True,20.0,2024-01,2024,Evergreen Marine,Ocean,3.8,Taiwan,Long Beach,North America,0.83,High,Busan,Asia Pacific,0.78,High,0.0,22.8,Long Beach → Busan
SHP00866,P006,P004,C008,2022-12-29,2023-01-12,2023-01-12,3604.77,Delivered,0.0,True,14.0,2022-12,2022,Kuehne+Nagel,Multi,4.4,Switzerland,Hamburg,Europe,0.62,Medium,Los Angeles,North America,0.85,Critical,0.0,22.8,Hamburg → Los Angeles
SHP00867,P012,P001,C001,2022-09-17,2022-10-09,2022-10-09,2982.14,Delivered,0.0,True,22.0,2022-09,2022,Maersk Line,Ocean,4.5,Denmark,Long Beach,North America,0.83,High,Shanghai,Asia Pacific,0.92,Critical,0.0,22.8,Long Beach → Shanghai
SHP00868,P009,P001,C010,2022-07-03,2022-07-21,2022-07-23,3809.62,Delayed,2.0,False,20.0,2022-07,2022,COSCO Shipping,Ocean,3.6,China,New York / NJ,North America,0.8,High,Shanghai,Asia Pacific,0.92,Critical,0.0,11.4,New York / NJ → Shanghai
SHP00869,P008,P003,C002,2022-11-21,2022-12-09,2022-12-09,1766.62,Delivered,0.0,True,18.0,2022-11,2022,MSC,Ocean,4.3,Switzerland,Antwerp,Europe,0.65,Medium,Rotterdam,Europe,0.68,Medium,0.0,32.7,Antwerp → Rotterdam
SHP00870,P005,P007,C007,2022-10-17,2022-10-27,2022-10-27,3699.02,Delivered,0.0,True,10.0,2022-10,2022,DB Schenker,Rail,4.2,Germany,Dubai (Jebel Ali),Middle East,0.74,Medium,Busan,Asia Pacific,0.78,High,0.0,22.8,Dubai (Jebel Ali) → Busan
SHP00871,P006,P008,C003,2022-11-20,2022-12-07,2022-12-07,2549.72,Delivered,0.0,True,17.0,2022-11,2022,CMA CGM,Ocean,4.1,France,Hamburg,Europe,0.62,Medium,Antwerp,Europe,0.65,Medium,0.0,22.8,Hamburg → Antwerp
SHP00872,P001,P005,C003,2022-02-25,2022-03-06,2022-03-12,1477.29,Delayed,6.0,False,15.0,2022-02,2022,CMA CGM,Ocean,4.1,France,Shanghai,Asia Pacific,0.92,Critical,Dubai (Jebel Ali),Middle East,0.74,Medium,0.0,22.8,Shanghai → Dubai (Jebel Ali)
SHP00873,P008,P007,C002,2023-05-22,2023-06-11,2023-06-11,6263.04,Delivered,0.0,True,20.0,2023-05,2023,MSC,Ocean,4.3,Switzerland,Antwerp,Europe,0.65,Medium,Busan,Asia Pacific,0.78,High,0.0,22.8,Antwerp → Busan
SHP00874,P012,P003,C002,2022-12-24,2023-01-03,2023-01-03,2132.02,Delivered,0.0,True,10.0,2022-12,2022,MSC,Ocean,4.3,Switzerland,Long Beach,North America,0.83,High,Rotterdam,Europe,0.68,Medium,0.0,34.7,Long Beach → Rotterdam
SHP00875,P012,P009,C005,2023-07-31,2023-08-20,2023-08-20,3469.49,Delivered,0.0,True,20.0,2023-07,2023,DHL Global,Air,4.7,Germany,Long Beach,North America,0.83,High,New York / NJ,North America,0.8,High,0.0,14.9,Long Beach → New York / NJ
SHP00876,P007,P002,C004,2024-02-26,2024-03-14,2024-03-14,3006.99,Delivered,0.0,True,17.0,2024-02,2024,Evergreen Marine,Ocean,3.8,Taiwan,Busan,Asia Pacific,0.78,High,Singapore,Asia Pacific,0.71,Medium,0.0,23.2,Busan → Singapore
SHP00877,P011,P012,C002,2023-02-08,2023-02-27,2023-02-27,4815.15,Delivered,0.0,True,19.0,2023-02,2023,MSC,Ocean,4.3,Switzerland,Tanjung Pelepas,Asia Pacific,0.6,Medium,Long Beach,North America,0.83,High,0.0,22.8,Tanjung Pelepas → Long Beach
SHP00878,P012,P011,C008,2023-04-10,2023-04-28,2023-04-28,2466.78,Delivered,0.0,True,18.0,2023-04,2023,Kuehne+Nagel,Multi,4.4,Switzerland,Long Beach,North America,0.83,High,Tanjung Pelepas,Asia Pacific,0.6,Medium,0.0,22.8,Long Beach → Tanjung Pelepas
SHP00879,P011,P010,C008,2022-11-29,2022-12-09,2022-12-09,1721.96,Delivered,0.0,True,10.0,2022-11,2022,Kuehne+Nagel,Multi,4.4,Switzerland,Tanjung Pelepas,Asia Pacific,0.6,Medium,Colombo,South Asia,0.55,Low,0.0,22.8,Tanjung Pelepas → Colombo
SHP00880,P011,P005,C006,2024-03-28,2024-04-05,2024-04-05,1981.73,Delivered,0.0,True,8.0,2024-03,2024,FedEx Freight,Air,4.6,USA,Tanjung Pelepas,Asia Pacific,0.6,Medium,Dubai (Jebel Ali),Middle East,0.74,Medium,0.0,22.8,Tanjung Pelepas → Dubai (Jebel Ali)
SHP00881,P002,P008,C005,2022-07-02,2022-07-25,2022-07-25,7430.09,Delivered,0.0,True,23.0,2022-07,2022,DHL Global,Air,4.7,Germany,Singapore,Asia Pacific,0.71,Medium,Antwerp,Europe,0.65,Medium,0.0,22.8,Singapore → Antwerp
SHP00882,P007,P005,C003,2022-05-04,2022-05-14,2022-05-14,2536.41,Delivered,0.0,True,10.0,2022-05,2022,CMA CGM,Ocean,4.1,France,Busan,Asia Pacific,0.78,High,Dubai (Jebel Ali),Middle East,0.74,Medium,0.0,11.9,Busan → Dubai (Jebel Ali)
SHP00883,P005,P012,C010,2022-05-15,2022-06-07,2022-06-07,4801.38,Delivered,0.0,True,23.0,2022-05,2022,COSCO Shipping,Ocean,3.6,China,Dubai (Jebel Ali),Middle East,0.74,Medium,Long Beach,North America,0.83,High,0.0,22.8,Dubai (Jebel Ali) → Long Beach
SHP00884,P008,P005,C010,2023-09-07,2023-09-18,2023-09-25,1882.49,Delayed,7.0,False,18.0,2023-09,2023,COSCO Shipping,Ocean,3.6,China,Antwerp,Europe,0.65,Medium,Dubai (Jebel Ali),Middle East,0.74,Medium,0.0,22.8,Antwerp → Dubai (Jebel Ali)
SHP00885,P003,P008,C007,2022-04-06,2022-04-16,2022-04-16,3017.67,Delivered,0.0,True,10.0,2022-04,2022,DB Schenker,Rail,4.2,Germany,Rotterdam,Europe,0.68,Medium,Antwerp,Europe,0.65,Medium,0.0,22.8,Rotterdam → Antwerp
SHP00886,P008,P010,C009,2022-03-27,2022-04-18,2022-04-18,2930.74,Delivered,0.0,True,22.0,2022-03,2022,Hapag-Lloyd,Ocean,4.0,Germany,Antwerp,Europe,0.65,Medium,Colombo,South Asia,0.55,Low,0.0,22.8,Antwerp → Colombo
SHP00887,P005,P003,C003,2023-12-02,2023-12-12,2023-12-12,2079.02,Delivered,0.0,True,10.0,2023-12,2023,CMA CGM,Ocean,4.1,France,Dubai (Jebel Ali),Middle East,0.74,Medium,Rotterdam,Europe,0.68,Medium,0.0,22.8,Dubai (Jebel Ali) → Rotterdam
SHP00888,P001,P010,C002,2023-06-07,2023-06-15,2023-06-15,1453.71,Delivered,0.0,True,8.0,2023-06,2023,MSC,Ocean,4.3,Switzerland,Shanghai,Asia Pacific,0.92,Critical,Colombo,South Asia,0.55,Low,3.0,76.8,Shanghai → Colombo
SHP00889,P005,P007,C005,2023-08-23,2023-08-31,2023-08-31,1565.01,Delivered,0.0,True,8.0,2023-08,2023,DHL Global,Air,4.7,Germany,Dubai (Jebel Ali),Middle East,0.74,Medium,Busan,Asia Pacific,0.78,High,0.0,22.8,Dubai (Jebel Ali) → Busan
SHP00890,P007,P001,C002,2023-03-03,2023-03-17,2023-03-17,2437.34,Delivered,0.0,True,14.0,2023-03,2023,MSC,Ocean,4.3,Switzerland,Busan,Asia Pacific,0.78,High,Shanghai,Asia Pacific,0.92,Critical,0.0,7.6,Busan → Shanghai
SHP00891,P008,P011,C005,2022-12-16,2023-01-07,2023-01-07,4570.64,Delivered,0.0,True,22.0,2022-12,2022,DHL Global,Air,4.7,Germany,Antwerp,Europe,0.65,Medium,Tanjung Pelepas,Asia Pacific,0.6,Medium,0.0,22.8,Antwerp → Tanjung Pelepas
SHP00892,P007,P010,C001,2022-01-06,2022-01-14,2022-01-14,1058.56,Delivered,0.0,True,8.0,2022-01,2022,Maersk Line,Ocean,4.5,Denmark,Busan,Asia Pacific,0.78,High,Colombo,South Asia,0.55,Low,0.0,22.8,Busan → Colombo
SHP00893,P012,P007,C010,2024-01-14,2024-02-04,2024-02-04,3577.7,Delivered,0.0,True,21.0,2024-01,2024,COSCO Shipping,Ocean,3.6,China,Long Beach,North America,0.83,High,Busan,Asia Pacific,0.78,High,0.0,22.8,Long Beach → Busan
SHP00894,P011,P007,C005,2022-03-31,2022-04-12,2022-04-12,1752.77,Delivered,0.0,True,12.0,2022-03,2022,DHL Global,Air,4.7,Germany,Tanjung Pelepas,Asia Pacific,0.6,Medium,Busan,Asia Pacific,0.78,High,0.0,22.8,Tanjung Pelepas → Busan
SHP00895,P012,P004,C001,2022-08-03,2022-08-20,2022-08-20,2281.41,Delivered,0.0,True,17.0,2022-08,2022,Maersk Line,Ocean,4.5,Denmark,Long Beach,North America,0.83,High,Los Angeles,North America,0.85,Critical,0.0,22.8,Long Beach → Los Angeles
SHP00896,P004,P002,C005,2024-02-28,2024-03-20,2024-03-20,3943.51,Delivered,0.0,True,21.0,2024-02,2024,DHL Global,Air,4.7,Germany,Los Angeles,North America,0.85,Critical,Singapore,Asia Pacific,0.71,Medium,0.0,22.8,Los Angeles → Singapore
SHP00897,P003,P009,C008,2023-04-28,2023-05-08,2023-05-08,3003.29,Delivered,0.0,True,10.0,2023-04,2023,Kuehne+Nagel,Multi,4.4,Switzerland,Rotterdam,Europe,0.68,Medium,New York / NJ,North America,0.8,High,0.0,22.8,Rotterdam → New York / NJ
SHP00898,P001,P007,C001,2022-04-16,2022-05-06,2022-05-06,3215.85,Delivered,0.0,True,20.0,2022-04,2022,Maersk Line,Ocean,4.5,Denmark,Shanghai,Asia Pacific,0.92,Critical,Busan,Asia Pacific,0.78,High,0.0,25.5,Shanghai → Busan
SHP00899,P008,P011,C010,2024-01-19,2024-02-16,2024-02-16,3248.5,Delivered,0.0,True,28.0,2024-01,2024,COSCO Shipping,Ocean,3.6,China,Antwerp,Europe,0.65,Medium,Tanjung Pelepas,Asia Pacific,0.6,Medium,0.0,22.8,Antwerp → Tanjung Pelepas
SHP00900,P011,P008,C004,2024-01-02,2024-01-22,2024-01-22,5250.07,Delivered,0.0,True,20.0,2024-01,2024,Evergreen Marine,Ocean,3.8,Taiwan,Tanjung Pelepas,Asia Pacific,0.6,Medium,Antwerp,Europe,0.65,Medium,0.0,22.8,Tanjung Pelepas → Antwerp
SHP00901,P002,P006,C007,2024-06-29,2024-07-26,2024-07-27,5311.75,Delivered,1.0,False,28.0,2024-06,2024,DB Schenker,Rail,4.2,Germany,Singapore,Asia Pacific,0.71,Medium,Hamburg,Europe,0.62,Medium,0.0,22.8,Singapore → Hamburg
SHP00902,P005,P004,C008,2022-12-19,2023-01-13,2023-01-13,3633.42,Delivered,0.0,True,25.0,2022-12,2022,Kuehne+Nagel,Multi,4.4,Switzerland,Dubai (Jebel Ali),Middle East,0.74,Medium,Los Angeles,North America,0.85,Critical,0.0,22.8,Dubai (Jebel Ali) → Los Angeles
SHP00903,P006,P011,C008,2022-05-15,2022-06-08,2022-06-08,3999.39,Delivered,0.0,True,24.0,2022-05,2022,Kuehne+Nagel,Multi,4.4,Switzerland,Hamburg,Europe,0.62,Medium,Tanjung Pelepas,Asia Pacific,0.6,Medium,0.0,22.8,Hamburg → Tanjung Pelepas
SHP00904,P006,P009,C003,2023-09-29,2023-10-10,2023-10-10,3579.59,Delivered,0.0,True,11.0,2023-09,2023,CMA CGM,Ocean,4.1,France,Hamburg,Europe,0.62,Medium,New York / NJ,North America,0.8,High,0.0,15.3,Hamburg → New York / NJ
SHP00905,P003,P004,C004,2022-06-10,2022-06-24,2022-06-24,3527.18,Delivered,0.0,True,14.0,2022-06,2022,Evergreen Marine,Ocean,3.8,Taiwan,Rotterdam,Europe,0.68,Medium,Los Angeles,North America,0.85,Critical,0.0,22.8,Rotterdam → Los Angeles
SHP00906,P009,P001,C001,2023-01-03,2023-01-21,2023-01-21,2853.03,Delivered,0.0,True,18.0,2023-01,2023,Maersk Line,Ocean,4.5,Denmark,New York / NJ,North America,0.8,High,Shanghai,Asia Pacific,0.92,Critical,0.0,22.8,New York / NJ → Shanghai
SHP00907,P009,P001,C002,2022-12-12,2023-01-01,2023-01-04,2620.08,Delayed,3.0,False,23.0,2022-12,2022,MSC,Ocean,4.3,Switzerland,New York / NJ,North America,0.8,High,Shanghai,Asia Pacific,0.92,Critical,2.0,66.1,New York / NJ → Shanghai
SHP00908,P006,P001,C009,2022-10-01,2022-10-23,2022-10-23,6069.07,Delivered,0.0,True,22.0,2022-10,2022,Hapag-Lloyd,Ocean,4.0,Germany,Hamburg,Europe,0.62,Medium,Shanghai,Asia Pacific,0.92,Critical,1.0,26.0,Hamburg → Shanghai
SHP00909,P002,P001,C008,2024-03-29,2024-04-15,2024-04-15,3925.08,Delivered,0.0,True,17.0,2024-03,2024,Kuehne+Nagel,Multi,4.4,Switzerland,Singapore,Asia Pacific,0.71,Medium,Shanghai,Asia Pacific,0.92,Critical,0.0,22.8,Singapore → Shanghai
SHP00910,P002,P010,C001,2023-06-04,2023-06-09,2023-06-09,922.96,Delivered,0.0,True,5.0,2023-06,2023,Maersk Line,Ocean,4.5,Denmark,Singapore,Asia Pacific,0.71,Medium,Colombo,South Asia,0.55,Low,1.0,26.8,Singapore → Colombo
SHP00911,P006,P003,C005,2023-12-27,2024-01-13,2024-01-13,2936.34,Delivered,0.0,True,17.0,2023-12,2023,DHL Global,Air,4.7,Germany,Hamburg,Europe,0.62,Medium,Rotterdam,Europe,0.68,Medium,0.0,22.8,Hamburg → Rotterdam
SHP00912,P003,P002,C004,2023-03-26,2023-04-21,2023-04-21,3494.89,Delivered,0.0,True,26.0,2023-03,2023,Evergreen Marine,Ocean,3.8,Taiwan,Rotterdam,Europe,0.68,Medium,Singapore,Asia Pacific,0.71,Medium,0.0,22.8,Rotterdam → Singapore
SHP00913,P008,P006,C005,2023-06-02,2023-06-14,2023-06-14,2558.66,Delivered,0.0,True,12.0,2023-06,2023,DHL Global,Air,4.7,Germany,Antwerp,Europe,0.65,Medium,Hamburg,Europe,0.62,Medium,0.0,22.8,Antwerp → Hamburg
SHP00914,P003,P010,C007,2024-03-17,2024-04-07,2024-04-07,4089.9,Delivered,0.0,True,21.0,2024-03,2024,DB Schenker,Rail,4.2,Germany,Rotterdam,Europe,0.68,Medium,Colombo,South Asia,0.55,Low,0.0,22.8,Rotterdam → Colombo
SHP00915,P008,P010,C006,2022-01-31,2022-02-25,2022-02-25,3967.43,Delivered,0.0,True,25.0,2022-01,2022,FedEx Freight,Air,4.6,USA,Antwerp,Europe,0.65,Medium,Colombo,South Asia,0.55,Low,2.0,50.9,Antwerp → Colombo
SHP00916,P006,P008,C003,2023-03-21,2023-03-31,2023-03-31,815.76,Delivered,0.0,True,10.0,2023-03,2023,CMA CGM,Ocean,4.1,France,Hamburg,Europe,0.62,Medium,Antwerp,Europe,0.65,Medium,3.0,71.8,Hamburg → Antwerp
SHP00917,P003,P011,C001,2023-10-09,2023-11-08,2023-11-08,5918.81,Delivered,0.0,True,30.0,2023-10,2023,Maersk Line,Ocean,4.5,Denmark,Rotterdam,Europe,0.68,Medium,Tanjung Pelepas,Asia Pacific,0.6,Medium,0.0,22.8,Rotterdam → Tanjung Pelepas
SHP00918,P005,P007,C006,2022-01-09,2022-01-23,2022-01-23,2715.62,Delivered,0.0,True,14.0,2022-01,2022,FedEx Freight,Air,4.6,USA,Dubai (Jebel Ali),Middle East,0.74,Medium,Busan,Asia Pacific,0.78,High,0.0,22.8,Dubai (Jebel Ali) → Busan
SHP00919,P012,P007,C008,2023-10-22,2023-11-08,2023-11-08,3615.31,Delivered,0.0,True,17.0,2023-10,2023,Kuehne+Nagel,Multi,4.4,Switzerland,Long Beach,North America,0.83,High,Busan,Asia Pacific,0.78,High,0.0,22.8,Long Beach → Busan
SHP00920,P011,P007,C004,2024-06-21,2024-07-05,2024-07-07,2248.37,Delivered,2.0,False,16.0,2024-06,2024,Evergreen Marine,Ocean,3.8,Taiwan,Tanjung Pelepas,Asia Pacific,0.6,Medium,Busan,Asia Pacific,0.78,High,0.0,22.8,Tanjung Pelepas → Busan
SHP00921,P012,P003,C009,2023-07-08,2023-07-20,2023-07-20,2443.0,Delivered,0.0,True,12.0,2023-07,2023,Hapag-Lloyd,Ocean,4.0,Germany,Long Beach,North America,0.83,High,Rotterdam,Europe,0.68,Medium,0.0,22.8,Long Beach → Rotterdam
SHP00922,P001,P002,C009,2023-08-30,2023-09-13,2023-09-13,3421.1,Delivered,0.0,True,14.0,2023-08,2023,Hapag-Lloyd,Ocean,4.0,Germany,Shanghai,Asia Pacific,0.92,Critical,Singapore,Asia Pacific,0.71,Medium,0.0,23.0,Shanghai → Singapore
SHP00923,P009,P002,C001,2024-05-11,2024-05-30,2024-05-30,4394.61,In Transit,0.0,True,19.0,2024-05,2024,Maersk Line,Ocean,4.5,Denmark,New York / NJ,North America,0.8,High,Singapore,Asia Pacific,0.71,Medium,0.0,23.6,New York / NJ → Singapore
SHP00924,P010,P001,C008,2022-12-14,2022-12-20,2022-12-20,2296.82,Delivered,0.0,True,6.0,2022-12,2022,Kuehne+Nagel,Multi,4.4,Switzerland,Colombo,South Asia,0.55,Low,Shanghai,Asia Pacific,0.92,Critical,0.0,22.8,Colombo → Shanghai
SHP00925,P011,P012,C009,2024-05-14,2024-05-31,2024-05-31,3372.56,In Transit,0.0,True,17.0,2024-05,2024,Hapag-Lloyd,Ocean,4.0,Germany,Tanjung Pelepas,Asia Pacific,0.6,Medium,Long Beach,North America,0.83,High,0.0,21.9,Tanjung Pelepas → Long Beach
SHP00926,P009,P004,C002,2022-12-02,2022-12-20,2022-12-20,2367.68,Delivered,0.0,True,18.0,2022-12,2022,MSC,Ocean,4.3,Switzerland,New York / NJ,North America,0.8,High,Los Angeles,North America,0.85,Critical,0.0,22.8,New York / NJ → Los Angeles
SHP00927,P002,P004,C007,2024-04-28,2024-05-18,2024-05-19,3224.59,Delivered,1.0,False,21.0,2024-04,2024,DB Schenker,Rail,4.2,Germany,Singapore,Asia Pacific,0.71,Medium,Los Angeles,North America,0.85,Critical,0.0,22.8,Singapore → Los Angeles
SHP00928,P011,P009,C007,2023-08-26,2023-09-17,2023-09-17,3111.66,Delivered,0.0,True,22.0,2023-08,2023,DB Schenker,Rail,4.2,Germany,Tanjung Pelepas,Asia Pacific,0.6,Medium,New York / NJ,North America,0.8,High,0.0,22.8,Tanjung Pelepas → New York / NJ
SHP00929,P008,P012,C007,2023-03-27,2023-04-11,2023-04-11,3543.15,Delivered,0.0,True,15.0,2023-03,2023,DB Schenker,Rail,4.2,Germany,Antwerp,Europe,0.65,Medium,Long Beach,North America,0.83,High,0.0,12.1,Antwerp → Long Beach
SHP00930,P003,P009,C008,2022-05-13,2022-05-28,2022-05-28,2568.0,Delivered,0.0,True,15.0,2022-05,2022,Kuehne+Nagel,Multi,4.4,Switzerland,Rotterdam,Europe,0.68,Medium,New York / NJ,North America,0.8,High,0.0,10.1,Rotterdam → New York / NJ
SHP00931,P008,P009,C001,2024-02-04,2024-02-15,2024-02-15,3149.93,Delivered,0.0,True,11.0,2024-02,2024,Maersk Line,Ocean,4.5,Denmark,Antwerp,Europe,0.65,Medium,New York / NJ,North America,0.8,High,0.0,22.8,Antwerp → New York / NJ
SHP00932,P002,P007,C010,2022-10-24,2022-11-03,2022-11-03,1778.34,Delivered,0.0,True,10.0,2022-10,2022,COSCO Shipping,Ocean,3.6,China,Singapore,Asia Pacific,0.71,Medium,Busan,Asia Pacific,0.78,High,0.0,22.8,Singapore → Busan
SHP00933,P006,P005,C005,2023-05-13,2023-05-21,2023-05-21,1619.19,Delivered,0.0,True,8.0,2023-05,2023,DHL Global,Air,4.7,Germany,Hamburg,Europe,0.62,Medium,Dubai (Jebel Ali),Middle East,0.74,Medium,0.0,22.8,Hamburg → Dubai (Jebel Ali)
SHP00934,P005,P004,C003,2024-04-18,2024-05-13,2024-05-14,4757.24,In Transit,1.0,False,26.0,2024-04,2024,CMA CGM,Ocean,4.1,France,Dubai (Jebel Ali),Middle East,0.74,Medium,Los Angeles,North America,0.85,Critical,0.0,22.8,Dubai (Jebel Ali) → Los Angeles
SHP00935,P007,P009,C010,2022-11-14,2022-12-05,2022-12-05,3295.67,Delivered,0.0,True,21.0,2022-11,2022,COSCO Shipping,Ocean,3.6,China,Busan,Asia Pacific,0.78,High,New York / NJ,North America,0.8,High,0.0,22.8,Busan → New York / NJ
SHP00936,P003,P010,C008,2024-02-19,2024-03-15,2024-03-15,3999.43,Delivered,0.0,True,25.0,2024-02,2024,Kuehne+Nagel,Multi,4.4,Switzerland,Rotterdam,Europe,0.68,Medium,Colombo,South Asia,0.55,Low,0.0,22.8,Rotterdam → Colombo
SHP00937,P002,P011,C010,2023-02-24,2023-03-12,2023-03-12,1154.57,Delivered,0.0,True,16.0,2023-02,2023,COSCO Shipping,Ocean,3.6,China,Singapore,Asia Pacific,0.71,Medium,Tanjung Pelepas,Asia Pacific,0.6,Medium,0.0,22.8,Singapore → Tanjung Pelepas
SHP00938,P012,P005,C002,2024-06-05,2024-06-25,2024-06-25,4660.23,Delivered,0.0,True,20.0,2024-06,2024,MSC,Ocean,4.3,Switzerland,Long Beach,North America,0.83,High,Dubai (Jebel Ali),Middle East,0.74,Medium,0.0,22.8,Long Beach → Dubai (Jebel Ali)
SHP00939,P002,P012,C009,2022-03-29,2022-04-15,2022-04-15,3785.33,Delivered,0.0,True,17.0,2022-03,2022,Hapag-Lloyd,Ocean,4.0,Germany,Singapore,Asia Pacific,0.71,Medium,Long Beach,North America,0.83,High,0.0,13.7,Singapore → Long Beach
SHP00940,P008,P010,C001,2022-05-04,2022-05-30,2022-05-30,2296.61,Delivered,0.0,True,26.0,2022-05,2022,Maersk Line,Ocean,4.5,Denmark,Antwerp,Europe,0.65,Medium,Colombo,South Asia,0.55,Low,1.0,29.3,Antwerp → Colombo
SHP00941,P004,P011,C008,2022-03-28,2022-04-19,2022-04-19,4501.25,Delivered,0.0,True,22.0,2022-03,2022,Kuehne+Nagel,Multi,4.4,Switzerland,Los Angeles,North America,0.85,Critical,Tanjung Pelepas,Asia Pacific,0.6,Medium,0.0,22.8,Los Angeles → Tanjung Pelepas
SHP00942,P007,P003,C007,2022-01-25,2022-02-22,2022-02-22,4839.54,Delivered,0.0,True,28.0,2022-01,2022,DB Schenker,Rail,4.2,Germany,Busan,Asia Pacific,0.78,High,Rotterdam,Europe,0.68,Medium,0.0,14.8,Busan → Rotterdam
SHP00943,P002,P010,C003,2022-10-20,2022-10-26,2022-10-26,2204.75,Delivered,0.0,True,6.0,2022-10,2022,CMA CGM,Ocean,4.1,France,Singapore,Asia Pacific,0.71,Medium,Colombo,South Asia,0.55,Low,0.0,22.8,Singapore → Colombo
SHP00944,P001,P011,C006,2022-07-05,2022-07-15,2022-07-15,3428.67,Delivered,0.0,True,10.0,2022-07,2022,FedEx Freight,Air,4.6,USA,Shanghai,Asia Pacific,0.92,Critical,Tanjung Pelepas,Asia Pacific,0.6,Medium,0.0,22.8,Shanghai → Tanjung Pelepas
SHP00945,P003,P008,C006,2022-09-22,2022-10-08,2022-10-08,3679.13,Delivered,0.0,True,16.0,2022-09,2022,FedEx Freight,Air,4.6,USA,Rotterdam,Europe,0.68,Medium,Antwerp,Europe,0.65,Medium,0.0,34.1,Rotterdam → Antwerp
SHP00946,P004,P009,C009,2024-02-10,2024-02-28,2024-02-28,2158.07,Delivered,0.0,True,18.0,2024-02,2024,Hapag-Lloyd,Ocean,4.0,Germany,Los Angeles,North America,0.85,Critical,New York / NJ,North America,0.8,High,0.0,22.8,Los Angeles → New York / NJ
SHP00947,P008,P010,C007,2022-03-09,2022-04-03,2022-04-05,5190.42,Delayed,2.0,False,27.0,2022-03,2022,DB Schenker,Rail,4.2,Germany,Antwerp,Europe,0.65,Medium,Colombo,South Asia,0.55,Low,0.0,22.8,Antwerp → Colombo
SHP00948,P010,P012,C002,2022-09-10,2022-09-28,2022-09-28,2052.24,Delivered,0.0,True,18.0,2022-09,2022,MSC,Ocean,4.3,Switzerland,Colombo,South Asia,0.55,Low,Long Beach,North America,0.83,High,1.0,28.9,Colombo → Long Beach
SHP00949,P008,P002,C009,2022-07-28,2022-08-19,2022-08-19,6737.32,Delivered,0.0,True,22.0,2022-07,2022,Hapag-Lloyd,Ocean,4.0,Germany,Antwerp,Europe,0.65,Medium,Singapore,Asia Pacific,0.71,Medium,0.0,22.8,Antwerp → Singapore
SHP00950,P009,P008,C001,2022-01-02,2022-01-18,2022-01-18,2589.58,Delivered,0.0,True,16.0,2022-01,2022,Maersk Line,Ocean,4.5,Denmark,New York / NJ,North America,0.8,High,Antwerp,Europe,0.65,Medium,0.0,22.8,New York / NJ → Antwerp
SHP00951,P003,P001,C001,2023-05-09,2023-06-02,2023-06-02,6087.13,Delivered,0.0,True,24.0,2023-05,2023,Maersk Line,Ocean,4.5,Denmark,Rotterdam,Europe,0.68,Medium,Shanghai,Asia Pacific,0.92,Critical,0.0,22.8,Rotterdam → Shanghai
SHP00952,P010,P009,C005,2022-02-16,2022-02-28,2022-02-28,3154.97,Delivered,0.0,True,12.0,2022-02,2022,DHL Global,Air,4.7,Germany,Colombo,South Asia,0.55,Low,New York / NJ,North America,0.8,High,0.0,22.8,Colombo → New York / NJ
SHP00953,P007,P002,C003,2024-01-13,2024-01-31,2024-01-31,3319.37,Delivered,0.0,True,18.0,2024-01,2024,CMA CGM,Ocean,4.1,France,Busan,Asia Pacific,0.78,High,Singapore,Asia Pacific,0.71,Medium,0.0,22.8,Busan → Singapore
SHP00954,P011,P006,C005,2024-02-10,2024-03-08,2024-03-08,6552.96,Delivered,0.0,True,27.0,2024-02,2024,DHL Global,Air,4.7,Germany,Tanjung Pelepas,Asia Pacific,0.6,Medium,Hamburg,Europe,0.62,Medium,0.0,22.8,Tanjung Pelepas → Hamburg
SHP00956,P001,P012,C003,2023-02-28,2023-03-22,2023-03-22,3764.13,Delivered,0.0,True,22.0,2023-02,2023,CMA CGM,Ocean,4.1,France,Shanghai,Asia Pacific,0.92,Critical,Long Beach,North America,0.83,High,0.0,22.2,Shanghai → Long Beach
SHP00957,P009,P002,C002,2023-07-06,2023-07-20,2023-07-20,4141.56,Delivered,0.0,True,14.0,2023-07,2023,MSC,Ocean,4.3,Switzerland,New York / NJ,North America,0.8,High,Singapore,Asia Pacific,0.71,Medium,0.0,22.8,New York / NJ → Singapore
SHP00958,P007,P011,C006,2023-02-01,2023-02-13,2023-02-13,3281.7,Delivered,0.0,True,12.0,2023-02,2023,FedEx Freight,Air,4.6,USA,Busan,Asia Pacific,0.78,High,Tanjung Pelepas,Asia Pacific,0.6,Medium,0.0,31.0,Busan → Tanjung Pelepas
SHP00959,P002,P009,C006,2022-07-17,2022-08-07,2022-08-18,4366.45,Delayed,11.0,False,32.0,2022-07,2022,FedEx Freight,Air,4.6,USA,Singapore,Asia Pacific,0.71,Medium,New York / NJ,North America,0.8,High,0.0,22.8,Singapore → New York / NJ
SHP00960,P004,P002,C010,2023-10-03,2023-10-21,2023-10-21,2222.76,Delivered,0.0,True,18.0,2023-10,2023,COSCO Shipping,Ocean,3.6,China,Los Angeles,North America,0.85,Critical,Singapore,Asia Pacific,0.71,Medium,0.0,22.8,Los Angeles → Singapore
SHP00961,P006,P001,C005,2023-05-20,2023-06-18,2023-06-18,4764.36,Delivered,0.0,True,29.0,2023-05,2023,DHL Global,Air,4.7,Germany,Hamburg,Europe,0.62,Medium,Shanghai,Asia Pacific,0.92,Critical,0.0,18.3,Hamburg → Shanghai
SHP00962,P010,P009,C008,2022-06-24,2022-07-12,2022-07-12,2585.57,Delivered,0.0,True,18.0,2022-06,2022,Kuehne+Nagel,Multi,4.4,Switzerland,Colombo,South Asia,0.55,Low,New York / NJ,North America,0.8,High,1.0,28.3,Colombo → New York / NJ
SHP00963,P010,P011,C003,2022-03-08,2022-03-17,2022-03-19,951.67,Delayed,2.0,False,11.0,2022-03,2022,CMA CGM,Ocean,4.1,France,Colombo,South Asia,0.55,Low,Tanjung Pelepas,Asia Pacific,0.6,Medium,1.0,30.7,Colombo → Tanjung Pelepas
SHP00964,P009,P005,C004,2024-05-18,2024-06-05,2024-06-05,5754.33,Delivered,0.0,True,18.0,2024-05,2024,Evergreen Marine,Ocean,3.8,Taiwan,New York / NJ,North America,0.8,High,Dubai (Jebel Ali),Middle East,0.74,Medium,0.0,22.8,New York / NJ → Dubai (Jebel Ali)
SHP00965,P008,P001,C007,2023-10-19,2023-11-18,2023-11-18,4448.29,Delivered,0.0,True,30.0,2023-10,2023,DB Schenker,Rail,4.2,Germany,Antwerp,Europe,0.65,Medium,Shanghai,Asia Pacific,0.92,Critical,0.0,22.8,Antwerp → Shanghai
SHP00966,P005,P002,C009,2023-04-23,2023-05-04,2023-05-04,2181.92,Delivered,0.0,True,11.0,2023-04,2023,Hapag-Lloyd,Ocean,4.0,Germany,Dubai (Jebel Ali),Middle East,0.74,Medium,Singapore,Asia Pacific,0.71,Medium,1.0,28.0,Dubai (Jebel Ali) → Singapore
SHP00967,P004,P001,C005,2023-03-07,2023-03-29,2023-03-29,2843.46,Delivered,0.0,True,22.0,2023-03,2023,DHL Global,Air,4.7,Germany,Los Angeles,North America,0.85,Critical,Shanghai,Asia Pacific,0.92,Critical,0.0,22.8,Los Angeles → Shanghai
SHP00968,P001,P005,C007,2022-03-18,2022-03-27,2022-03-27,2104.21,Delivered,0.0,True,9.0,2022-03,2022,DB Schenker,Rail,4.2,Germany,Shanghai,Asia Pacific,0.92,Critical,Dubai (Jebel Ali),Middle East,0.74,Medium,0.0,22.8,Shanghai → Dubai (Jebel Ali)
SHP00969,P011,P002,C001,2023-05-07,2023-05-23,2023-05-23,2523.57,Delivered,0.0,True,16.0,2023-05,2023,Maersk Line,Ocean,4.5,Denmark,Tanjung Pelepas,Asia Pacific,0.6,Medium,Singapore,Asia Pacific,0.71,Medium,0.0,22.8,Tanjung Pelepas → Singapore
SHP00970,P002,P009,C004,2022-12-15,2022-12-29,2022-12-29,3301.95,Delivered,0.0,True,14.0,2022-12,2022,Evergreen Marine,Ocean,3.8,Taiwan,Singapore,Asia Pacific,0.71,Medium,New York / NJ,North America,0.8,High,1.0,18.8,Singapore → New York / NJ
SHP00971,P002,P011,C010,2023-03-26,2023-04-06,2023-04-06,2783.38,Delivered,0.0,True,11.0,2023-03,2023,COSCO Shipping,Ocean,3.6,China,Singapore,Asia Pacific,0.71,Medium,Tanjung Pelepas,Asia Pacific,0.6,Medium,0.0,22.8,Singapore → Tanjung Pelepas
SHP00972,P006,P002,C003,2022-03-05,2022-04-01,2022-04-04,5655.53,Delayed,3.0,False,30.0,2022-03,2022,CMA CGM,Ocean,4.1,France,Hamburg,Europe,0.62,Medium,Singapore,Asia Pacific,0.71,Medium,0.0,21.5,Hamburg → Singapore
SHP00973,P002,P012,C001,2023-07-27,2023-08-10,2023-08-10,4217.15,Delivered,0.0,True,14.0,2023-07,2023,Maersk Line,Ocean,4.5,Denmark,Singapore,Asia Pacific,0.71,Medium,Long Beach,North America,0.83,High,0.0,22.8,Singapore → Long Beach
SHP00974,P010,P012,C010,2022-01-11,2022-01-28,2022-01-28,3409.43,Delivered,0.0,True,17.0,2022-01,2022,COSCO Shipping,Ocean,3.6,China,Colombo,South Asia,0.55,Low,Long Beach,North America,0.83,High,0.0,22.8,Colombo → Long Beach
SHP00975,P010,P002,C006,2023-10-29,2023-11-08,2023-11-08,1170.78,Delivered,0.0,True,10.0,2023-10,2023,FedEx Freight,Air,4.6,USA,Colombo,South Asia,0.55,Low,Singapore,Asia Pacific,0.71,Medium,0.0,22.8,Colombo → Singapore
SHP00976,P010,P002,C010,2024-03-19,2024-03-25,2024-03-25,1284.37,Delivered,0.0,True,6.0,2024-03,2024,COSCO Shipping,Ocean,3.6,China,Colombo,South Asia,0.55,Low,Singapore,Asia Pacific,0.71,Medium,0.0,22.8,Colombo → Singapore
SHP00977,P006,P008,C008,2024-01-13,2024-02-01,2024-02-01,2345.96,Delivered,0.0,True,19.0,2024-01,2024,Kuehne+Nagel,Multi,4.4,Switzerland,Hamburg,Europe,0.62,Medium,Antwerp,Europe,0.65,Medium,0.0,22.8,Hamburg → Antwerp
SHP00978,P007,P010,C006,2022-11-15,2022-11-24,2022-11-24,1400.84,Delivered,0.0,True,9.0,2022-11,2022,FedEx Freight,Air,4.6,USA,Busan,Asia Pacific,0.78,High,Colombo,South Asia,0.55,Low,0.0,22.9,Busan → Colombo
SHP00979,P005,P011,C006,2022-10-26,2022-11-05,2022-11-05,2044.38,Delivered,0.0,True,10.0,2022-10,2022,FedEx Freight,Air,4.6,USA,Dubai (Jebel Ali),Middle East,0.74,Medium,Tanjung Pelepas,Asia Pacific,0.6,Medium,0.0,22.8,Dubai (Jebel Ali) → Tanjung Pelepas
SHP00980,P009,P001,C007,2022-12-19,2023-01-05,2023-01-05,3753.18,Delivered,0.0,True,17.0,2022-12,2022,DB Schenker,Rail,4.2,Germany,New York / NJ,North America,0.8,High,Shanghai,Asia Pacific,0.92,Critical,0.0,22.8,New York / NJ → Shanghai
SHP00981,P002,P007,C004,2023-11-15,2023-12-02,2023-12-02,2887.7,Delivered,0.0,True,17.0,2023-11,2023,Evergreen Marine,Ocean,3.8,Taiwan,Singapore,Asia Pacific,0.71,Medium,Busan,Asia Pacific,0.78,High,0.0,22.8,Singapore → Busan
SHP00982,P006,P011,C005,2023-03-05,2023-03-30,2023-03-30,5076.72,Delivered,0.0,True,25.0,2023-03,2023,DHL Global,Air,4.7,Germany,Hamburg,Europe,0.62,Medium,Tanjung Pelepas,Asia Pacific,0.6,Medium,0.0,22.8,Hamburg → Tanjung Pelepas
SHP00983,P001,P009,C004,2022-01-04,2022-01-21,2022-01-21,3648.24,Delivered,0.0,True,17.0,2022-01,2022,Evergreen Marine,Ocean,3.8,Taiwan,Shanghai,Asia Pacific,0.92,Critical,New York / NJ,North America,0.8,High,1.0,34.9,Shanghai → New York / NJ
SHP00985,P006,P001,C009,2022-04-28,2022-05-20,2022-05-20,3578.97,Delivered,0.0,True,22.0,2022-04,2022,Hapag-Lloyd,Ocean,4.0,Germany,Hamburg,Europe,0.62,Medium,Shanghai,Asia Pacific,0.92,Critical,0.0,15.6,Hamburg → Shanghai
SHP00986,P001,P005,C004,2022-10-18,2022-10-27,2022-11-01,1338.39,Delayed,5.0,False,14.0,2022-10,2022,Evergreen Marine,Ocean,3.8,Taiwan,Shanghai,Asia Pacific,0.92,Critical,Dubai (Jebel Ali),Middle East,0.74,Medium,0.0,22.8,Shanghai → Dubai (Jebel Ali)
SHP00987,P009,P004,C003,2022-07-20,2022-07-30,2022-08-01,3029.66,Delayed,2.0,False,12.0,2022-07,2022,CMA CGM,Ocean,4.1,France,New York / NJ,North America,0.8,High,Los Angeles,North America,0.85,Critical,0.0,22.8,New York / NJ → Los Angeles
SHP00988,P011,P002,C006,2022-08-04,2022-08-18,2022-08-18,3081.72,Delivered,0.0,True,14.0,2022-08,2022,FedEx Freight,Air,4.6,USA,Tanjung Pelepas,Asia Pacific,0.6,Medium,Singapore,Asia Pacific,0.71,Medium,0.0,22.8,Tanjung Pelepas → Singapore
SHP00989,P003,P010,C010,2024-06-21,2024-07-15,2024-07-15,4131.19,In Transit,0.0,True,24.0,2024-06,2024,COSCO Shipping,Ocean,3.6,China,Rotterdam,Europe,0.68,Medium,Colombo,South Asia,0.55,Low,0.0,22.8,Rotterdam → Colombo
SHP00990,P007,P006,C006,2023-09-06,2023-10-02,2023-10-02,5556.59,Delivered,0.0,True,26.0,2023-09,2023,FedEx Freight,Air,4.6,USA,Busan,Asia Pacific,0.78,High,Hamburg,Europe,0.62,Medium,0.0,22.8,Busan → Hamburg
SHP00991,P010,P011,C004,2024-05-24,2024-06-02,2024-06-02,1040.61,Delivered,0.0,True,9.0,2024-05,2024,Evergreen Marine,Ocean,3.8,Taiwan,Colombo,South Asia,0.55,Low,Tanjung Pelepas,Asia Pacific,0.6,Medium,0.0,22.8,Colombo → Tanjung Pelepas
SHP00992,P009,P011,C008,2022-08-03,2022-08-18,2022-08-18,5067.86,Delivered,0.0,True,15.0,2022-08,2022,Kuehne+Nagel,Multi,4.4,Switzerland,New York / NJ,North America,0.8,High,Tanjung Pelepas,Asia Pacific,0.6,Medium,0.0,22.8,New York / NJ → Tanjung Pelepas
SHP00993,P003,P010,C007,2024-02-09,2024-03-06,2024-03-06,5142.9,Delivered,0.0,True,26.0,2024-02,2024,DB Schenker,Rail,4.2,Germany,Rotterdam,Europe,0.68,Medium,Colombo,South Asia,0.55,Low,0.0,22.8,Rotterdam → Colombo
SHP00994,P008,P009,C008,2022-10-02,2022-10-16,2022-10-16,4024.31,Delivered,0.0,True,14.0,2022-10,2022,Kuehne+Nagel,Multi,4.4,Switzerland,Antwerp,Europe,0.65,Medium,New York / NJ,North America,0.8,High,0.0,22.8,Antwerp → New York / NJ
SHP00995,P001,P005,C004,2022-07-27,2022-08-07,2022-08-07,1567.51,Delivered,0.0,True,11.0,2022-07,2022,Evergreen Marine,Ocean,3.8,Taiwan,Shanghai,Asia Pacific,0.92,Critical,Dubai (Jebel Ali),Middle East,0.74,Medium,1.0,8.0,Shanghai → Dubai (Jebel Ali)
SHP00996,P006,P005,C009,2022-03-28,2022-04-06,2022-04-06,2824.84,Delivered,0.0,True,9.0,2022-03,2022,Hapag-Lloyd,Ocean,4.0,Germany,Hamburg,Europe,0.62,Medium,Dubai (Jebel Ali),Middle East,0.74,Medium,0.0,22.8,Hamburg → Dubai (Jebel Ali)
SHP00997,P004,P011,C001,2023-04-22,2023-05-14,2023-05-14,3121.43,Delivered,0.0,True,22.0,2023-04,2023,Maersk Line,Ocean,4.5,Denmark,Los Angeles,North America,0.85,Critical,Tanjung Pelepas,Asia Pacific,0.6,Medium,0.0,22.8,Los Angeles → Tanjung Pelepas
SHP00998,P006,P005,C007,2022-01-26,2022-02-04,2022-02-04,1938.62,Delivered,0.0,True,9.0,2022-01,2022,DB Schenker,Rail,4.2,Germany,Hamburg,Europe,0.62,Medium,Dubai (Jebel Ali),Middle East,0.74,Medium,0.0,22.8,Hamburg → Dubai (Jebel Ali)
SHP00999,P002,P006,C009,2023-06-10,2023-07-08,2023-07-08,6236.28,Delivered,0.0,True,28.0,2023-06,2023,Hapag-Lloyd,Ocean,4.0,Germany,Singapore,Asia Pacific,0.71,Medium,Hamburg,Europe,0.62,Medium,2.0,65.2,Singapore → Hamburg
SHP01000,P001,P010,C004,2022-12-08,2022-12-14,2022-12-14,999.54,Delivered,0.0,True,6.0,2022-12,2022,Evergreen Marine,Ocean,3.8,Taiwan,Shanghai,Asia Pacific,0.92,Critical,Colombo,South Asia,0.55,Low,0.0,22.8,Shanghai → Colombo
