weather_id,port_id,weather_date,condition,wind_speed_kmh,visibility_km,weather_severity
1,P001,2022-01-01,Rain,30.4,11,1
2,P001,2022-01-04,Rain,34.9,13,1
3,P001,2022-01-07,Clear,14.0,16,0
4,P001,2022-01-10,Rain,17.1,17,1
5,P001,2022-01-13,Rain,27.7,5,1
6,P001,2022-01-16,Cloudy,20.4,9,0
7,P001,2022-01-19,Thunderstorm,51.4,2,2
8,P001,2022-01-22,Cloudy,20.5,19,0
9,P001,2022-01-25,Rain,18.8,7,1
10,P001,2022-01-28,Clear,10.6,18,0
11,P001,2022-01-31,Clear,18.5,5,0
12,P001,2022-02-03,Clear,22.3,9,0
13,P001,2022-02-06,Clear,27.1,20,0
14,P001,2022-02-09,Rain,30.0,15,1
15,P001,2022-02-12,Clear,17.8,17,0
16,P001,2022-02-15,Rain,25.7,14,1
17,P001,2022-02-18,Clear,5.7,6,0
18,P001,2022-02-21,Fog,7.3,2,1
19,P001,2022-02-24,Cloudy,29.0,17,0
20,P001,2022-02-27,Storm,50.2,4,3
21,P001,2022-03-02,Clear,16.6,20,0
22,P001,2022-03-05,Clear,22.1,19,0
23,P001,2022-03-08,Cloudy,14.1,10,0
24,P001,2022-03-11,Clear,21.6,6,0
25,P001,2022-03-14,Rain,23.1,5,1
26,P001,2022-03-17,Clear,7.1,17,0
27,P001,2022-03-20,Clear,12.0,7,0
28,P001,2022-03-23,Cloudy,16.1,5,0
29,P001,2022-03-26,Clear,30.8,18,0
30,P001,2022-03-29,Clear,34.7,9,0
31,P001,2022-04-01,Cloudy,19.3,7,0
32,P001,2022-04-04,Clear,32.1,11,0
33,P001,2022-04-07,Clear,11.2,18,0
34,P001,2022-04-10,Rain,24.9,10,1
35,P001,2022-04-13,Cloudy,33.2,11,0
36,P001,2022-04-16,Cloudy,25.5,13,0
37,P001,2022-04-19,Clear,34.7,19,0
38,P001,2022-04-22,Clear,17.0,12,0
39,P001,2022-04-25,Cloudy,32.3,20,0
40,P001,2022-04-28,Cloudy,22.3,7,0
41,P001,2022-05-01,Clear,31.4,19,0
42,P001,2022-05-04,Clear,30.3,14,0
43,P001,2022-05-07,Clear,29.7,10,0
44,P001,2022-05-10,Cloudy,10.4,18,0
45,P001,2022-05-13,Cloudy,32.3,10,0
46,P001,2022-05-16,Rain,7.9,6,1
47,P001,2022-05-19,Clear,31.1,13,0
48,P001,2022-05-22,Thunderstorm,66.9,1,2
49,P001,2022-05-25,Rain,26.7,11,1
50,P001,2022-05-28,Fog,11.2,3,1
51,P001,2022-05-31,Clear,16.1,8,0
52,P001,2022-06-03,Cloudy,28.4,18,0
53,P001,2022-06-06,Cloudy,12.6,6,0
54,P001,2022-06-09,Cloudy,7.2,19,0
55,P001,2022-06-12,Clear,27.4,11,0
56,P001,2022-06-15,Clear,5.3,8,0
57,P001,2022-06-18,Rain,9.1,19,1
58,P001,2022-06-21,Cloudy,7.0,12,0
59,P001,2022-06-24,Rain,18.1,20,1
60,P001,2022-06-27,Rain,30.2,10,1
61,P001,2022-06-30,Thunderstorm,70.3,2,2
62,P001,2022-07-03,Clear,21.0,17,0
63,P001,2022-07-06,Clear,25.1,5,0
64,P001,2022-07-09,Rain,9.6,16,1
65,P001,2022-07-12,Clear,26.4,11,0
66,P001,2022-07-15,Cloudy,6.4,8,0
67,P001,2022-07-18,Clear,14.2,6,0
68,P001,2022-07-21,Cloudy,6.5,17,0
69,P001,2022-07-24,Rain,32.9,16,1
70,P001,2022-07-27,Fog,8.0,1,1
71,P001,2022-07-30,Cloudy,34.7,15,0
72,P001,2022-08-02,Rain,25.4,7,1
73,P001,2022-08-05,Clear,31.5,10,0
74,P001,2022-08-08,Rain,6.3,8,1
75,P001,2022-08-11,Rain,14.7,11,1
76,P001,2022-08-14,Cloudy,33.0,17,0
77,P001,2022-08-17,Fog,6.8,1,1
78,P001,2022-08-20,Clear,14.7,5,0
79,P001,2022-08-23,Cloudy,14.5,17,0
80,P001,2022-08-26,Clear,11.6,13,0
81,P001,2022-08-29,Cloudy,16.1,7,0
82,P001,2022-09-01,Thunderstorm,60.6,5,2
83,P001,2022-09-04,Cloudy,34.7,10,0
84,P001,2022-09-07,Clear,7.8,15,0
85,P001,2022-09-10,Storm,74.8,2,3
86,P001,2022-09-13,Clear,24.1,15,0
87,P001,2022-09-16,Storm,73.3,1,3
88,P001,2022-09-19,Clear,23.3,19,0
89,P001,2022-09-22,Clear,24.2,12,0
90,P001,2022-09-25,Cloudy,26.1,5,0
91,P001,2022-09-28,Clear,23.5,8,0
92,P001,2022-10-01,Clear,27.1,12,0
93,P001,2022-10-04,Cloudy,6.8,16,0
94,P001,2022-10-07,Cloudy,11.1,17,0
95,P001,2022-10-10,Clear,6.1,19,0
96,P001,2022-10-13,Rain,14.9,13,1
97,P001,2022-10-16,Clear,28.6,6,0
98,P001,2022-10-19,Cloudy,34.3,14,0
99,P001,2022-10-22,Rain,11.9,15,1
100,P001,2022-10-25,Clear,11.2,6,0
101,P001,2022-10-28,Fog,15.0,1,1
102,P001,2022-10-31,Rain,25.9,12,1
103,P001,2022-11-03,Cloudy,16.4,15,0
104,P001,2022-11-06,Clear,23.9,7,0
105,P001,2022-11-09,Thunderstorm,43.5,2,2
106,P001,2022-11-12,Clear,34.8,11,0
107,P001,2022-11-15,Clear,10.2,11,0
108,P001,2022-11-18,Clear,7.3,19,0
109,P001,2022-11-21,Clear,26.7,12,0
110,P001,2022-11-24,Cloudy,23.2,14,0
111,P001,2022-11-27,Clear,18.4,11,0
112,P001,2022-11-30,Clear,28.4,7,0
113,P001,2022-12-03,Fog,10.4,2,1
114,P001,2022-12-06,Clear,18.2,18,0
115,P001,2022-12-09,Rain,29.6,20,1
116,P001,2022-12-12,Clear,16.4,7,0
117,P001,2022-12-15,Rain,32.6,9,1
118,P001,2022-12-18,Cloudy,10.3,17,0
119,P001,2022-12-21,Cloudy,18.6,17,0
120,P001,2022-12-24,Cloudy,19.4,15,0
121,P001,2022-12-27,Clear,19.1,9,0
122,P001,2022-12-30,Fog,5.1,3,1
123,P001,2023-01-02,Rain,16.2,17,1
124,P001,2023-01-05,Fog,19.1,3,1
125,P001,2023-01-08,Clear,19.7,7,0
126,P001,2023-01-11,Cloudy,6.2,8,0
127,P001,2023-01-14,Clear,22.0,11,0
128,P001,2023-01-17,Rain,33.7,16,1
129,P001,2023-01-20,Cloudy,19.7,16,0
130,P001,2023-01-23,Rain,24.5,18,1
131,P001,2023-01-26,Rain,12.3,6,1
132,P001,2023-01-29,Fog,10.4,3,1
133,P001,2023-02-01,Rain,25.9,9,1
134,P001,2023-02-04,Clear,18.7,9,0
135,P001,2023-02-07,Clear,23.1,10,0
136,P001,2023-02-10,Clear,28.1,17,0
137,P001,2023-02-13,Clear,22.6,7,0
138,P001,2023-02-16,Cloudy,10.7,18,0
139,P001,2023-02-19,Clear,17.8,14,0
140,P001,2023-02-22,Cloudy,21.0,17,0
141,P001,2023-02-25,Cloudy,27.0,7,0
142,P001,2023-02-28,Clear,22.2,16,0
143,P001,2023-03-03,Rain,13.1,11,1
144,P001,2023-03-06,Fog,11.0,2,1
145,P001,2023-03-09,Clear,10.1,20,0
146,P001,2023-03-12,Clear,7.1,18,0
147,P001,2023-03-15,Cloudy,24.6,18,0
148,P001,2023-03-18,Clear,16.2,9,0
149,P001,2023-03-21,Clear,10.5,8,0
150,P001,2023-03-24,Cloudy,29.4,10,0
151,P001,2023-03-27,Clear,27.5,11,0
152,P001,2023-03-30,Clear,32.1,18,0
153,P001,2023-04-02,Cloudy,32.4,8,0
154,P001,2023-04-05,Thunderstorm,48.3,3,2
155,P001,2023-04-08,Clear,8.7,7,0
156,P001,2023-04-11,Clear,22.6,20,0
157,P001,2023-04-14,Cloudy,27.8,5,0
158,P001,2023-04-17,Clear,27.6,5,0
159,P001,2023-04-20,Rain,28.7,6,1
160,P001,2023-04-23,Clear,20.7,5,0
161,P001,2023-04-26,Clear,20.6,13,0
162,P001,2023-04-29,Fog,12.1,2,1
163,P001,2023-05-02,Cloudy,15.1,15,0
164,P001,2023-05-05,Storm,80.8,3,3
165,P001,2023-05-08,Rain,16.4,6,1
166,P001,2023-05-11,Storm,83.7,1,3
167,P001,2023-05-14,Clear,31.1,17,0
168,P001,2023-05-17,Rain,31.6,9,1
169,P001,2023-05-20,Clear,8.7,13,0
170,P001,2023-05-23,Fog,16.3,1,1
171,P001,2023-05-26,Clear,23.6,20,0
172,P001,2023-05-29,Cloudy,24.8,5,0
173,P001,2023-06-01,Storm,87.9,3,3
174,P001,2023-06-04,Clear,15.8,6,0
175,P001,2023-06-07,Storm,76.8,4,3
176,P001,2023-06-10,Clear,19.5,7,0
177,P001,2023-06-13,Clear,33.2,20,0
178,P001,2023-06-16,Storm,82.9,1,3
179,P001,2023-06-19,Rain,13.8,11,1
180,P001,2023-06-22,Rain,31.1,6,1
181,P001,2023-06-25,Clear,28.9,14,0
182,P001,2023-06-28,Thunderstorm,89.8,4,2
183,P001,2023-07-01,Clear,18.4,8,0
184,P001,2023-07-04,Cloudy,21.2,12,0
185,P001,2023-07-07,Clear,27.6,7,0
186,P001,2023-07-10,Clear,34.8,5,0
187,P001,2023-07-13,Clear,32.9,17,0
188,P001,2023-07-16,Rain,11.6,13,1
189,P001,2023-07-19,Rain,33.5,8,1
190,P001,2023-07-22,Rain,32.7,20,1
191,P001,2023-07-25,Clear,25.8,12,0
192,P001,2023-07-28,Fog,16.5,3,1
193,P001,2023-07-31,Clear,15.3,17,0
194,P001,2023-08-03,Rain,28.6,18,1
195,P001,2023-08-06,Rain,11.7,8,1
196,P001,2023-08-09,Clear,8.3,15,0
197,P001,2023-08-12,Rain,33.1,8,1
198,P001,2023-08-15,Cloudy,8.8,15,0
199,P001,2023-08-18,Fog,13.7,1,1
200,P001,2023-08-21,Clear,22.7,11,0
201,P001,2023-08-24,Thunderstorm,89.0,3,2
202,P001,2023-08-27,Rain,28.9,9,1
203,P001,2023-08-30,Cloudy,23.0,12,0
204,P001,2023-09-02,Clear,5.3,19,0
205,P001,2023-09-05,Clear,29.5,14,0
206,P001,2023-09-08,Thunderstorm,65.0,4,2
207,P001,2023-09-11,Clear,13.5,6,0
208,P001,2023-09-14,Cloudy,14.3,8,0
209,P001,2023-09-17,Clear,30.4,20,0
210,P001,2023-09-20,Cloudy,11.5,14,0
211,P001,2023-09-23,Rain,16.3,15,1
212,P001,2023-09-26,Clear,26.5,12,0
213,P001,2023-09-29,Rain,6.6,10,1
214,P001,2023-10-02,Thunderstorm,76.4,3,2
215,P001,2023-10-05,Storm,73.0,2,3
216,P001,2023-10-08,Storm,67.4,3,3
217,P001,2023-10-11,Cloudy,19.2,16,0
218,P001,2023-10-14,Rain,16.7,14,1
219,P001,2023-10-17,Clear,32.7,17,0
220,P001,2023-10-20,Clear,14.7,6,0
221,P001,2023-10-23,Thunderstorm,75.5,4,2
222,P001,2023-10-26,Rain,22.3,19,1
223,P001,2023-10-29,Rain,13.7,9,1
224,P001,2023-11-01,Clear,29.1,11,0
225,P001,2023-11-04,Rain,5.3,8,1
226,P001,2023-11-07,Rain,34.7,9,1
227,P001,2023-11-10,Clear,34.5,10,0
228,P001,2023-11-13,Fog,6.4,2,1
229,P001,2023-11-16,Clear,6.6,15,0
230,P001,2023-11-19,Cloudy,34.1,17,0
231,P001,2023-11-22,Clear,8.6,17,0
232,P001,2023-11-25,Cloudy,25.6,10,0
233,P001,2023-11-28,Rain,16.3,7,1
234,P001,2023-12-01,Rain,30.9,17,1
235,P001,2023-12-04,Clear,24.6,16,0
236,P001,2023-12-07,Clear,8.5,8,0
237,P001,2023-12-10,Cloudy,25.1,12,0
238,P001,2023-12-13,Clear,22.2,20,0
239,P001,2023-12-16,Clear,27.4,10,0
240,P001,2023-12-19,Clear,35.0,18,0
241,P001,2023-12-22,Clear,8.8,15,0
242,P001,2023-12-25,Clear,32.3,10,0
243,P001,2023-12-28,Cloudy,26.0,17,0
244,P001,2023-12-31,Cloudy,21.1,20,0
245,P001,2024-01-03,Clear,30.1,8,0
246,P001,2024-01-06,Rain,11.2,8,1
247,P001,2024-01-09,Clear,23.0,10,0
248,P001,2024-01-12,Clear,18.4,15,0
249,P001,2024-01-15,Clear,8.9,11,0
250,P001,2024-01-18,Rain,7.6,13,1
251,P001,2024-01-21,Thunderstorm,41.8,1,2
252,P001,2024-01-24,Cloudy,15.9,10,0
253,P001,2024-01-27,Cloudy,33.4,5,0
254,P001,2024-01-30,Clear,6.4,14,0
255,P001,2024-02-02,Rain,18.3,20,1
256,P001,2024-02-05,Rain,20.7,16,1
257,P001,2024-02-08,Cloudy,20.3,8,0
258,P001,2024-02-11,Rain,6.3,6,1
259,P001,2024-02-14,Clear,14.0,11,0
260,P001,2024-02-17,Fog,14.0,1,1
261,P001,2024-02-20,Cloudy,13.3,18,0
262,P001,2024-02-23,Clear,12.6,17,0
263,P001,2024-02-26,Cloudy,9.9,19,0
264,P001,2024-02-29,Clear,12.6,18,0
265,P001,2024-03-03,Fog,7.1,1,1
266,P001,2024-03-06,Clear,27.0,11,0
267,P001,2024-03-09,Rain,21.9,10,1
268,P001,2024-03-12,Cloudy,9.6,18,0
269,P001,2024-03-15,Clear,33.9,12,0
270,P001,2024-03-18,Clear,8.7,8,0
271,P001,2024-03-21,Rain,17.2,15,1
272,P001,2024-03-24,Cloudy,15.9,15,0
273,P001,2024-03-27,Rain,9.4,12,1
274,P001,2024-03-30,Clear,7.9,12,0
275,P001,2024-04-02,Clear,8.2,8,0
276,P001,2024-04-05,Clear,26.8,14,0
277,P001,2024-04-08,Cloudy,29.2,8,0
278,P001,2024-04-11,Cloudy,26.0,14,0
279,P001,2024-04-14,Cloudy,23.2,6,0
280,P001,2024-04-17,Clear,33.4,17,0
281,P001,2024-04-20,Clear,29.2,17,0
282,P001,2024-04-23,Cloudy,8.8,5,0
283,P001,2024-04-26,Rain,26.4,9,1
284,P001,2024-04-29,Clear,22.0,13,0
285,P001,2024-05-02,Clear,26.8,16,0
286,P001,2024-05-05,Rain,12.5,18,1
287,P001,2024-05-08,Rain,10.5,16,1
288,P001,2024-05-11,Rain,20.1,13,1
289,P001,2024-05-14,Fog,12.8,3,1
290,P001,2024-05-17,Thunderstorm,80.7,3,2
291,P001,2024-05-20,Cloudy,7.6,14,0
292,P001,2024-05-23,Cloudy,14.4,7,0
293,P001,2024-05-26,Cloudy,7.3,12,0
294,P001,2024-05-29,Fog,7.5,1,1
295,P001,2024-06-01,Clear,13.6,20,0
296,P001,2024-06-04,Rain,5.3,18,1
297,P001,2024-06-07,Rain,33.0,9,1
298,P001,2024-06-10,Cloudy,20.5,8,0
299,P001,2024-06-13,Cloudy,23.5,5,0
300,P001,2024-06-16,Rain,26.1,16,1
301,P001,2024-06-19,Clear,27.2,6,0
302,P001,2024-06-22,Cloudy,33.9,12,0
303,P001,2024-06-25,Clear,16.0,9,0
304,P001,2024-06-28,Cloudy,33.6,18,0
305,P002,2022-01-01,Cloudy,10.1,8,0
306,P002,2022-01-04,Clear,25.4,8,0
307,P002,2022-01-07,Clear,19.5,13,0
308,P002,2022-01-10,Clear,27.1,17,0
309,P002,2022-01-13,Clear,14.1,6,0
310,P002,2022-01-16,Fog,18.4,2,1
311,P002,2022-01-19,Clear,5.2,19,0
312,P002,2022-01-22,Clear,15.6,5,0
313,P002,2022-01-25,Clear,26.7,17,0
314,P002,2022-01-28,Clear,8.0,20,0
315,P002,2022-01-31,Clear,20.9,9,0
316,P002,2022-02-03,Cloudy,32.4,5,0
317,P002,2022-02-06,Clear,24.7,12,0
318,P002,2022-02-09,Cloudy,16.2,16,0
319,P002,2022-02-12,Cloudy,10.5,13,0
320,P002,2022-02-15,Clear,18.2,19,0
321,P002,2022-02-18,Clear,15.6,18,0
322,P002,2022-02-21,Clear,31.5,11,0
323,P002,2022-02-24,Clear,13.5,9,0
324,P002,2022-02-27,Clear,27.3,6,0
325,P002,2022-03-02,Clear,11.0,20,0
326,P002,2022-03-05,Fog,19.7,1,1
327,P002,2022-03-08,Cloudy,21.5,9,0
328,P002,2022-03-11,Clear,27.9,17,0
329,P002,2022-03-14,Cloudy,32.7,17,0
330,P002,2022-03-17,Clear,33.7,5,0
331,P002,2022-03-20,Clear,15.3,5,0
332,P002,2022-03-23,Rain,12.1,15,1
333,P002,2022-03-26,Cloudy,22.9,5,0
334,P002,2022-03-29,Cloudy,13.7,20,0
335,P002,2022-04-01,Clear,17.9,9,0
336,P002,2022-04-04,Rain,10.6,13,1
337,P002,2022-04-07,Rain,30.9,12,1
338,P002,2022-04-10,Rain,17.9,20,1
339,P002,2022-04-13,Rain,29.3,10,1
340,P002,2022-04-16,Clear,30.6,9,0
341,P002,2022-04-19,Clear,9.0,6,0
342,P002,2022-04-22,Clear,10.8,9,0
343,P002,2022-04-25,Cloudy,23.5,7,0
344,P002,2022-04-28,Thunderstorm,59.0,5,2
345,P002,2022-05-01,Clear,24.0,12,0
346,P002,2022-05-04,Clear,17.8,6,0
347,P002,2022-05-07,Cloudy,24.3,14,0
348,P002,2022-05-10,Clear,15.9,16,0
349,P002,2022-05-13,Rain,12.4,6,1
350,P002,2022-05-16,Clear,5.0,15,0
351,P002,2022-05-19,Clear,19.2,8,0
352,P002,2022-05-22,Cloudy,12.6,20,0
353,P002,2022-05-25,Clear,14.1,8,0
354,P002,2022-05-28,Rain,25.5,9,1
355,P002,2022-05-31,Clear,27.2,16,0
356,P002,2022-06-03,Rain,22.7,16,1
357,P002,2022-06-06,Clear,13.3,17,0
358,P002,2022-06-09,Clear,8.2,8,0
359,P002,2022-06-12,Clear,34.0,11,0
360,P002,2022-06-15,Clear,18.4,8,0
361,P002,2022-06-18,Clear,21.4,15,0
362,P002,2022-06-21,Clear,19.2,11,0
363,P002,2022-06-24,Cloudy,9.6,9,0
364,P002,2022-06-27,Clear,21.5,13,0
365,P002,2022-06-30,Thunderstorm,78.0,5,2
366,P002,2022-07-03,Storm,84.7,4,3
367,P002,2022-07-06,Cloudy,8.5,18,0
368,P002,2022-07-09,Clear,17.6,5,0
369,P002,2022-07-12,Clear,13.2,9,0
370,P002,2022-07-15,Clear,33.7,6,0
371,P002,2022-07-18,Rain,25.8,17,1
372,P002,2022-07-21,Cloudy,21.0,7,0
373,P002,2022-07-24,Clear,27.5,17,0
374,P002,2022-07-27,Cloudy,16.7,13,0
375,P002,2022-07-30,Clear,5.1,11,0
376,P002,2022-08-02,Cloudy,5.3,19,0
377,P002,2022-08-05,Cloudy,26.6,13,0
378,P002,2022-08-08,Clear,11.6,13,0
379,P002,2022-08-11,Cloudy,10.1,6,0
380,P002,2022-08-14,Cloudy,13.8,9,0
381,P002,2022-08-17,Fog,9.2,1,1
382,P002,2022-08-20,Clear,28.7,12,0
383,P002,2022-08-23,Storm,50.5,1,3
384,P002,2022-08-26,Clear,15.4,16,0
385,P002,2022-08-29,Clear,33.4,13,0
386,P002,2022-09-01,Rain,17.3,14,1
387,P002,2022-09-04,Clear,6.7,5,0
388,P002,2022-09-07,Rain,11.6,13,1
389,P002,2022-09-10,Clear,34.1,8,0
390,P002,2022-09-13,Rain,25.6,13,1
391,P002,2022-09-16,Thunderstorm,71.7,5,2
392,P002,2022-09-19,Clear,18.3,15,0
393,P002,2022-09-22,Clear,22.4,17,0
394,P002,2022-09-25,Clear,12.0,18,0
395,P002,2022-09-28,Clear,32.1,7,0
396,P002,2022-10-01,Cloudy,18.8,10,0
397,P002,2022-10-04,Clear,19.7,10,0
398,P002,2022-10-07,Cloudy,5.6,10,0
399,P002,2022-10-10,Thunderstorm,80.9,5,2
400,P002,2022-10-13,Clear,9.3,18,0
401,P002,2022-10-16,Clear,32.3,17,0
402,P002,2022-10-19,Clear,20.8,5,0
403,P002,2022-10-22,Cloudy,16.3,5,0
404,P002,2022-10-25,Clear,5.4,6,0
405,P002,2022-10-28,Clear,28.1,13,0
406,P002,2022-10-31,Clear,23.8,5,0
407,P002,2022-11-03,Rain,5.3,8,1
408,P002,2022-11-06,Cloudy,29.5,7,0
409,P002,2022-11-09,Clear,19.4,19,0
410,P002,2022-11-12,Rain,14.2,20,1
411,P002,2022-11-15,Clear,6.7,13,0
412,P002,2022-11-18,Cloudy,8.7,6,0
413,P002,2022-11-21,Clear,13.9,18,0
414,P002,2022-11-24,Clear,32.4,5,0
415,P002,2022-11-27,Clear,16.6,16,0
416,P002,2022-11-30,Rain,11.8,17,1
417,P002,2022-12-03,Rain,26.4,8,1
418,P002,2022-12-06,Cloudy,34.7,12,0
419,P002,2022-12-09,Clear,33.7,16,0
420,P002,2022-12-12,Clear,15.0,16,0
421,P002,2022-12-15,Fog,18.8,1,1
422,P002,2022-12-18,Cloudy,10.3,15,0
423,P002,2022-12-21,Cloudy,25.4,9,0
424,P002,2022-12-24,Thunderstorm,74.4,5,2
425,P002,2022-12-27,Rain,15.5,8,1
426,P002,2022-12-30,Clear,20.0,16,0
427,P002,2023-01-02,Fog,17.2,3,1
428,P002,2023-01-05,Rain,28.7,9,1
429,P002,2023-01-08,Rain,9.4,9,1
430,P002,2023-01-11,Clear,26.6,20,0
431,P002,2023-01-14,Rain,8.4,18,1
432,P002,2023-01-17,Fog,9.2,1,1
433,P002,2023-01-20,Clear,8.8,17,0
434,P002,2023-01-23,Clear,19.8,20,0
435,P002,2023-01-26,Rain,17.4,15,1
436,P002,2023-01-29,Clear,33.3,12,0
437,P002,2023-02-01,Clear,21.5,20,0
438,P002,2023-02-04,Cloudy,29.6,17,0
439,P002,2023-02-07,Clear,26.4,12,0
440,P002,2023-02-10,Rain,12.1,5,1
441,P002,2023-02-13,Clear,30.5,16,0
442,P002,2023-02-16,Cloudy,33.7,8,0
443,P002,2023-02-19,Clear,15.5,9,0
444,P002,2023-02-22,Clear,9.3,18,0
445,P002,2023-02-25,Clear,29.8,6,0
446,P002,2023-02-28,Rain,8.5,9,1
447,P002,2023-03-03,Clear,5.8,18,0
448,P002,2023-03-06,Clear,26.0,7,0
449,P002,2023-03-09,Cloudy,22.8,10,0
450,P002,2023-03-12,Clear,16.0,7,0
451,P002,2023-03-15,Clear,5.4,18,0
452,P002,2023-03-18,Clear,10.5,9,0
453,P002,2023-03-21,Rain,26.0,14,1
454,P002,2023-03-24,Cloudy,26.7,19,0
455,P002,2023-03-27,Rain,25.9,14,1
456,P002,2023-03-30,Clear,6.8,6,0
457,P002,2023-04-02,Cloudy,10.2,10,0
458,P002,2023-04-05,Clear,30.0,19,0
459,P002,2023-04-08,Cloudy,29.9,14,0
460,P002,2023-04-11,Rain,17.7,10,1
461,P002,2023-04-14,Clear,7.8,17,0
462,P002,2023-04-17,Storm,46.3,2,3
463,P002,2023-04-20,Cloudy,6.7,17,0
464,P002,2023-04-23,Clear,27.4,7,0
465,P002,2023-04-26,Rain,19.1,15,1
466,P002,2023-04-29,Rain,17.2,17,1
467,P002,2023-05-02,Clear,29.1,18,0
468,P002,2023-05-05,Clear,8.3,7,0
469,P002,2023-05-08,Clear,28.4,15,0
470,P002,2023-05-11,Clear,13.5,8,0
471,P002,2023-05-14,Clear,22.9,14,0
472,P002,2023-05-17,Clear,11.1,6,0
473,P002,2023-05-20,Clear,7.6,6,0
474,P002,2023-05-23,Cloudy,28.7,6,0
475,P002,2023-05-26,Clear,7.8,14,0
476,P002,2023-05-29,Clear,15.7,14,0
477,P002,2023-06-01,Fog,12.5,2,1
478,P002,2023-06-04,Rain,26.8,9,1
479,P002,2023-06-07,Rain,7.9,18,1
480,P002,2023-06-10,Thunderstorm,65.2,5,2
481,P002,2023-06-13,Rain,9.5,17,1
482,P002,2023-06-16,Cloudy,31.1,6,0
483,P002,2023-06-19,Clear,9.5,19,0
484,P002,2023-06-22,Clear,23.8,12,0
485,P002,2023-06-25,Thunderstorm,80.4,2,2
486,P002,2023-06-28,Rain,9.8,15,1
487,P002,2023-07-01,Cloudy,8.9,14,0
488,P002,2023-07-04,Clear,30.7,18,0
489,P002,2023-07-07,Clear,26.4,17,0
490,P002,2023-07-10,Clear,34.9,7,0
491,P002,2023-07-13,Fog,13.5,2,1
492,P002,2023-07-16,Clear,5.4,14,0
493,P002,2023-07-19,Cloudy,34.1,7,0
494,P002,2023-07-22,Cloudy,18.6,10,0
495,P002,2023-07-25,Fog,7.4,2,1
496,P002,2023-07-28,Cloudy,15.6,7,0
497,P002,2023-07-31,Clear,28.2,13,0
498,P002,2023-08-03,Storm,88.9,4,3
499,P002,2023-08-06,Rain,9.2,8,1
500,P002,2023-08-09,Storm,64.4,3,3
501,P002,2023-08-12,Thunderstorm,60.0,5,2
502,P002,2023-08-15,Fog,6.9,2,1
503,P002,2023-08-18,Cloudy,23.7,15,0
504,P002,2023-08-21,Clear,25.5,19,0
505,P002,2023-08-24,Clear,31.3,6,0
506,P002,2023-08-27,Cloudy,24.3,12,0
507,P002,2023-08-30,Rain,21.8,9,1
508,P002,2023-09-02,Thunderstorm,54.5,2,2
509,P002,2023-09-05,Cloudy,30.6,12,0
510,P002,2023-09-08,Clear,18.9,7,0
511,P002,2023-09-11,Clear,19.1,19,0
512,P002,2023-09-14,Clear,10.4,8,0
513,P002,2023-09-17,Fog,18.8,2,1
514,P002,2023-09-20,Clear,14.9,15,0
515,P002,2023-09-23,Clear,23.1,11,0
516,P002,2023-09-26,Rain,19.3,13,1
517,P002,2023-09-29,Cloudy,21.4,20,0
518,P002,2023-10-02,Clear,11.4,6,0
519,P002,2023-10-05,Storm,78.7,1,3
520,P002,2023-10-08,Fog,10.4,2,1
521,P002,2023-10-11,Storm,50.7,2,3
522,P002,2023-10-14,Thunderstorm,87.6,4,2
523,P002,2023-10-17,Clear,24.1,7,0
524,P002,2023-10-20,Clear,13.2,7,0
525,P002,2023-10-23,Clear,26.4,18,0
526,P002,2023-10-26,Cloudy,25.1,13,0
527,P002,2023-10-29,Clear,6.6,18,0
528,P002,2023-11-01,Clear,27.6,10,0
529,P002,2023-11-04,Clear,33.3,20,0
530,P002,2023-11-07,Cloudy,25.7,10,0
531,P002,2023-11-10,Storm,61.8,5,3
532,P002,2023-11-13,Clear,5.3,11,0
533,P002,2023-11-16,Clear,25.0,9,0
534,P002,2023-11-19,Clear,34.6,15,0
535,P002,2023-11-22,Clear,31.9,9,0
536,P002,2023-11-25,Cloudy,14.5,18,0
537,P002,2023-11-28,Clear,26.7,19,0
538,P002,2023-12-01,Fog,17.9,3,1
539,P002,2023-12-04,Cloudy,34.1,8,0
540,P002,2023-12-07,Clear,27.4,11,0
541,P002,2023-12-10,Cloudy,21.4,10,0
542,P002,2023-12-13,Cloudy,11.5,11,0
543,P002,2023-12-16,Fog,19.6,3,1
544,P002,2023-12-19,Fog,10.6,2,1
545,P002,2023-12-22,Clear,31.9,8,0
546,P002,2023-12-25,Rain,24.5,19,1
547,P002,2023-12-28,Cloudy,15.6,18,0
548,P002,2023-12-31,Cloudy,28.0,8,0
549,P002,2024-01-03,Fog,11.9,2,1
550,P002,2024-01-06,Clear,22.8,18,0
551,P002,2024-01-09,Clear,30.4,18,0
552,P002,2024-01-12,Cloudy,26.1,8,0
553,P002,2024-01-15,Storm,80.3,1,3
554,P002,2024-01-18,Clear,5.5,18,0
555,P002,2024-01-21,Clear,27.5,8,0
556,P002,2024-01-24,Cloudy,20.1,6,0
557,P002,2024-01-27,Rain,30.6,11,1
558,P002,2024-01-30,Clear,18.6,17,0
559,P002,2024-02-02,Clear,30.7,8,0
560,P002,2024-02-05,Clear,28.8,19,0
561,P002,2024-02-08,Cloudy,29.6,17,0
562,P002,2024-02-11,Clear,16.2,12,0
563,P002,2024-02-14,Cloudy,13.0,13,0
564,P002,2024-02-17,Clear,32.1,18,0
565,P002,2024-02-20,Rain,5.1,18,1
566,P002,2024-02-23,Clear,5.8,16,0
567,P002,2024-02-26,Thunderstorm,65.9,5,2
568,P002,2024-02-29,Clear,10.1,18,0
569,P002,2024-03-03,Clear,34.2,11,0
570,P002,2024-03-06,Cloudy,16.8,6,0
571,P002,2024-03-09,Rain,22.3,9,1
572,P002,2024-03-12,Fog,10.9,3,1
573,P002,2024-03-15,Clear,32.1,10,0
574,P002,2024-03-18,Cloudy,8.0,9,0
575,P002,2024-03-21,Cloudy,23.9,17,0
576,P002,2024-03-24,Thunderstorm,71.4,3,2
577,P002,2024-03-27,Thunderstorm,48.0,3,2
578,P002,2024-03-30,Clear,7.8,18,0
579,P002,2024-04-02,Clear,28.1,9,0
580,P002,2024-04-05,Clear,26.2,7,0
581,P002,2024-04-08,Cloudy,5.8,9,0
582,P002,2024-04-11,Storm,71.7,3,3
583,P002,2024-04-14,Clear,24.6,12,0
584,P002,2024-04-17,Clear,21.1,12,0
585,P002,2024-04-20,Rain,29.2,17,1
586,P002,2024-04-23,Rain,24.8,13,1
587,P002,2024-04-26,Clear,9.3,5,0
588,P002,2024-04-29,Cloudy,22.4,8,0
589,P002,2024-05-02,Clear,32.8,8,0
590,P002,2024-05-05,Clear,13.5,10,0
591,P002,2024-05-08,Clear,19.8,16,0
592,P002,2024-05-11,Fog,8.1,1,1
593,P002,2024-05-14,Cloudy,5.7,7,0
594,P002,2024-05-17,Cloudy,23.8,11,0
595,P002,2024-05-20,Rain,16.3,15,1
596,P002,2024-05-23,Cloudy,18.5,10,0
597,P002,2024-05-26,Clear,5.3,10,0
598,P002,2024-05-29,Rain,23.9,6,1
599,P002,2024-06-01,Clear,15.3,16,0
600,P002,2024-06-04,Cloudy,23.4,5,0
601,P002,2024-06-07,Clear,27.3,8,0
602,P002,2024-06-10,Clear,5.9,5,0
603,P002,2024-06-13,Cloudy,27.8,11,0
604,P002,2024-06-16,Thunderstorm,45.7,2,2
605,P002,2024-06-19,Clear,9.2,7,0
606,P002,2024-06-22,Rain,33.2,13,1
607,P002,2024-06-25,Clear,11.0,7,0
608,P002,2024-06-28,Clear,21.5,14,0
609,P003,2022-01-01,Cloudy,29.3,18,0
610,P003,2022-01-04,Cloudy,17.0,11,0
611,P003,2022-01-07,Clear,10.9,13,0
612,P003,2022-01-10,Storm,45.1,5,3
613,P003,2022-01-13,Clear,28.8,20,0
614,P003,2022-01-16,Cloudy,18.4,13,0
615,P003,2022-01-19,Rain,23.7,17,1
616,P003,2022-01-22,Cloudy,22.0,16,0
617,P003,2022-01-25,Thunderstorm,81.0,4,2
618,P003,2022-01-28,Clear,6.0,13,0
619,P003,2022-01-31,Cloudy,13.8,16,0
620,P003,2022-02-03,Clear,8.4,15,0
621,P003,2022-02-06,Cloudy,10.6,12,0
622,P003,2022-02-09,Clear,24.7,16,0
623,P003,2022-02-12,Clear,14.4,5,0
624,P003,2022-02-15,Clear,5.3,15,0
625,P003,2022-02-18,Clear,22.0,15,0
626,P003,2022-02-21,Thunderstorm,68.1,4,2
627,P003,2022-02-24,Clear,11.4,11,0
628,P003,2022-02-27,Clear,13.3,7,0
629,P003,2022-03-02,Cloudy,24.4,18,0
630,P003,2022-03-05,Clear,14.6,11,0
631,P003,2022-03-08,Clear,19.8,6,0
632,P003,2022-03-11,Storm,61.1,1,3
633,P003,2022-03-14,Cloudy,23.0,17,0
634,P003,2022-03-17,Clear,5.6,5,0
635,P003,2022-03-20,Cloudy,30.7,5,0
636,P003,2022-03-23,Fog,9.3,2,1
637,P003,2022-03-26,Clear,21.0,6,0
638,P003,2022-03-29,Clear,5.5,20,0
639,P003,2022-04-01,Clear,29.1,14,0
640,P003,2022-04-04,Clear,27.6,17,0
641,P003,2022-04-07,Clear,28.2,20,0
642,P003,2022-04-10,Cloudy,16.8,19,0
643,P003,2022-04-13,Cloudy,24.2,8,0
644,P003,2022-04-16,Thunderstorm,86.9,1,2
645,P003,2022-04-19,Clear,6.4,5,0
646,P003,2022-04-22,Clear,34.8,18,0
647,P003,2022-04-25,Clear,7.6,16,0
648,P003,2022-04-28,Rain,21.1,5,1
649,P003,2022-05-01,Fog,18.0,2,1
650,P003,2022-05-04,Thunderstorm,42.2,1,2
651,P003,2022-05-07,Fog,6.1,2,1
652,P003,2022-05-10,Rain,28.7,17,1
653,P003,2022-05-13,Clear,10.1,9,0
654,P003,2022-05-16,Cloudy,8.6,15,0
655,P003,2022-05-19,Thunderstorm,77.7,4,2
656,P003,2022-05-22,Cloudy,25.0,12,0
657,P003,2022-05-25,Cloudy,24.8,13,0
658,P003,2022-05-28,Clear,26.9,12,0
659,P003,2022-05-31,Clear,28.0,7,0
660,P003,2022-06-03,Clear,30.1,12,0
661,P003,2022-06-06,Rain,27.1,11,1
662,P003,2022-06-09,Rain,7.3,20,1
663,P003,2022-06-12,Clear,5.4,11,0
664,P003,2022-06-15,Cloudy,16.6,20,0
665,P003,2022-06-18,Clear,11.3,15,0
666,P003,2022-06-21,Rain,14.4,19,1
667,P003,2022-06-24,Rain,30.4,8,1
668,P003,2022-06-27,Fog,8.3,2,1
669,P003,2022-06-30,Clear,18.6,11,0
670,P003,2022-07-03,Rain,10.6,13,1
671,P003,2022-07-06,Cloudy,25.6,8,0
672,P003,2022-07-09,Clear,31.3,8,0
673,P003,2022-07-12,Clear,31.8,10,0
674,P003,2022-07-15,Clear,19.3,19,0
675,P003,2022-07-18,Clear,8.5,7,0
676,P003,2022-07-21,Clear,11.4,17,0
677,P003,2022-07-24,Cloudy,20.2,6,0
678,P003,2022-07-27,Cloudy,16.1,6,0
679,P003,2022-07-30,Cloudy,27.0,18,0
680,P003,2022-08-02,Clear,10.7,10,0
681,P003,2022-08-05,Cloudy,20.9,20,0
682,P003,2022-08-08,Cloudy,8.3,6,0
683,P003,2022-08-11,Cloudy,33.8,12,0
684,P003,2022-08-14,Clear,31.9,13,0
685,P003,2022-08-17,Clear,21.0,13,0
686,P003,2022-08-20,Clear,23.6,17,0
687,P003,2022-08-23,Clear,8.0,13,0
688,P003,2022-08-26,Cloudy,10.1,11,0
689,P003,2022-08-29,Clear,13.6,14,0
690,P003,2022-09-01,Rain,7.8,20,1
691,P003,2022-09-04,Rain,30.6,12,1
692,P003,2022-09-07,Clear,25.4,10,0
693,P003,2022-09-10,Clear,32.0,9,0
694,P003,2022-09-13,Storm,73.3,4,3
695,P003,2022-09-16,Clear,10.3,13,0
696,P003,2022-09-19,Thunderstorm,48.5,1,2
697,P003,2022-09-22,Cloudy,34.1,5,0
698,P003,2022-09-25,Cloudy,12.4,8,0
699,P003,2022-09-28,Clear,5.5,14,0
700,P003,2022-10-01,Thunderstorm,66.3,2,2
701,P003,2022-10-04,Rain,28.3,8,1
702,P003,2022-10-07,Clear,27.1,19,0
703,P003,2022-10-10,Cloudy,15.5,13,0
704,P003,2022-10-13,Rain,12.6,19,1
705,P003,2022-10-16,Clear,15.6,15,0
706,P003,2022-10-19,Thunderstorm,78.7,5,2
707,P003,2022-10-22,Cloudy,13.1,5,0
708,P003,2022-10-25,Clear,17.3,12,0
709,P003,2022-10-28,Rain,9.2,20,1
710,P003,2022-10-31,Clear,22.3,18,0
711,P003,2022-11-03,Clear,27.3,11,0
712,P003,2022-11-06,Fog,10.7,1,1
713,P003,2022-11-09,Storm,83.9,5,3
714,P003,2022-11-12,Thunderstorm,62.5,5,2
715,P003,2022-11-15,Clear,32.3,16,0
716,P003,2022-11-18,Thunderstorm,59.6,4,2
717,P003,2022-11-21,Fog,9.1,1,1
718,P003,2022-11-24,Clear,20.6,15,0
719,P003,2022-11-27,Thunderstorm,46.1,4,2
720,P003,2022-11-30,Cloudy,28.8,16,0
721,P003,2022-12-03,Clear,34.1,20,0
722,P003,2022-12-06,Fog,7.2,3,1
723,P003,2022-12-09,Clear,34.0,10,0
724,P003,2022-12-12,Clear,13.6,14,0
725,P003,2022-12-15,Clear,6.2,14,0
726,P003,2022-12-18,Rain,8.7,20,1
727,P003,2022-12-21,Clear,17.9,5,0
728,P003,2022-12-24,Clear,9.1,14,0
729,P003,2022-12-27,Rain,20.1,9,1
730,P003,2022-12-30,Fog,15.7,1,1
731,P003,2023-01-02,Storm,49.8,5,3
732,P003,2023-01-05,Fog,9.4,1,1
733,P003,2023-01-08,Cloudy,15.6,17,0
734,P003,2023-01-11,Cloudy,34.0,8,0
735,P003,2023-01-14,Thunderstorm,86.0,5,2
736,P003,2023-01-17,Clear,21.9,15,0
737,P003,2023-01-20,Rain,9.2,11,1
738,P003,2023-01-23,Clear,17.5,11,0
739,P003,2023-01-26,Clear,7.6,19,0
740,P003,2023-01-29,Cloudy,16.3,18,0
741,P003,2023-02-01,Clear,20.8,15,0
742,P003,2023-02-04,Cloudy,25.6,16,0
743,P003,2023-02-07,Cloudy,17.8,18,0
744,P003,2023-02-10,Storm,63.1,5,3
745,P003,2023-02-13,Clear,28.0,7,0
746,P003,2023-02-16,Rain,23.5,14,1
747,P003,2023-02-19,Rain,22.4,16,1
748,P003,2023-02-22,Clear,21.3,14,0
749,P003,2023-02-25,Clear,30.4,9,0
750,P003,2023-02-28,Cloudy,5.2,19,0
751,P003,2023-03-03,Thunderstorm,44.2,3,2
752,P003,2023-03-06,Rain,24.5,15,1
753,P003,2023-03-09,Cloudy,29.7,20,0
754,P003,2023-03-12,Rain,30.9,8,1
755,P003,2023-03-15,Rain,25.2,6,1
756,P003,2023-03-18,Rain,20.5,20,1
757,P003,2023-03-21,Clear,31.9,9,0
758,P003,2023-03-24,Clear,14.3,5,0
759,P003,2023-03-27,Rain,23.7,11,1
760,P003,2023-03-30,Clear,5.0,8,0
761,P003,2023-04-02,Cloudy,12.4,8,0
762,P003,2023-04-05,Cloudy,30.0,19,0
763,P003,2023-04-08,Clear,32.8,14,0
764,P003,2023-04-11,Cloudy,34.5,12,0
765,P003,2023-04-14,Thunderstorm,67.3,5,2
766,P003,2023-04-17,Rain,30.8,8,1
767,P003,2023-04-20,Cloudy,24.1,10,0
768,P003,2023-04-23,Clear,27.3,12,0
769,P003,2023-04-26,Clear,27.2,11,0
770,P003,2023-04-29,Cloudy,13.7,8,0
771,P003,2023-05-02,Fog,12.4,3,1
772,P003,2023-05-05,Clear,16.6,8,0
773,P003,2023-05-08,Cloudy,29.4,9,0
774,P003,2023-05-11,Clear,18.7,17,0
775,P003,2023-05-14,Clear,14.1,19,0
776,P003,2023-05-17,Clear,32.2,9,0
777,P003,2023-05-20,Cloudy,26.7,13,0
778,P003,2023-05-23,Clear,9.7,11,0
779,P003,2023-05-26,Clear,26.2,17,0
780,P003,2023-05-29,Cloudy,10.2,9,0
781,P003,2023-06-01,Clear,26.6,15,0
782,P003,2023-06-04,Cloudy,30.8,9,0
783,P003,2023-06-07,Clear,27.9,14,0
784,P003,2023-06-10,Fog,6.0,3,1
785,P003,2023-06-13,Cloudy,33.9,10,0
786,P003,2023-06-16,Cloudy,32.8,13,0
787,P003,2023-06-19,Clear,14.7,16,0
788,P003,2023-06-22,Cloudy,29.9,7,0
789,P003,2023-06-25,Clear,30.6,10,0
790,P003,2023-06-28,Clear,25.0,20,0
791,P003,2023-07-01,Fog,12.1,1,1
792,P003,2023-07-04,Storm,80.4,2,3
793,P003,2023-07-07,Clear,31.4,17,0
794,P003,2023-07-10,Rain,17.6,7,1
795,P003,2023-07-13,Clear,12.5,6,0
796,P003,2023-07-16,Thunderstorm,43.6,3,2
797,P003,2023-07-19,Cloudy,30.2,10,0
798,P003,2023-07-22,Clear,26.0,17,0
799,P003,2023-07-25,Clear,24.1,11,0
800,P003,2023-07-28,Clear,19.7,14,0
801,P003,2023-07-31,Clear,27.3,18,0
802,P003,2023-08-03,Rain,29.3,11,1
803,P003,2023-08-06,Clear,5.7,8,0
804,P003,2023-08-09,Clear,29.3,5,0
805,P003,2023-08-12,Clear,17.2,7,0
806,P003,2023-08-15,Clear,25.5,20,0
807,P003,2023-08-18,Clear,11.2,20,0
808,P003,2023-08-21,Cloudy,15.7,9,0
809,P003,2023-08-24,Rain,18.2,17,1
810,P003,2023-08-27,Thunderstorm,68.5,2,2
811,P003,2023-08-30,Rain,13.9,8,1
812,P003,2023-09-02,Cloudy,6.5,15,0
813,P003,2023-09-05,Clear,29.6,14,0
814,P003,2023-09-08,Fog,8.8,3,1
815,P003,2023-09-11,Clear,31.2,10,0
816,P003,2023-09-14,Storm,43.7,5,3
817,P003,2023-09-17,Clear,20.5,14,0
818,P003,2023-09-20,Clear,6.7,8,0
819,P003,2023-09-23,Cloudy,33.1,13,0
820,P003,2023-09-26,Rain,6.0,18,1
821,P003,2023-09-29,Clear,15.0,6,0
822,P003,2023-10-02,Clear,21.4,15,0
823,P003,2023-10-05,Fog,15.0,1,1
824,P003,2023-10-08,Clear,7.2,6,0
825,P003,2023-10-11,Clear,7.1,18,0
826,P003,2023-10-14,Cloudy,23.4,7,0
827,P003,2023-10-17,Thunderstorm,63.9,2,2
828,P003,2023-10-20,Clear,6.3,6,0
829,P003,2023-10-23,Cloudy,11.8,16,0
830,P003,2023-10-26,Cloudy,14.1,12,0
831,P003,2023-10-29,Clear,6.7,11,0
832,P003,2023-11-01,Cloudy,30.8,5,0
833,P003,2023-11-04,Cloudy,6.6,17,0
834,P003,2023-11-07,Rain,17.9,18,1
835,P003,2023-11-10,Cloudy,8.5,8,0
836,P003,2023-11-13,Thunderstorm,89.1,3,2
837,P003,2023-11-16,Clear,15.3,6,0
838,P003,2023-11-19,Clear,7.8,5,0
839,P003,2023-11-22,Clear,27.4,6,0
840,P003,2023-11-25,Storm,40.7,2,3
841,P003,2023-11-28,Rain,7.3,9,1
842,P003,2023-12-01,Cloudy,13.5,15,0
843,P003,2023-12-04,Clear,24.7,12,0
844,P003,2023-12-07,Storm,46.5,4,3
845,P003,2023-12-10,Cloudy,8.7,7,0
846,P003,2023-12-13,Clear,33.2,11,0
847,P003,2023-12-16,Cloudy,27.1,16,0
848,P003,2023-12-19,Thunderstorm,82.9,4,2
849,P003,2023-12-22,Rain,33.2,14,1
850,P003,2023-12-25,Thunderstorm,52.2,3,2
851,P003,2023-12-28,Clear,21.2,8,0
852,P003,2023-12-31,Clear,32.0,20,0
853,P003,2024-01-03,Clear,11.1,9,0
854,P003,2024-01-06,Thunderstorm,66.0,3,2
855,P003,2024-01-09,Rain,11.3,16,1
856,P003,2024-01-12,Rain,28.6,6,1
857,P003,2024-01-15,Storm,74.9,4,3
858,P003,2024-01-18,Fog,5.3,1,1
859,P003,2024-01-21,Clear,22.6,14,0
860,P003,2024-01-24,Rain,7.5,13,1
861,P003,2024-01-27,Thunderstorm,59.2,1,2
862,P003,2024-01-30,Thunderstorm,59.2,1,2
863,P003,2024-02-02,Clear,16.4,18,0
864,P003,2024-02-05,Cloudy,24.8,6,0
865,P003,2024-02-08,Cloudy,15.4,5,0
866,P003,2024-02-11,Fog,16.3,2,1
867,P003,2024-02-14,Fog,18.6,3,1
868,P003,2024-02-17,Clear,5.8,18,0
869,P003,2024-02-20,Thunderstorm,79.1,1,2
870,P003,2024-02-23,Rain,21.6,14,1
871,P003,2024-02-26,Thunderstorm,86.9,4,2
872,P003,2024-02-29,Cloudy,26.6,13,0
873,P003,2024-03-03,Clear,16.4,12,0
874,P003,2024-03-06,Clear,5.5,13,0
875,P003,2024-03-09,Clear,12.5,14,0
876,P003,2024-03-12,Clear,16.8,13,0
877,P003,2024-03-15,Clear,24.8,5,0
878,P003,2024-03-18,Clear,22.1,15,0
879,P003,2024-03-21,Thunderstorm,82.4,4,2
880,P003,2024-03-24,Cloudy,18.2,19,0
881,P003,2024-03-27,Clear,15.8,11,0
882,P003,2024-03-30,Cloudy,22.4,7,0
883,P003,2024-04-02,Clear,23.3,15,0
884,P003,2024-04-05,Fog,11.6,2,1
885,P003,2024-04-08,Rain,13.3,20,1
886,P003,2024-04-11,Clear,23.9,9,0
887,P003,2024-04-14,Thunderstorm,72.8,2,2
888,P003,2024-04-17,Clear,6.2,19,0
889,P003,2024-04-20,Cloudy,6.3,12,0
890,P003,2024-04-23,Clear,26.4,13,0
891,P003,2024-04-26,Storm,40.8,3,3
892,P003,2024-04-29,Cloudy,6.3,12,0
893,P003,2024-05-02,Clear,7.3,19,0
894,P003,2024-05-05,Clear,7.3,11,0
895,P003,2024-05-08,Clear,16.1,18,0
896,P003,2024-05-11,Clear,17.8,14,0
897,P003,2024-05-14,Clear,14.8,16,0
898,P003,2024-05-17,Clear,17.2,16,0
899,P003,2024-05-20,Cloudy,34.2,5,0
900,P003,2024-05-23,Clear,6.3,9,0
901,P003,2024-05-26,Fog,5.4,3,1
902,P003,2024-05-29,Clear,14.4,16,0
903,P003,2024-06-01,Fog,10.7,3,1
904,P003,2024-06-04,Clear,26.8,17,0
905,P003,2024-06-07,Rain,24.5,7,1
906,P003,2024-06-10,Fog,19.9,3,1
907,P003,2024-06-13,Cloudy,22.2,18,0
908,P003,2024-06-16,Cloudy,8.6,6,0
909,P003,2024-06-19,Cloudy,24.8,19,0
910,P003,2024-06-22,Clear,10.9,14,0
911,P003,2024-06-25,Fog,9.9,2,1
912,P003,2024-06-28,Clear,14.4,8,0
913,P004,2022-01-01,Rain,18.4,18,1
914,P004,2022-01-04,Clear,15.6,7,0
915,P004,2022-01-07,Fog,14.8,3,1
916,P004,2022-01-10,Clear,28.6,12,0
917,P004,2022-01-13,Cloudy,29.8,9,0
918,P004,2022-01-16,Fog,8.7,2,1
919,P004,2022-01-19,Rain,25.0,13,1
920,P004,2022-01-22,Rain,15.2,8,1
921,P004,2022-01-25,Clear,17.6,9,0
922,P004,2022-01-28,Cloudy,24.0,11,0
923,P004,2022-01-31,Thunderstorm,83.8,1,2
924,P004,2022-02-03,Clear,17.6,20,0
925,P004,2022-02-06,Rain,8.8,6,1
926,P004,2022-02-09,Thunderstorm,41.2,2,2
927,P004,2022-02-12,Storm,46.6,5,3
928,P004,2022-02-15,Fog,18.6,2,1
929,P004,2022-02-18,Clear,25.9,12,0
930,P004,2022-02-21,Rain,8.6,15,1
931,P004,2022-02-24,Cloudy,23.5,6,0
932,P004,2022-02-27,Clear,32.6,19,0
933,P004,2022-03-02,Fog,14.5,3,1
934,P004,2022-03-05,Thunderstorm,54.5,4,2
935,P004,2022-03-08,Rain,27.0,7,1
936,P004,2022-03-11,Clear,5.2,16,0
937,P004,2022-03-14,Rain,18.6,15,1
938,P004,2022-03-17,Cloudy,20.3,13,0
939,P004,2022-03-20,Fog,6.5,2,1
940,P004,2022-03-23,Cloudy,6.4,18,0
941,P004,2022-03-26,Clear,16.5,10,0
942,P004,2022-03-29,Fog,5.6,3,1
943,P004,2022-04-01,Thunderstorm,76.5,4,2
944,P004,2022-04-04,Cloudy,22.3,15,0
945,P004,2022-04-07,Clear,13.5,8,0
946,P004,2022-04-10,Clear,19.6,12,0
947,P004,2022-04-13,Thunderstorm,54.4,3,2
948,P004,2022-04-16,Storm,77.7,2,3
949,P004,2022-04-19,Rain,9.2,11,1
950,P004,2022-04-22,Cloudy,20.3,10,0
951,P004,2022-04-25,Clear,32.1,11,0
952,P004,2022-04-28,Clear,30.0,5,0
953,P004,2022-05-01,Clear,13.5,18,0
954,P004,2022-05-04,Rain,20.6,19,1
955,P004,2022-05-07,Clear,8.3,8,0
956,P004,2022-05-10,Cloudy,18.0,13,0
957,P004,2022-05-13,Clear,9.1,13,0
958,P004,2022-05-16,Rain,8.5,16,1
959,P004,2022-05-19,Rain,27.3,12,1
960,P004,2022-05-22,Rain,14.8,15,1
961,P004,2022-05-25,Clear,23.9,7,0
962,P004,2022-05-28,Rain,14.4,6,1
963,P004,2022-05-31,Cloudy,33.0,15,0
964,P004,2022-06-03,Clear,21.7,6,0
965,P004,2022-06-06,Fog,14.4,1,1
966,P004,2022-06-09,Clear,16.3,12,0
967,P004,2022-06-12,Rain,13.0,9,1
968,P004,2022-06-15,Cloudy,10.6,20,0
969,P004,2022-06-18,Clear,11.0,7,0
970,P004,2022-06-21,Fog,17.9,3,1
971,P004,2022-06-24,Clear,18.0,20,0
972,P004,2022-06-27,Cloudy,11.3,10,0
973,P004,2022-06-30,Clear,25.6,17,0
974,P004,2022-07-03,Cloudy,12.0,16,0
975,P004,2022-07-06,Cloudy,24.7,10,0
976,P004,2022-07-09,Thunderstorm,82.0,3,2
977,P004,2022-07-12,Rain,19.7,17,1
978,P004,2022-07-15,Cloudy,21.3,14,0
979,P004,2022-07-18,Clear,8.4,14,0
980,P004,2022-07-21,Cloudy,18.4,12,0
981,P004,2022-07-24,Rain,8.5,19,1
982,P004,2022-07-27,Fog,14.9,2,1
983,P004,2022-07-30,Rain,26.1,20,1
984,P004,2022-08-02,Thunderstorm,83.2,5,2
985,P004,2022-08-05,Cloudy,12.0,14,0
986,P004,2022-08-08,Clear,11.5,18,0
987,P004,2022-08-11,Clear,28.2,13,0
988,P004,2022-08-14,Rain,17.3,19,1
989,P004,2022-08-17,Cloudy,12.8,6,0
990,P004,2022-08-20,Clear,26.8,15,0
991,P004,2022-08-23,Cloudy,6.4,19,0
992,P004,2022-08-26,Cloudy,22.2,10,0
993,P004,2022-08-29,Cloudy,28.4,8,0
994,P004,2022-09-01,Fog,14.2,2,1
995,P004,2022-09-04,Clear,21.2,5,0
996,P004,2022-09-07,Rain,7.7,15,1
997,P004,2022-09-10,Fog,16.5,3,1
998,P004,2022-09-13,Clear,6.5,11,0
999,P004,2022-09-16,Clear,11.0,10,0
1000,P004,2022-09-19,Thunderstorm,59.8,2,2
1001,P004,2022-09-22,Clear,9.8,16,0
1002,P004,2022-09-25,Clear,11.5,12,0
1003,P004,2022-09-28,Fog,5.5,1,1
1004,P004,2022-10-01,Rain,20.8,17,1
1005,P004,2022-10-04,Rain,6.3,14,1
1006,P004,2022-10-07,Clear,11.9,12,0
1007,P004,2022-10-10,Clear,27.5,17,0
1008,P004,2022-10-13,Rain,8.9,13,1
1009,P004,2022-10-16,Thunderstorm,43.8,5,2
1010,P004,2022-10-19,Rain,27.9,18,1
1011,P004,2022-10-22,Clear,27.3,9,0
1012,P004,2022-10-25,Clear,22.6,17,0
1013,P004,2022-10-28,Clear,23.2,14,0
1014,P004,2022-10-31,Rain,17.8,5,1
1015,P004,2022-11-03,Clear,18.8,8,0
1016,P004,2022-11-06,Clear,24.7,20,0
1017,P004,2022-11-09,Clear,17.9,12,0
1018,P004,2022-11-12,Storm,68.0,4,3
1019,P004,2022-11-15,Clear,26.1,12,0
1020,P004,2022-11-18,Clear,34.8,17,0
1021,P004,2022-11-21,Fog,16.4,3,1
1022,P004,2022-11-24,Clear,11.7,5,0
1023,P004,2022-11-27,Clear,12.0,16,0
1024,P004,2022-11-30,Cloudy,8.3,14,0
1025,P004,2022-12-03,Clear,29.3,7,0
1026,P004,2022-12-06,Clear,10.1,20,0
1027,P004,2022-12-09,Cloudy,7.5,17,0
1028,P004,2022-12-12,Cloudy,19.2,12,0
1029,P004,2022-12-15,Clear,19.8,18,0
1030,P004,2022-12-18,Clear,15.1,9,0
1031,P004,2022-12-21,Clear,25.7,18,0
1032,P004,2022-12-24,Thunderstorm,53.4,2,2
1033,P004,2022-12-27,Rain,28.8,20,1
1034,P004,2022-12-30,Clear,24.6,15,0
1035,P004,2023-01-02,Cloudy,19.5,7,0
1036,P004,2023-01-05,Fog,11.4,1,1
1037,P004,2023-01-08,Clear,27.7,10,0
1038,P004,2023-01-11,Cloudy,8.6,11,0
1039,P004,2023-01-14,Cloudy,34.2,6,0
1040,P004,2023-01-17,Thunderstorm,64.8,5,2
1041,P004,2023-01-20,Cloudy,27.5,18,0
1042,P004,2023-01-23,Clear,13.9,18,0
1043,P004,2023-01-26,Storm,76.0,3,3
1044,P004,2023-01-29,Cloudy,23.5,16,0
1045,P004,2023-02-01,Cloudy,10.0,14,0
1046,P004,2023-02-04,Cloudy,11.1,16,0
1047,P004,2023-02-07,Cloudy,12.5,19,0
1048,P004,2023-02-10,Clear,14.9,9,0
1049,P004,2023-02-13,Clear,26.5,20,0
1050,P004,2023-02-16,Clear,17.5,9,0
1051,P004,2023-02-19,Cloudy,34.8,5,0
1052,P004,2023-02-22,Clear,10.6,8,0
1053,P004,2023-02-25,Cloudy,14.9,6,0
1054,P004,2023-02-28,Cloudy,22.8,7,0
1055,P004,2023-03-03,Clear,21.8,12,0
1056,P004,2023-03-06,Clear,5.4,11,0
1057,P004,2023-03-09,Clear,29.6,18,0
1058,P004,2023-03-12,Cloudy,14.2,17,0
1059,P004,2023-03-15,Fog,13.4,3,1
1060,P004,2023-03-18,Rain,7.3,9,1
1061,P004,2023-03-21,Clear,11.5,10,0
1062,P004,2023-03-24,Clear,8.1,17,0
1063,P004,2023-03-27,Clear,28.2,13,0
1064,P004,2023-03-30,Storm,76.9,5,3
1065,P004,2023-04-02,Rain,19.2,10,1
1066,P004,2023-04-05,Clear,12.0,11,0
1067,P004,2023-04-08,Clear,29.1,9,0
1068,P004,2023-04-11,Clear,19.3,5,0
1069,P004,2023-04-14,Clear,31.9,6,0
1070,P004,2023-04-17,Clear,29.2,18,0
1071,P004,2023-04-20,Rain,14.8,8,1
1072,P004,2023-04-23,Clear,16.8,17,0
1073,P004,2023-04-26,Rain,15.6,15,1
1074,P004,2023-04-29,Cloudy,31.5,11,0
1075,P004,2023-05-02,Fog,19.2,2,1
1076,P004,2023-05-05,Rain,30.2,19,1
1077,P004,2023-05-08,Cloudy,28.7,8,0
1078,P004,2023-05-11,Cloudy,18.1,16,0
1079,P004,2023-05-14,Clear,31.0,19,0
1080,P004,2023-05-17,Rain,15.4,18,1
1081,P004,2023-05-20,Clear,21.8,11,0
1082,P004,2023-05-23,Clear,10.4,5,0
1083,P004,2023-05-26,Clear,15.8,11,0
1084,P004,2023-05-29,Clear,14.3,8,0
1085,P004,2023-06-01,Fog,18.7,3,1
1086,P004,2023-06-04,Fog,14.1,1,1
1087,P004,2023-06-07,Cloudy,24.3,17,0
1088,P004,2023-06-10,Clear,25.9,13,0
1089,P004,2023-06-13,Clear,6.7,5,0
1090,P004,2023-06-16,Thunderstorm,86.4,5,2
1091,P004,2023-06-19,Cloudy,19.7,20,0
1092,P004,2023-06-22,Rain,24.4,8,1
1093,P004,2023-06-25,Clear,5.9,9,0
1094,P004,2023-06-28,Rain,10.3,9,1
1095,P004,2023-07-01,Clear,30.0,8,0
1096,P004,2023-07-04,Clear,24.1,6,0
1097,P004,2023-07-07,Clear,30.7,13,0
1098,P004,2023-07-10,Storm,49.7,5,3
1099,P004,2023-07-13,Rain,15.0,15,1
1100,P004,2023-07-16,Thunderstorm,48.5,5,2
1101,P004,2023-07-19,Rain,16.0,5,1
1102,P004,2023-07-22,Fog,11.0,3,1
1103,P004,2023-07-25,Rain,6.9,9,1
1104,P004,2023-07-28,Rain,7.5,19,1
1105,P004,2023-07-31,Clear,23.3,18,0
1106,P004,2023-08-03,Clear,27.4,5,0
1107,P004,2023-08-06,Clear,21.8,8,0
1108,P004,2023-08-09,Clear,22.0,7,0
1109,P004,2023-08-12,Cloudy,18.9,8,0
1110,P004,2023-08-15,Fog,7.7,1,1
1111,P004,2023-08-18,Clear,22.7,5,0
1112,P004,2023-08-21,Rain,28.7,11,1
1113,P004,2023-08-24,Cloudy,18.8,12,0
1114,P004,2023-08-27,Clear,25.4,11,0
1115,P004,2023-08-30,Rain,27.1,14,1
1116,P004,2023-09-02,Clear,26.2,10,0
1117,P004,2023-09-05,Clear,22.0,18,0
1118,P004,2023-09-08,Clear,10.6,11,0
1119,P004,2023-09-11,Clear,13.8,19,0
1120,P004,2023-09-14,Clear,19.7,16,0
1121,P004,2023-09-17,Clear,24.3,19,0
1122,P004,2023-09-20,Rain,25.6,10,1
1123,P004,2023-09-23,Clear,30.0,17,0
1124,P004,2023-09-26,Clear,22.1,18,0
1125,P004,2023-09-29,Clear,29.3,14,0
1126,P004,2023-10-02,Clear,26.0,13,0
1127,P004,2023-10-05,Clear,28.2,13,0
1128,P004,2023-10-08,Clear,12.8,8,0
1129,P004,2023-10-11,Cloudy,23.9,20,0
1130,P004,2023-10-14,Clear,22.6,16,0
1131,P004,2023-10-17,Cloudy,24.7,6,0
1132,P004,2023-10-20,Clear,8.1,16,0
1133,P004,2023-10-23,Thunderstorm,40.4,4,2
1134,P004,2023-10-26,Cloudy,15.1,8,0
1135,P004,2023-10-29,Clear,15.7,10,0
1136,P004,2023-11-01,Cloudy,10.6,5,0
1137,P004,2023-11-04,Cloudy,23.5,18,0
1138,P004,2023-11-07,Rain,19.2,12,1
1139,P004,2023-11-10,Clear,16.2,15,0
1140,P004,2023-11-13,Cloudy,17.0,6,0
1141,P004,2023-11-16,Storm,83.9,5,3
1142,P004,2023-11-19,Clear,17.8,13,0
1143,P004,2023-11-22,Fog,11.0,1,1
1144,P004,2023-11-25,Clear,10.0,14,0
1145,P004,2023-11-28,Thunderstorm,88.3,5,2
1146,P004,2023-12-01,Clear,34.2,9,0
1147,P004,2023-12-04,Clear,15.0,6,0
1148,P004,2023-12-07,Storm,55.5,2,3
1149,P004,2023-12-10,Rain,18.8,10,1
1150,P004,2023-12-13,Cloudy,24.8,11,0
1151,P004,2023-12-16,Thunderstorm,55.1,1,2
1152,P004,2023-12-19,Clear,30.7,18,0
1153,P004,2023-12-22,Clear,12.3,16,0
1154,P004,2023-12-25,Clear,9.8,8,0
1155,P004,2023-12-28,Cloudy,25.6,11,0
1156,P004,2023-12-31,Fog,15.0,2,1
1157,P004,2024-01-03,Rain,27.9,8,1
1158,P004,2024-01-06,Clear,14.6,9,0
1159,P004,2024-01-09,Clear,14.8,14,0
1160,P004,2024-01-12,Rain,26.9,18,1
1161,P004,2024-01-15,Cloudy,21.0,16,0
1162,P004,2024-01-18,Cloudy,27.2,5,0
1163,P004,2024-01-21,Clear,23.3,12,0
1164,P004,2024-01-24,Clear,15.2,5,0
1165,P004,2024-01-27,Cloudy,27.6,7,0
1166,P004,2024-01-30,Cloudy,9.1,11,0
1167,P004,2024-02-02,Clear,14.1,7,0
1168,P004,2024-02-05,Clear,24.6,18,0
1169,P004,2024-02-08,Clear,14.3,20,0
1170,P004,2024-02-11,Clear,33.8,18,0
1171,P004,2024-02-14,Clear,16.9,8,0
1172,P004,2024-02-17,Cloudy,7.5,8,0
1173,P004,2024-02-20,Rain,17.1,5,1
1174,P004,2024-02-23,Clear,8.9,17,0
1175,P004,2024-02-26,Rain,5.3,17,1
1176,P004,2024-02-29,Cloudy,6.6,18,0
1177,P004,2024-03-03,Clear,24.0,19,0
1178,P004,2024-03-06,Cloudy,28.4,15,0
1179,P004,2024-03-09,Thunderstorm,88.6,1,2
1180,P004,2024-03-12,Rain,34.4,17,1
1181,P004,2024-03-15,Thunderstorm,44.0,1,2
1182,P004,2024-03-18,Clear,33.0,13,0
1183,P004,2024-03-21,Clear,29.4,19,0
1184,P004,2024-03-24,Cloudy,18.9,6,0
1185,P004,2024-03-27,Clear,19.7,16,0
1186,P004,2024-03-30,Clear,23.0,16,0
1187,P004,2024-04-02,Clear,15.1,14,0
1188,P004,2024-04-05,Rain,5.7,13,1
1189,P004,2024-04-08,Clear,15.7,5,0
1190,P004,2024-04-11,Cloudy,13.9,6,0
1191,P004,2024-04-14,Cloudy,15.7,6,0
1192,P004,2024-04-17,Cloudy,16.9,10,0
1193,P004,2024-04-20,Clear,7.8,9,0
1194,P004,2024-04-23,Cloudy,17.9,13,0
1195,P004,2024-04-26,Clear,18.7,12,0
1196,P004,2024-04-29,Fog,18.6,3,1
1197,P004,2024-05-02,Rain,22.1,6,1
1198,P004,2024-05-05,Clear,16.2,9,0
1199,P004,2024-05-08,Cloudy,26.7,8,0
1200,P004,2024-05-11,Clear,34.4,7,0
1201,P004,2024-05-14,Clear,24.1,14,0
1202,P004,2024-05-17,Cloudy,5.7,13,0
1203,P004,2024-05-20,Rain,27.3,7,1
1204,P004,2024-05-23,Thunderstorm,61.7,1,2
1205,P004,2024-05-26,Rain,22.1,14,1
1206,P004,2024-05-29,Cloudy,21.2,12,0
1207,P004,2024-06-01,Rain,6.5,20,1
1208,P004,2024-06-04,Clear,33.1,13,0
1209,P004,2024-06-07,Rain,28.3,13,1
1210,P004,2024-06-10,Cloudy,6.4,17,0
1211,P004,2024-06-13,Fog,15.2,2,1
1212,P004,2024-06-16,Clear,11.2,18,0
1213,P004,2024-06-19,Rain,13.2,19,1
1214,P004,2024-06-22,Cloudy,34.3,15,0
1215,P004,2024-06-25,Clear,11.7,15,0
1216,P004,2024-06-28,Clear,23.3,19,0
1217,P005,2022-01-01,Cloudy,24.0,15,0
1218,P005,2022-01-04,Cloudy,19.3,5,0
1219,P005,2022-01-07,Clear,14.6,19,0
1220,P005,2022-01-10,Clear,30.6,20,0
1221,P005,2022-01-13,Clear,25.9,17,0
1222,P005,2022-01-16,Clear,6.0,7,0
1223,P005,2022-01-19,Cloudy,21.8,16,0
1224,P005,2022-01-22,Clear,27.4,16,0
1225,P005,2022-01-25,Clear,27.5,19,0
1226,P005,2022-01-28,Rain,5.9,10,1
1227,P005,2022-01-31,Cloudy,21.9,18,0
1228,P005,2022-02-03,Storm,41.2,3,3
1229,P005,2022-02-06,Cloudy,19.7,12,0
1230,P005,2022-02-09,Clear,21.1,17,0
1231,P005,2022-02-12,Cloudy,30.5,8,0
1232,P005,2022-02-15,Clear,11.3,8,0
1233,P005,2022-02-18,Cloudy,10.4,10,0
1234,P005,2022-02-21,Rain,34.5,17,1
1235,P005,2022-02-24,Cloudy,15.6,11,0
1236,P005,2022-02-27,Cloudy,23.0,15,0
1237,P005,2022-03-02,Rain,23.9,15,1
1238,P005,2022-03-05,Cloudy,21.0,12,0
1239,P005,2022-03-08,Thunderstorm,64.7,4,2
1240,P005,2022-03-11,Clear,32.7,10,0
1241,P005,2022-03-14,Fog,7.7,2,1
1242,P005,2022-03-17,Clear,29.9,19,0
1243,P005,2022-03-20,Rain,25.5,8,1
1244,P005,2022-03-23,Clear,24.6,18,0
1245,P005,2022-03-26,Cloudy,24.1,12,0
1246,P005,2022-03-29,Clear,23.6,7,0
1247,P005,2022-04-01,Cloudy,27.0,5,0
1248,P005,2022-04-04,Clear,12.5,20,0
1249,P005,2022-04-07,Rain,33.6,5,1
1250,P005,2022-04-10,Rain,31.5,17,1
1251,P005,2022-04-13,Cloudy,30.9,10,0
1252,P005,2022-04-16,Cloudy,26.7,12,0
1253,P005,2022-04-19,Clear,33.1,11,0
1254,P005,2022-04-22,Clear,13.8,5,0
1255,P005,2022-04-25,Clear,18.8,12,0
1256,P005,2022-04-28,Rain,18.3,12,1
1257,P005,2022-05-01,Rain,34.2,8,1
1258,P005,2022-05-04,Rain,30.1,10,1
1259,P005,2022-05-07,Clear,26.7,7,0
1260,P005,2022-05-10,Clear,6.0,18,0
1261,P005,2022-05-13,Thunderstorm,89.8,4,2
1262,P005,2022-05-16,Clear,17.5,13,0
1263,P005,2022-05-19,Thunderstorm,66.9,5,2
1264,P005,2022-05-22,Cloudy,21.0,5,0
1265,P005,2022-05-25,Cloudy,29.8,6,0
1266,P005,2022-05-28,Clear,17.0,6,0
1267,P005,2022-05-31,Clear,26.5,19,0
1268,P005,2022-06-03,Cloudy,8.7,9,0
1269,P005,2022-06-06,Thunderstorm,77.9,5,2
1270,P005,2022-06-09,Rain,8.4,10,1
1271,P005,2022-06-12,Clear,24.7,9,0
1272,P005,2022-06-15,Fog,16.9,1,1
1273,P005,2022-06-18,Clear,14.9,7,0
1274,P005,2022-06-21,Cloudy,26.3,12,0
1275,P005,2022-06-24,Rain,15.3,19,1
1276,P005,2022-06-27,Clear,18.5,13,0
1277,P005,2022-06-30,Cloudy,22.8,9,0
1278,P005,2022-07-03,Clear,13.7,12,0
1279,P005,2022-07-06,Thunderstorm,68.2,3,2
1280,P005,2022-07-09,Clear,26.5,14,0
1281,P005,2022-07-12,Cloudy,18.2,14,0
1282,P005,2022-07-15,Clear,29.2,9,0
1283,P005,2022-07-18,Clear,13.8,17,0
1284,P005,2022-07-21,Clear,11.8,11,0
1285,P005,2022-07-24,Cloudy,9.5,5,0
1286,P005,2022-07-27,Clear,26.6,17,0
1287,P005,2022-07-30,Cloudy,32.0,16,0
1288,P005,2022-08-02,Cloudy,22.6,15,0
1289,P005,2022-08-05,Cloudy,16.3,20,0
1290,P005,2022-08-08,Cloudy,31.1,20,0
1291,P005,2022-08-11,Clear,31.9,5,0
1292,P005,2022-08-14,Rain,6.9,12,1
1293,P005,2022-08-17,Clear,11.7,13,0
1294,P005,2022-08-20,Cloudy,26.9,8,0
1295,P005,2022-08-23,Cloudy,15.7,19,0
1296,P005,2022-08-26,Cloudy,24.2,5,0
1297,P005,2022-08-29,Thunderstorm,82.3,5,2
1298,P005,2022-09-01,Thunderstorm,77.1,3,2
1299,P005,2022-09-04,Rain,17.0,8,1
1300,P005,2022-09-07,Fog,12.6,2,1
1301,P005,2022-09-10,Cloudy,21.0,7,0
1302,P005,2022-09-13,Storm,42.8,5,3
1303,P005,2022-09-16,Cloudy,12.3,10,0
1304,P005,2022-09-19,Rain,24.5,12,1
1305,P005,2022-09-22,Clear,26.5,10,0
1306,P005,2022-09-25,Clear,23.3,13,0
1307,P005,2022-09-28,Clear,10.7,7,0
1308,P005,2022-10-01,Fog,7.0,2,1
1309,P005,2022-10-04,Clear,11.8,20,0
1310,P005,2022-10-07,Cloudy,21.1,6,0
1311,P005,2022-10-10,Clear,24.0,11,0
1312,P005,2022-10-13,Cloudy,18.3,20,0
1313,P005,2022-10-16,Clear,21.3,11,0
1314,P005,2022-10-19,Cloudy,14.0,5,0
1315,P005,2022-10-22,Cloudy,30.8,8,0
1316,P005,2022-10-25,Rain,18.3,11,1
1317,P005,2022-10-28,Cloudy,24.0,19,0
1318,P005,2022-10-31,Storm,52.6,4,3
1319,P005,2022-11-03,Cloudy,19.8,10,0
1320,P005,2022-11-06,Clear,19.5,14,0
1321,P005,2022-11-09,Fog,9.5,3,1
1322,P005,2022-11-12,Clear,13.3,14,0
1323,P005,2022-11-15,Cloudy,8.3,10,0
1324,P005,2022-11-18,Cloudy,14.6,20,0
1325,P005,2022-11-21,Cloudy,10.4,18,0
1326,P005,2022-11-24,Rain,7.8,19,1
1327,P005,2022-11-27,Clear,25.6,10,0
1328,P005,2022-11-30,Clear,8.3,12,0
1329,P005,2022-12-03,Clear,20.1,15,0
1330,P005,2022-12-06,Rain,19.2,14,1
1331,P005,2022-12-09,Fog,8.2,3,1
1332,P005,2022-12-12,Clear,9.7,17,0
1333,P005,2022-12-15,Rain,30.6,10,1
1334,P005,2022-12-18,Clear,20.5,20,0
1335,P005,2022-12-21,Rain,28.7,13,1
1336,P005,2022-12-24,Clear,12.9,14,0
1337,P005,2022-12-27,Clear,14.2,16,0
1338,P005,2022-12-30,Rain,14.5,14,1
1339,P005,2023-01-02,Cloudy,16.8,18,0
1340,P005,2023-01-05,Clear,33.2,6,0
1341,P005,2023-01-08,Storm,57.7,2,3
1342,P005,2023-01-11,Storm,78.4,1,3
1343,P005,2023-01-14,Rain,11.1,13,1
1344,P005,2023-01-17,Clear,16.2,15,0
1345,P005,2023-01-20,Cloudy,16.5,11,0
1346,P005,2023-01-23,Rain,23.5,19,1
1347,P005,2023-01-26,Thunderstorm,45.3,2,2
1348,P005,2023-01-29,Clear,26.7,20,0
1349,P005,2023-02-01,Fog,19.2,3,1
1350,P005,2023-02-04,Clear,33.8,20,0
1351,P005,2023-02-07,Clear,34.6,17,0
1352,P005,2023-02-10,Clear,6.7,15,0
1353,P005,2023-02-13,Clear,16.1,14,0
1354,P005,2023-02-16,Clear,9.0,7,0
1355,P005,2023-02-19,Clear,28.3,18,0
1356,P005,2023-02-22,Rain,31.2,14,1
1357,P005,2023-02-25,Cloudy,21.9,19,0
1358,P005,2023-02-28,Clear,22.2,13,0
1359,P005,2023-03-03,Cloudy,29.5,5,0
1360,P005,2023-03-06,Clear,28.1,15,0
1361,P005,2023-03-09,Fog,10.4,2,1
1362,P005,2023-03-12,Rain,11.4,15,1
1363,P005,2023-03-15,Cloudy,18.8,15,0
1364,P005,2023-03-18,Clear,34.1,13,0
1365,P005,2023-03-21,Clear,27.4,5,0
1366,P005,2023-03-24,Clear,24.3,18,0
1367,P005,2023-03-27,Clear,19.6,6,0
1368,P005,2023-03-30,Thunderstorm,43.0,5,2
1369,P005,2023-04-02,Clear,22.0,6,0
1370,P005,2023-04-05,Fog,18.1,2,1
1371,P005,2023-04-08,Rain,19.8,15,1
1372,P005,2023-04-11,Cloudy,27.0,7,0
1373,P005,2023-04-14,Storm,79.0,5,3
1374,P005,2023-04-17,Clear,20.4,7,0
1375,P005,2023-04-20,Cloudy,19.1,11,0
1376,P005,2023-04-23,Rain,28.0,18,1
1377,P005,2023-04-26,Rain,19.0,9,1
1378,P005,2023-04-29,Rain,7.2,15,1
1379,P005,2023-05-02,Cloudy,28.4,18,0
1380,P005,2023-05-05,Thunderstorm,60.1,3,2
1381,P005,2023-05-08,Clear,29.8,5,0
1382,P005,2023-05-11,Clear,14.7,9,0
1383,P005,2023-05-14,Clear,11.7,15,0
1384,P005,2023-05-17,Cloudy,24.6,11,0
1385,P005,2023-05-20,Rain,22.2,16,1
1386,P005,2023-05-23,Thunderstorm,75.7,5,2
1387,P005,2023-05-26,Clear,28.2,11,0
1388,P005,2023-05-29,Clear,8.0,6,0
1389,P005,2023-06-01,Rain,21.2,7,1
1390,P005,2023-06-04,Clear,14.5,12,0
1391,P005,2023-06-07,Rain,11.1,10,1
1392,P005,2023-06-10,Cloudy,13.1,11,0
1393,P005,2023-06-13,Rain,5.8,19,1
1394,P005,2023-06-16,Clear,33.4,5,0
1395,P005,2023-06-19,Cloudy,27.3,11,0
1396,P005,2023-06-22,Clear,18.4,17,0
1397,P005,2023-06-25,Clear,28.1,8,0
1398,P005,2023-06-28,Clear,10.3,8,0
1399,P005,2023-07-01,Clear,11.3,20,0
1400,P005,2023-07-04,Rain,15.8,15,1
1401,P005,2023-07-07,Cloudy,11.3,7,0
1402,P005,2023-07-10,Rain,15.8,13,1
1403,P005,2023-07-13,Cloudy,33.3,5,0
1404,P005,2023-07-16,Clear,29.1,17,0
1405,P005,2023-07-19,Storm,45.0,3,3
1406,P005,2023-07-22,Fog,17.5,2,1
1407,P005,2023-07-25,Fog,14.8,1,1
1408,P005,2023-07-28,Storm,44.2,4,3
1409,P005,2023-07-31,Thunderstorm,40.8,3,2
1410,P005,2023-08-03,Rain,31.9,6,1
1411,P005,2023-08-06,Clear,12.5,5,0
1412,P005,2023-08-09,Clear,9.7,20,0
1413,P005,2023-08-12,Rain,6.8,11,1
1414,P005,2023-08-15,Thunderstorm,73.0,3,2
1415,P005,2023-08-18,Cloudy,29.7,18,0
1416,P005,2023-08-21,Clear,33.1,9,0
1417,P005,2023-08-24,Rain,29.3,10,1
1418,P005,2023-08-27,Clear,32.7,10,0
1419,P005,2023-08-30,Clear,11.1,17,0
1420,P005,2023-09-02,Cloudy,32.3,13,0
1421,P005,2023-09-05,Cloudy,5.9,5,0
1422,P005,2023-09-08,Clear,31.7,6,0
1423,P005,2023-09-11,Rain,9.3,18,1
1424,P005,2023-09-14,Clear,16.3,10,0
1425,P005,2023-09-17,Clear,5.4,12,0
1426,P005,2023-09-20,Clear,34.6,8,0
1427,P005,2023-09-23,Storm,63.2,4,3
1428,P005,2023-09-26,Thunderstorm,66.8,2,2
1429,P005,2023-09-29,Thunderstorm,80.5,1,2
1430,P005,2023-10-02,Clear,19.1,13,0
1431,P005,2023-10-05,Clear,24.7,16,0
1432,P005,2023-10-08,Fog,15.0,1,1
1433,P005,2023-10-11,Cloudy,27.5,11,0
1434,P005,2023-10-14,Clear,20.4,9,0
1435,P005,2023-10-17,Clear,7.5,8,0
1436,P005,2023-10-20,Rain,13.5,8,1
1437,P005,2023-10-23,Clear,12.5,14,0
1438,P005,2023-10-26,Clear,34.2,13,0
1439,P005,2023-10-29,Rain,9.0,18,1
1440,P005,2023-11-01,Clear,9.4,6,0
1441,P005,2023-11-04,Rain,29.0,6,1
1442,P005,2023-11-07,Rain,34.4,5,1
1443,P005,2023-11-10,Clear,6.0,12,0
1444,P005,2023-11-13,Clear,14.7,20,0
1445,P005,2023-11-16,Cloudy,15.3,17,0
1446,P005,2023-11-19,Cloudy,11.4,13,0
1447,P005,2023-11-22,Cloudy,8.5,13,0
1448,P005,2023-11-25,Rain,20.4,15,1
1449,P005,2023-11-28,Clear,31.8,13,0
1450,P005,2023-12-01,Clear,31.2,19,0
1451,P005,2023-12-04,Rain,25.0,15,1
1452,P005,2023-12-07,Rain,12.9,16,1
1453,P005,2023-12-10,Cloudy,5.8,9,0
1454,P005,2023-12-13,Clear,34.3,8,0
1455,P005,2023-12-16,Clear,26.4,9,0
1456,P005,2023-12-19,Thunderstorm,55.4,4,2
1457,P005,2023-12-22,Cloudy,33.2,10,0
1458,P005,2023-12-25,Clear,33.2,11,0
1459,P005,2023-12-28,Clear,25.4,5,0
1460,P005,2023-12-31,Clear,27.3,9,0
1461,P005,2024-01-03,Cloudy,20.9,6,0
1462,P005,2024-01-06,Rain,15.9,12,1
1463,P005,2024-01-09,Rain,34.9,10,1
1464,P005,2024-01-12,Clear,8.0,10,0
1465,P005,2024-01-15,Cloudy,30.8,12,0
1466,P005,2024-01-18,Thunderstorm,77.6,2,2
1467,P005,2024-01-21,Cloudy,33.7,18,0
1468,P005,2024-01-24,Thunderstorm,53.9,4,2
1469,P005,2024-01-27,Clear,32.0,18,0
1470,P005,2024-01-30,Thunderstorm,63.4,2,2
1471,P005,2024-02-02,Rain,14.0,7,1
1472,P005,2024-02-05,Clear,21.7,14,0
1473,P005,2024-02-08,Clear,27.0,7,0
1474,P005,2024-02-11,Clear,17.3,9,0
1475,P005,2024-02-14,Cloudy,9.8,12,0
1476,P005,2024-02-17,Clear,9.8,18,0
1477,P005,2024-02-20,Clear,10.8,16,0
1478,P005,2024-02-23,Clear,33.9,13,0
1479,P005,2024-02-26,Clear,17.0,9,0
1480,P005,2024-02-29,Clear,9.3,13,0
1481,P005,2024-03-03,Rain,5.3,8,1
1482,P005,2024-03-06,Cloudy,20.7,20,0
1483,P005,2024-03-09,Clear,18.1,8,0
1484,P005,2024-03-12,Cloudy,23.3,9,0
1485,P005,2024-03-15,Clear,34.4,15,0
1486,P005,2024-03-18,Thunderstorm,87.5,1,2
1487,P005,2024-03-21,Clear,31.7,8,0
1488,P005,2024-03-24,Cloudy,17.8,10,0
1489,P005,2024-03-27,Thunderstorm,74.6,4,2
1490,P005,2024-03-30,Rain,11.7,8,1
1491,P005,2024-04-02,Clear,27.0,16,0
1492,P005,2024-04-05,Clear,30.5,20,0
1493,P005,2024-04-08,Thunderstorm,88.2,4,2
1494,P005,2024-04-11,Clear,8.2,13,0
1495,P005,2024-04-14,Thunderstorm,76.6,3,2
1496,P005,2024-04-17,Cloudy,14.9,13,0
1497,P005,2024-04-20,Storm,44.2,1,3
1498,P005,2024-04-23,Rain,19.6,20,1
1499,P005,2024-04-26,Clear,18.0,13,0
1500,P005,2024-04-29,Clear,28.4,20,0
1501,P005,2024-05-02,Cloudy,30.1,17,0
1502,P005,2024-05-05,Cloudy,31.1,17,0
1503,P005,2024-05-08,Clear,8.2,8,0
1504,P005,2024-05-11,Cloudy,8.5,12,0
1505,P005,2024-05-14,Clear,25.2,18,0
1506,P005,2024-05-17,Rain,26.5,6,1
1507,P005,2024-05-20,Clear,28.6,19,0
1508,P005,2024-05-23,Cloudy,20.7,17,0
1509,P005,2024-05-26,Rain,23.8,18,1
1510,P005,2024-05-29,Rain,5.8,10,1
1511,P005,2024-06-01,Clear,33.4,8,0
1512,P005,2024-06-04,Clear,17.4,5,0
1513,P005,2024-06-07,Rain,30.5,13,1
1514,P005,2024-06-10,Clear,25.5,16,0
1515,P005,2024-06-13,Storm,52.4,4,3
1516,P005,2024-06-16,Rain,14.7,13,1
1517,P005,2024-06-19,Rain,9.8,15,1
1518,P005,2024-06-22,Rain,27.6,10,1
1519,P005,2024-06-25,Thunderstorm,82.8,3,2
1520,P005,2024-06-28,Clear,21.1,12,0
1521,P006,2022-01-01,Clear,14.2,7,0
1522,P006,2022-01-04,Cloudy,14.4,20,0
1523,P006,2022-01-07,Cloudy,27.7,11,0
1524,P006,2022-01-10,Clear,26.2,16,0
1525,P006,2022-01-13,Clear,18.1,16,0
1526,P006,2022-01-16,Rain,33.8,15,1
1527,P006,2022-01-19,Clear,10.7,14,0
1528,P006,2022-01-22,Fog,15.5,3,1
1529,P006,2022-01-25,Clear,21.8,10,0
1530,P006,2022-01-28,Clear,25.9,11,0
1531,P006,2022-01-31,Clear,26.3,17,0
1532,P006,2022-02-03,Thunderstorm,47.3,3,2
1533,P006,2022-02-06,Cloudy,16.9,17,0
1534,P006,2022-02-09,Clear,33.7,14,0
1535,P006,2022-02-12,Cloudy,34.1,15,0
1536,P006,2022-02-15,Storm,62.1,1,3
1537,P006,2022-02-18,Clear,9.7,13,0
1538,P006,2022-02-21,Clear,11.7,12,0
1539,P006,2022-02-24,Clear,11.8,11,0
1540,P006,2022-02-27,Clear,13.9,5,0
1541,P006,2022-03-02,Thunderstorm,64.2,4,2
1542,P006,2022-03-05,Cloudy,21.5,11,0
1543,P006,2022-03-08,Cloudy,30.4,17,0
1544,P006,2022-03-11,Cloudy,31.7,17,0
1545,P006,2022-03-14,Rain,26.2,16,1
1546,P006,2022-03-17,Rain,12.9,16,1
1547,P006,2022-03-20,Clear,32.8,12,0
1548,P006,2022-03-23,Clear,15.7,9,0
1549,P006,2022-03-26,Clear,29.8,12,0
1550,P006,2022-03-29,Rain,22.4,8,1
1551,P006,2022-04-01,Storm,79.2,5,3
1552,P006,2022-04-04,Rain,21.1,8,1
1553,P006,2022-04-07,Rain,23.1,16,1
1554,P006,2022-04-10,Rain,24.3,12,1
1555,P006,2022-04-13,Cloudy,22.2,6,0
1556,P006,2022-04-16,Cloudy,18.1,18,0
1557,P006,2022-04-19,Clear,34.9,5,0
1558,P006,2022-04-22,Cloudy,21.8,6,0
1559,P006,2022-04-25,Thunderstorm,63.8,2,2
1560,P006,2022-04-28,Clear,15.6,13,0
1561,P006,2022-05-01,Cloudy,33.4,5,0
1562,P006,2022-05-04,Rain,19.7,9,1
1563,P006,2022-05-07,Storm,50.8,4,3
1564,P006,2022-05-10,Clear,25.9,14,0
1565,P006,2022-05-13,Clear,22.1,18,0
1566,P006,2022-05-16,Clear,21.2,15,0
1567,P006,2022-05-19,Thunderstorm,88.5,1,2
1568,P006,2022-05-22,Rain,15.8,8,1
1569,P006,2022-05-25,Rain,7.1,7,1
1570,P006,2022-05-28,Cloudy,26.9,11,0
1571,P006,2022-05-31,Clear,23.0,10,0
1572,P006,2022-06-03,Thunderstorm,41.5,4,2
1573,P006,2022-06-06,Rain,15.0,8,1
1574,P006,2022-06-09,Fog,13.6,3,1
1575,P006,2022-06-12,Clear,17.2,20,0
1576,P006,2022-06-15,Clear,15.3,8,0
1577,P006,2022-06-18,Clear,10.3,18,0
1578,P006,2022-06-21,Thunderstorm,65.0,2,2
1579,P006,2022-06-24,Clear,11.0,16,0
1580,P006,2022-06-27,Storm,71.7,3,3
1581,P006,2022-06-30,Cloudy,7.8,13,0
1582,P006,2022-07-03,Clear,23.2,6,0
1583,P006,2022-07-06,Rain,7.9,5,1
1584,P006,2022-07-09,Storm,66.5,1,3
1585,P006,2022-07-12,Clear,14.2,16,0
1586,P006,2022-07-15,Thunderstorm,87.8,2,2
1587,P006,2022-07-18,Cloudy,19.9,11,0
1588,P006,2022-07-21,Storm,44.8,2,3
1589,P006,2022-07-24,Cloudy,22.2,19,0
1590,P006,2022-07-27,Rain,31.4,10,1
1591,P006,2022-07-30,Cloudy,29.4,19,0
1592,P006,2022-08-02,Clear,6.2,8,0
1593,P006,2022-08-05,Rain,14.3,14,1
1594,P006,2022-08-08,Clear,25.5,10,0
1595,P006,2022-08-11,Fog,12.5,3,1
1596,P006,2022-08-14,Clear,23.4,15,0
1597,P006,2022-08-17,Fog,18.9,3,1
1598,P006,2022-08-20,Thunderstorm,79.2,1,2
1599,P006,2022-08-23,Rain,7.0,12,1
1600,P006,2022-08-26,Clear,12.2,20,0
1601,P006,2022-08-29,Clear,17.1,16,0
1602,P006,2022-09-01,Clear,34.5,20,0
1603,P006,2022-09-04,Rain,32.3,8,1
1604,P006,2022-09-07,Thunderstorm,44.5,3,2
1605,P006,2022-09-10,Fog,13.4,3,1
1606,P006,2022-09-13,Cloudy,16.8,11,0
1607,P006,2022-09-16,Clear,9.1,11,0
1608,P006,2022-09-19,Clear,23.8,17,0
1609,P006,2022-09-22,Cloudy,7.5,5,0
1610,P006,2022-09-25,Cloudy,14.6,20,0
1611,P006,2022-09-28,Cloudy,14.2,14,0
1612,P006,2022-10-01,Rain,26.0,6,1
1613,P006,2022-10-04,Clear,7.7,10,0
1614,P006,2022-10-07,Cloudy,27.2,5,0
1615,P006,2022-10-10,Clear,14.1,11,0
1616,P006,2022-10-13,Clear,21.1,18,0
1617,P006,2022-10-16,Rain,20.7,10,1
1618,P006,2022-10-19,Cloudy,25.4,6,0
1619,P006,2022-10-22,Fog,6.5,1,1
1620,P006,2022-10-25,Thunderstorm,75.6,1,2
1621,P006,2022-10-28,Rain,19.9,5,1
1622,P006,2022-10-31,Clear,16.4,8,0
1623,P006,2022-11-03,Fog,5.1,1,1
1624,P006,2022-11-06,Rain,32.5,15,1
1625,P006,2022-11-09,Storm,89.4,2,3
1626,P006,2022-11-12,Clear,30.1,6,0
1627,P006,2022-11-15,Clear,23.0,13,0
1628,P006,2022-11-18,Thunderstorm,61.1,5,2
1629,P006,2022-11-21,Rain,32.1,14,1
1630,P006,2022-11-24,Clear,31.4,13,0
1631,P006,2022-11-27,Cloudy,5.3,18,0
1632,P006,2022-11-30,Clear,30.3,11,0
1633,P006,2022-12-03,Rain,19.6,5,1
1634,P006,2022-12-06,Cloudy,16.9,19,0
1635,P006,2022-12-09,Clear,25.7,7,0
1636,P006,2022-12-12,Cloudy,8.5,20,0
1637,P006,2022-12-15,Clear,21.1,10,0
1638,P006,2022-12-18,Fog,8.8,3,1
1639,P006,2022-12-21,Rain,25.9,14,1
1640,P006,2022-12-24,Cloudy,13.5,13,0
1641,P006,2022-12-27,Clear,8.6,11,0
1642,P006,2022-12-30,Fog,13.3,2,1
1643,P006,2023-01-02,Clear,20.5,6,0
1644,P006,2023-01-05,Cloudy,8.3,12,0
1645,P006,2023-01-08,Clear,16.6,7,0
1646,P006,2023-01-11,Rain,29.2,12,1
1647,P006,2023-01-14,Cloudy,16.1,9,0
1648,P006,2023-01-17,Cloudy,28.1,11,0
1649,P006,2023-01-20,Rain,26.7,6,1
1650,P006,2023-01-23,Cloudy,33.5,15,0
1651,P006,2023-01-26,Thunderstorm,52.5,2,2
1652,P006,2023-01-29,Clear,11.0,6,0
1653,P006,2023-02-01,Clear,9.6,14,0
1654,P006,2023-02-04,Cloudy,11.8,11,0
1655,P006,2023-02-07,Clear,26.6,5,0
1656,P006,2023-02-10,Thunderstorm,43.5,2,2
1657,P006,2023-02-13,Cloudy,13.6,10,0
1658,P006,2023-02-16,Clear,33.9,6,0
1659,P006,2023-02-19,Clear,7.0,5,0
1660,P006,2023-02-22,Cloudy,10.1,15,0
1661,P006,2023-02-25,Clear,9.3,8,0
1662,P006,2023-02-28,Rain,5.2,5,1
1663,P006,2023-03-03,Cloudy,29.4,8,0
1664,P006,2023-03-06,Thunderstorm,78.1,1,2
1665,P006,2023-03-09,Cloudy,7.2,20,0
1666,P006,2023-03-12,Fog,14.7,2,1
1667,P006,2023-03-15,Rain,16.6,12,1
1668,P006,2023-03-18,Rain,23.4,16,1
1669,P006,2023-03-21,Storm,71.8,4,3
1670,P006,2023-03-24,Fog,7.3,3,1
1671,P006,2023-03-27,Thunderstorm,51.2,3,2
1672,P006,2023-03-30,Cloudy,10.2,17,0
1673,P006,2023-04-02,Storm,84.1,3,3
1674,P006,2023-04-05,Rain,18.0,14,1
1675,P006,2023-04-08,Clear,18.8,12,0
1676,P006,2023-04-11,Storm,46.3,3,3
1677,P006,2023-04-14,Clear,17.2,18,0
1678,P006,2023-04-17,Cloudy,18.6,17,0
1679,P006,2023-04-20,Cloudy,15.1,17,0
1680,P006,2023-04-23,Clear,20.9,12,0
1681,P006,2023-04-26,Clear,10.7,11,0
1682,P006,2023-04-29,Fog,15.9,3,1
1683,P006,2023-05-02,Clear,18.9,18,0
1684,P006,2023-05-05,Clear,14.2,17,0
1685,P006,2023-05-08,Clear,8.3,19,0
1686,P006,2023-05-11,Clear,30.0,18,0
1687,P006,2023-05-14,Clear,11.5,10,0
1688,P006,2023-05-17,Rain,33.1,18,1
1689,P006,2023-05-20,Clear,18.3,11,0
1690,P006,2023-05-23,Clear,25.0,13,0
1691,P006,2023-05-26,Storm,74.0,2,3
1692,P006,2023-05-29,Cloudy,22.3,11,0
1693,P006,2023-06-01,Clear,14.5,12,0
1694,P006,2023-06-04,Thunderstorm,46.5,4,2
1695,P006,2023-06-07,Clear,33.0,6,0
1696,P006,2023-06-10,Rain,28.6,7,1
1697,P006,2023-06-13,Clear,32.6,6,0
1698,P006,2023-06-16,Clear,7.7,16,0
1699,P006,2023-06-19,Clear,9.5,11,0
1700,P006,2023-06-22,Clear,7.0,15,0
1701,P006,2023-06-25,Cloudy,29.8,20,0
1702,P006,2023-06-28,Clear,10.3,14,0
1703,P006,2023-07-01,Clear,21.9,9,0
1704,P006,2023-07-04,Clear,8.6,18,0
1705,P006,2023-07-07,Clear,21.6,20,0
1706,P006,2023-07-10,Rain,13.4,12,1
1707,P006,2023-07-13,Storm,73.2,2,3
1708,P006,2023-07-16,Fog,6.5,1,1
1709,P006,2023-07-19,Clear,16.4,17,0
1710,P006,2023-07-22,Cloudy,28.0,16,0
1711,P006,2023-07-25,Fog,13.8,1,1
1712,P006,2023-07-28,Cloudy,5.6,20,0
1713,P006,2023-07-31,Fog,13.5,2,1
1714,P006,2023-08-03,Storm,84.3,1,3
1715,P006,2023-08-06,Clear,23.7,17,0
1716,P006,2023-08-09,Fog,6.7,3,1
1717,P006,2023-08-12,Clear,24.0,14,0
1718,P006,2023-08-15,Rain,33.5,7,1
1719,P006,2023-08-18,Clear,34.5,20,0
1720,P006,2023-08-21,Clear,31.7,18,0
1721,P006,2023-08-24,Storm,58.3,3,3
1722,P006,2023-08-27,Clear,13.4,5,0
1723,P006,2023-08-30,Cloudy,32.2,6,0
1724,P006,2023-09-02,Cloudy,26.0,13,0
1725,P006,2023-09-05,Cloudy,18.0,6,0
1726,P006,2023-09-08,Clear,34.9,19,0
1727,P006,2023-09-11,Rain,15.0,6,1
1728,P006,2023-09-14,Clear,34.3,5,0
1729,P006,2023-09-17,Rain,5.6,17,1
1730,P006,2023-09-20,Clear,19.1,17,0
1731,P006,2023-09-23,Clear,25.2,17,0
1732,P006,2023-09-26,Clear,29.1,18,0
1733,P006,2023-09-29,Cloudy,15.3,16,0
1734,P006,2023-10-02,Rain,21.6,20,1
1735,P006,2023-10-05,Clear,7.5,19,0
1736,P006,2023-10-08,Fog,6.3,3,1
1737,P006,2023-10-11,Fog,17.9,1,1
1738,P006,2023-10-14,Clear,8.9,8,0
1739,P006,2023-10-17,Clear,10.3,7,0
1740,P006,2023-10-20,Clear,29.0,7,0
1741,P006,2023-10-23,Thunderstorm,40.5,1,2
1742,P006,2023-10-26,Rain,15.2,7,1
1743,P006,2023-10-29,Clear,23.8,19,0
1744,P006,2023-11-01,Cloudy,14.9,8,0
1745,P006,2023-11-04,Cloudy,6.7,9,0
1746,P006,2023-11-07,Clear,27.4,7,0
1747,P006,2023-11-10,Clear,26.5,7,0
1748,P006,2023-11-13,Clear,28.7,12,0
1749,P006,2023-11-16,Clear,26.5,17,0
1750,P006,2023-11-19,Clear,20.9,20,0
1751,P006,2023-11-22,Rain,26.2,20,1
1752,P006,2023-11-25,Cloudy,10.6,14,0
1753,P006,2023-11-28,Rain,22.8,6,1
1754,P006,2023-12-01,Cloudy,20.2,7,0
1755,P006,2023-12-04,Clear,10.9,9,0
1756,P006,2023-12-07,Thunderstorm,68.8,2,2
1757,P006,2023-12-10,Rain,26.1,7,1
1758,P006,2023-12-13,Clear,30.5,12,0
1759,P006,2023-12-16,Clear,24.1,14,0
1760,P006,2023-12-19,Cloudy,20.2,14,0
1761,P006,2023-12-22,Clear,12.5,16,0
1762,P006,2023-12-25,Rain,20.9,13,1
1763,P006,2023-12-28,Clear,9.8,6,0
1764,P006,2023-12-31,Clear,15.3,6,0
1765,P006,2024-01-03,Cloudy,29.5,7,0
1766,P006,2024-01-06,Rain,32.0,19,1
1767,P006,2024-01-09,Clear,27.3,7,0
1768,P006,2024-01-12,Clear,28.1,16,0
1769,P006,2024-01-15,Rain,23.2,7,1
1770,P006,2024-01-18,Cloudy,26.8,15,0
1771,P006,2024-01-21,Cloudy,27.3,20,0
1772,P006,2024-01-24,Clear,14.0,20,0
1773,P006,2024-01-27,Clear,35.0,11,0
1774,P006,2024-01-30,Clear,10.1,16,0
1775,P006,2024-02-02,Cloudy,31.4,15,0
1776,P006,2024-02-05,Fog,17.7,2,1
1777,P006,2024-02-08,Cloudy,32.0,19,0
1778,P006,2024-02-11,Clear,27.1,17,0
1779,P006,2024-02-14,Cloudy,5.7,9,0
1780,P006,2024-02-17,Rain,16.4,9,1
1781,P006,2024-02-20,Clear,5.4,10,0
1782,P006,2024-02-23,Clear,33.4,11,0
1783,P006,2024-02-26,Clear,16.7,9,0
1784,P006,2024-02-29,Clear,10.9,20,0
1785,P006,2024-03-03,Clear,14.1,13,0
1786,P006,2024-03-06,Clear,19.6,20,0
1787,P006,2024-03-09,Cloudy,33.4,10,0
1788,P006,2024-03-12,Cloudy,25.0,16,0
1789,P006,2024-03-15,Storm,43.3,3,3
1790,P006,2024-03-18,Rain,23.2,9,1
1791,P006,2024-03-21,Clear,33.3,11,0
1792,P006,2024-03-24,Cloudy,5.4,14,0
1793,P006,2024-03-27,Cloudy,15.2,14,0
1794,P006,2024-03-30,Rain,17.9,8,1
1795,P006,2024-04-02,Cloudy,20.9,15,0
1796,P006,2024-04-05,Rain,29.2,9,1
1797,P006,2024-04-08,Clear,34.1,7,0
1798,P006,2024-04-11,Clear,16.1,12,0
1799,P006,2024-04-14,Clear,14.8,12,0
1800,P006,2024-04-17,Fog,18.5,3,1
1801,P006,2024-04-20,Fog,19.6,2,1
1802,P006,2024-04-23,Cloudy,22.3,15,0
1803,P006,2024-04-26,Rain,32.1,15,1
1804,P006,2024-04-29,Rain,22.2,12,1
1805,P006,2024-05-02,Rain,23.3,12,1
1806,P006,2024-05-05,Cloudy,19.1,5,0
1807,P006,2024-05-08,Clear,31.4,17,0
1808,P006,2024-05-11,Rain,23.7,7,1
1809,P006,2024-05-14,Cloudy,18.9,13,0
1810,P006,2024-05-17,Clear,16.7,11,0
1811,P006,2024-05-20,Rain,13.3,9,1
1812,P006,2024-05-23,Clear,28.3,20,0
1813,P006,2024-05-26,Clear,24.0,15,0
1814,P006,2024-05-29,Clear,23.6,9,0
1815,P006,2024-06-01,Rain,33.7,20,1
1816,P006,2024-06-04,Storm,70.2,5,3
1817,P006,2024-06-07,Clear,29.3,11,0
1818,P006,2024-06-10,Fog,14.0,1,1
1819,P006,2024-06-13,Clear,6.8,11,0
1820,P006,2024-06-16,Cloudy,20.1,12,0
1821,P006,2024-06-19,Rain,17.7,5,1
1822,P006,2024-06-22,Clear,11.1,14,0
1823,P006,2024-06-25,Clear,24.5,18,0
1824,P006,2024-06-28,Clear,18.9,9,0
1825,P007,2022-01-01,Cloudy,16.5,10,0
1826,P007,2022-01-04,Cloudy,27.8,8,0
1827,P007,2022-01-07,Fog,11.8,1,1
1828,P007,2022-01-10,Rain,18.6,10,1
1829,P007,2022-01-13,Cloudy,14.7,5,0
1830,P007,2022-01-16,Clear,31.0,20,0
1831,P007,2022-01-19,Clear,14.5,17,0
1832,P007,2022-01-22,Cloudy,23.9,15,0
1833,P007,2022-01-25,Clear,14.8,6,0
1834,P007,2022-01-28,Cloudy,14.7,6,0
1835,P007,2022-01-31,Thunderstorm,42.8,2,2
1836,P007,2022-02-03,Cloudy,32.8,9,0
1837,P007,2022-02-06,Clear,20.7,12,0
1838,P007,2022-02-09,Clear,15.8,16,0
1839,P007,2022-02-12,Clear,17.4,7,0
1840,P007,2022-02-15,Cloudy,21.4,18,0
1841,P007,2022-02-18,Cloudy,16.9,9,0
1842,P007,2022-02-21,Cloudy,7.7,11,0
1843,P007,2022-02-24,Cloudy,8.5,13,0
1844,P007,2022-02-27,Clear,6.7,5,0
1845,P007,2022-03-02,Clear,30.3,12,0
1846,P007,2022-03-05,Cloudy,6.3,12,0
1847,P007,2022-03-08,Fog,19.3,1,1
1848,P007,2022-03-11,Cloudy,14.7,17,0
1849,P007,2022-03-14,Clear,28.0,20,0
1850,P007,2022-03-17,Clear,26.4,18,0
1851,P007,2022-03-20,Cloudy,6.2,6,0
1852,P007,2022-03-23,Clear,22.5,5,0
1853,P007,2022-03-26,Clear,7.4,16,0
1854,P007,2022-03-29,Cloudy,29.9,17,0
1855,P007,2022-04-01,Clear,21.1,14,0
1856,P007,2022-04-04,Clear,16.2,17,0
1857,P007,2022-04-07,Clear,11.0,13,0
1858,P007,2022-04-10,Clear,14.8,13,0
1859,P007,2022-04-13,Clear,24.5,19,0
1860,P007,2022-04-16,Clear,23.1,17,0
1861,P007,2022-04-19,Clear,8.4,17,0
1862,P007,2022-04-22,Rain,27.3,11,1
1863,P007,2022-04-25,Clear,22.1,14,0
1864,P007,2022-04-28,Thunderstorm,73.7,5,2
1865,P007,2022-05-01,Rain,15.8,6,1
1866,P007,2022-05-04,Cloudy,11.9,13,0
1867,P007,2022-05-07,Clear,5.7,5,0
1868,P007,2022-05-10,Clear,10.4,15,0
1869,P007,2022-05-13,Clear,33.4,17,0
1870,P007,2022-05-16,Rain,18.7,17,1
1871,P007,2022-05-19,Cloudy,10.0,20,0
1872,P007,2022-05-22,Cloudy,22.9,12,0
1873,P007,2022-05-25,Clear,8.2,5,0
1874,P007,2022-05-28,Thunderstorm,71.0,1,2
1875,P007,2022-05-31,Fog,19.0,2,1
1876,P007,2022-06-03,Cloudy,26.9,10,0
1877,P007,2022-06-06,Clear,16.0,11,0
1878,P007,2022-06-09,Storm,77.1,3,3
1879,P007,2022-06-12,Clear,17.5,5,0
1880,P007,2022-06-15,Clear,6.0,8,0
1881,P007,2022-06-18,Clear,12.9,11,0
1882,P007,2022-06-21,Clear,24.1,5,0
1883,P007,2022-06-24,Thunderstorm,86.6,2,2
1884,P007,2022-06-27,Clear,7.6,12,0
1885,P007,2022-06-30,Cloudy,31.6,13,0
1886,P007,2022-07-03,Clear,26.1,20,0
1887,P007,2022-07-06,Clear,25.8,11,0
1888,P007,2022-07-09,Clear,25.3,5,0
1889,P007,2022-07-12,Clear,18.0,19,0
1890,P007,2022-07-15,Cloudy,34.2,6,0
1891,P007,2022-07-18,Rain,33.8,13,1
1892,P007,2022-07-21,Rain,26.6,11,1
1893,P007,2022-07-24,Rain,5.7,13,1
1894,P007,2022-07-27,Storm,49.4,4,3
1895,P007,2022-07-30,Rain,34.9,6,1
1896,P007,2022-08-02,Thunderstorm,81.8,4,2
1897,P007,2022-08-05,Cloudy,26.1,12,0
1898,P007,2022-08-08,Rain,27.3,14,1
1899,P007,2022-08-11,Clear,22.9,19,0
1900,P007,2022-08-14,Rain,21.3,16,1
1901,P007,2022-08-17,Rain,16.1,9,1
1902,P007,2022-08-20,Clear,24.2,18,0
1903,P007,2022-08-23,Clear,17.1,19,0
1904,P007,2022-08-26,Storm,78.4,2,3
1905,P007,2022-08-29,Rain,27.5,20,1
1906,P007,2022-09-01,Rain,17.2,18,1
1907,P007,2022-09-04,Clear,12.6,9,0
1908,P007,2022-09-07,Clear,15.8,19,0
1909,P007,2022-09-10,Cloudy,21.2,10,0
1910,P007,2022-09-13,Thunderstorm,57.2,2,2
1911,P007,2022-09-16,Cloudy,21.2,10,0
1912,P007,2022-09-19,Thunderstorm,68.7,2,2
1913,P007,2022-09-22,Rain,16.9,18,1
1914,P007,2022-09-25,Thunderstorm,89.5,5,2
1915,P007,2022-09-28,Clear,8.1,5,0
1916,P007,2022-10-01,Clear,21.5,10,0
1917,P007,2022-10-04,Rain,25.5,15,1
1918,P007,2022-10-07,Cloudy,14.8,16,0
1919,P007,2022-10-10,Cloudy,16.8,17,0
1920,P007,2022-10-13,Clear,15.5,18,0
1921,P007,2022-10-16,Rain,34.6,12,1
1922,P007,2022-10-19,Cloudy,18.6,11,0
1923,P007,2022-10-22,Rain,31.8,8,1
1924,P007,2022-10-25,Cloudy,32.5,14,0
1925,P007,2022-10-28,Clear,17.2,11,0
1926,P007,2022-10-31,Cloudy,7.9,11,0
1927,P007,2022-11-03,Clear,5.9,8,0
1928,P007,2022-11-06,Clear,29.8,7,0
1929,P007,2022-11-09,Clear,18.6,8,0
1930,P007,2022-11-12,Cloudy,15.7,17,0
1931,P007,2022-11-15,Clear,22.9,15,0
1932,P007,2022-11-18,Clear,11.3,18,0
1933,P007,2022-11-21,Cloudy,32.6,6,0
1934,P007,2022-11-24,Rain,34.3,20,1
1935,P007,2022-11-27,Clear,5.9,20,0
1936,P007,2022-11-30,Thunderstorm,59.2,5,2
1937,P007,2022-12-03,Rain,17.7,16,1
1938,P007,2022-12-06,Fog,15.3,1,1
1939,P007,2022-12-09,Clear,33.9,7,0
1940,P007,2022-12-12,Cloudy,21.3,7,0
1941,P007,2022-12-15,Clear,29.9,8,0
1942,P007,2022-12-18,Cloudy,27.5,12,0
1943,P007,2022-12-21,Cloudy,19.1,15,0
1944,P007,2022-12-24,Clear,28.3,19,0
1945,P007,2022-12-27,Clear,17.3,5,0
1946,P007,2022-12-30,Rain,22.8,5,1
1947,P007,2023-01-02,Fog,11.7,3,1
1948,P007,2023-01-05,Clear,13.2,17,0
1949,P007,2023-01-08,Rain,21.1,6,1
1950,P007,2023-01-11,Clear,8.5,20,0
1951,P007,2023-01-14,Clear,18.6,10,0
1952,P007,2023-01-17,Clear,23.0,18,0
1953,P007,2023-01-20,Clear,9.6,7,0
1954,P007,2023-01-23,Clear,19.6,5,0
1955,P007,2023-01-26,Clear,27.3,10,0
1956,P007,2023-01-29,Rain,6.3,10,1
1957,P007,2023-02-01,Clear,31.0,20,0
1958,P007,2023-02-04,Clear,18.3,8,0
1959,P007,2023-02-07,Clear,9.2,5,0
1960,P007,2023-02-10,Cloudy,16.0,18,0
1961,P007,2023-02-13,Clear,20.8,16,0
1962,P007,2023-02-16,Cloudy,8.2,20,0
1963,P007,2023-02-19,Clear,18.1,18,0
1964,P007,2023-02-22,Clear,7.6,16,0
1965,P007,2023-02-25,Cloudy,20.2,12,0
1966,P007,2023-02-28,Fog,18.1,1,1
1967,P007,2023-03-03,Clear,7.6,10,0
1968,P007,2023-03-06,Rain,18.4,16,1
1969,P007,2023-03-09,Cloudy,19.3,10,0
1970,P007,2023-03-12,Cloudy,8.5,6,0
1971,P007,2023-03-15,Clear,9.4,9,0
1972,P007,2023-03-18,Rain,16.7,16,1
1973,P007,2023-03-21,Clear,28.6,8,0
1974,P007,2023-03-24,Cloudy,13.0,5,0
1975,P007,2023-03-27,Clear,29.3,15,0
1976,P007,2023-03-30,Fog,17.9,1,1
1977,P007,2023-04-02,Clear,19.2,20,0
1978,P007,2023-04-05,Clear,10.2,7,0
1979,P007,2023-04-08,Clear,8.8,9,0
1980,P007,2023-04-11,Thunderstorm,43.4,5,2
1981,P007,2023-04-14,Storm,43.6,2,3
1982,P007,2023-04-17,Clear,27.6,16,0
1983,P007,2023-04-20,Fog,17.4,2,1
1984,P007,2023-04-23,Clear,18.0,15,0
1985,P007,2023-04-26,Rain,5.8,16,1
1986,P007,2023-04-29,Clear,23.2,12,0
1987,P007,2023-05-02,Rain,8.8,18,1
1988,P007,2023-05-05,Cloudy,27.7,10,0
1989,P007,2023-05-08,Clear,20.6,20,0
1990,P007,2023-05-11,Rain,18.0,5,1
1991,P007,2023-05-14,Cloudy,21.9,9,0
1992,P007,2023-05-17,Rain,6.2,13,1
1993,P007,2023-05-20,Clear,18.9,15,0
1994,P007,2023-05-23,Clear,21.1,15,0
1995,P007,2023-05-26,Fog,17.8,2,1
1996,P007,2023-05-29,Cloudy,16.6,9,0
1997,P007,2023-06-01,Cloudy,7.7,20,0
1998,P007,2023-06-04,Storm,66.6,5,3
1999,P007,2023-06-07,Cloudy,12.5,13,0
2000,P007,2023-06-10,Fog,18.1,3,1
2001,P007,2023-06-13,Cloudy,14.4,15,0
2002,P007,2023-06-16,Fog,13.5,2,1
2003,P007,2023-06-19,Storm,49.6,3,3
2004,P007,2023-06-22,Cloudy,17.3,13,0
2005,P007,2023-06-25,Cloudy,25.1,11,0
2006,P007,2023-06-28,Rain,31.7,9,1
2007,P007,2023-07-01,Rain,25.6,11,1
2008,P007,2023-07-04,Rain,15.8,15,1
2009,P007,2023-07-07,Clear,18.9,10,0
2010,P007,2023-07-10,Clear,26.7,14,0
2011,P007,2023-07-13,Cloudy,11.2,15,0
2012,P007,2023-07-16,Clear,24.4,20,0
2013,P007,2023-07-19,Clear,16.7,13,0
2014,P007,2023-07-22,Fog,11.9,2,1
2015,P007,2023-07-25,Clear,23.2,13,0
2016,P007,2023-07-28,Clear,16.3,17,0
2017,P007,2023-07-31,Clear,10.7,13,0
2018,P007,2023-08-03,Fog,11.8,3,1
2019,P007,2023-08-06,Cloudy,13.3,18,0
2020,P007,2023-08-09,Clear,6.5,18,0
2021,P007,2023-08-12,Cloudy,19.7,8,0
2022,P007,2023-08-15,Cloudy,16.6,8,0
2023,P007,2023-08-18,Clear,8.7,6,0
2024,P007,2023-08-21,Clear,7.1,8,0
2025,P007,2023-08-24,Cloudy,13.1,8,0
2026,P007,2023-08-27,Fog,15.3,1,1
2027,P007,2023-08-30,Clear,24.8,6,0
2028,P007,2023-09-02,Clear,15.1,13,0
2029,P007,2023-09-05,Clear,12.2,12,0
2030,P007,2023-09-08,Cloudy,22.1,13,0
2031,P007,2023-09-11,Fog,10.3,1,1
2032,P007,2023-09-14,Clear,21.6,15,0
2033,P007,2023-09-17,Rain,10.2,17,1
2034,P007,2023-09-20,Clear,23.5,10,0
2035,P007,2023-09-23,Clear,27.2,13,0
2036,P007,2023-09-26,Rain,8.7,12,1
2037,P007,2023-09-29,Thunderstorm,51.0,4,2
2038,P007,2023-10-02,Cloudy,31.8,12,0
2039,P007,2023-10-05,Clear,5.1,14,0
2040,P007,2023-10-08,Cloudy,30.8,17,0
2041,P007,2023-10-11,Cloudy,12.0,7,0
2042,P007,2023-10-14,Cloudy,18.3,9,0
2043,P007,2023-10-17,Rain,16.5,17,1
2044,P007,2023-10-20,Clear,28.0,11,0
2045,P007,2023-10-23,Thunderstorm,64.6,5,2
2046,P007,2023-10-26,Clear,5.6,17,0
2047,P007,2023-10-29,Thunderstorm,70.3,3,2
2048,P007,2023-11-01,Clear,7.3,17,0
2049,P007,2023-11-04,Clear,17.1,11,0
2050,P007,2023-11-07,Clear,17.2,12,0
2051,P007,2023-11-10,Rain,32.0,17,1
2052,P007,2023-11-13,Cloudy,19.1,5,0
2053,P007,2023-11-16,Rain,21.9,7,1
2054,P007,2023-11-19,Cloudy,29.0,17,0
2055,P007,2023-11-22,Cloudy,15.8,5,0
2056,P007,2023-11-25,Cloudy,26.7,18,0
2057,P007,2023-11-28,Clear,12.6,12,0
2058,P007,2023-12-01,Clear,32.3,13,0
2059,P007,2023-12-04,Cloudy,10.1,11,0
2060,P007,2023-12-07,Thunderstorm,89.0,3,2
2061,P007,2023-12-10,Clear,11.9,10,0
2062,P007,2023-12-13,Clear,25.9,6,0
2063,P007,2023-12-16,Clear,20.8,13,0
2064,P007,2023-12-19,Cloudy,13.8,18,0
2065,P007,2023-12-22,Clear,32.5,12,0
2066,P007,2023-12-25,Cloudy,10.0,7,0
2067,P007,2023-12-28,Clear,7.8,6,0
2068,P007,2023-12-31,Cloudy,28.5,10,0
2069,P007,2024-01-03,Clear,19.1,18,0
2070,P007,2024-01-06,Thunderstorm,51.8,2,2
2071,P007,2024-01-09,Cloudy,7.3,8,0
2072,P007,2024-01-12,Clear,28.5,8,0
2073,P007,2024-01-15,Rain,21.6,16,1
2074,P007,2024-01-18,Rain,9.6,10,1
2075,P007,2024-01-21,Clear,5.3,10,0
2076,P007,2024-01-24,Rain,20.4,5,1
2077,P007,2024-01-27,Cloudy,31.8,17,0
2078,P007,2024-01-30,Clear,6.5,9,0
2079,P007,2024-02-02,Thunderstorm,52.1,5,2
2080,P007,2024-02-05,Thunderstorm,68.7,3,2
2081,P007,2024-02-08,Cloudy,18.6,8,0
2082,P007,2024-02-11,Rain,9.9,6,1
2083,P007,2024-02-14,Clear,16.3,5,0
2084,P007,2024-02-17,Clear,20.9,20,0
2085,P007,2024-02-20,Rain,16.9,17,1
2086,P007,2024-02-23,Thunderstorm,63.3,5,2
2087,P007,2024-02-26,Clear,23.2,17,0
2088,P007,2024-02-29,Rain,20.7,18,1
2089,P007,2024-03-03,Clear,30.7,9,0
2090,P007,2024-03-06,Rain,11.2,16,1
2091,P007,2024-03-09,Thunderstorm,45.8,4,2
2092,P007,2024-03-12,Clear,14.0,5,0
2093,P007,2024-03-15,Clear,11.0,5,0
2094,P007,2024-03-18,Clear,28.3,9,0
2095,P007,2024-03-21,Cloudy,22.7,9,0
2096,P007,2024-03-24,Cloudy,14.1,12,0
2097,P007,2024-03-27,Clear,32.0,19,0
2098,P007,2024-03-30,Clear,17.0,19,0
2099,P007,2024-04-02,Clear,11.1,9,0
2100,P007,2024-04-05,Cloudy,6.5,9,0
2101,P007,2024-04-08,Thunderstorm,86.1,3,2
2102,P007,2024-04-11,Clear,15.5,17,0
2103,P007,2024-04-14,Thunderstorm,83.6,1,2
2104,P007,2024-04-17,Cloudy,15.6,20,0
2105,P007,2024-04-20,Clear,34.4,20,0
2106,P007,2024-04-23,Clear,14.9,14,0
2107,P007,2024-04-26,Fog,7.5,1,1
2108,P007,2024-04-29,Clear,26.3,13,0
2109,P007,2024-05-02,Clear,20.3,16,0
2110,P007,2024-05-05,Clear,17.1,19,0
2111,P007,2024-05-08,Clear,14.8,16,0
2112,P007,2024-05-11,Clear,20.5,8,0
2113,P007,2024-05-14,Thunderstorm,77.9,4,2
2114,P007,2024-05-17,Rain,6.1,7,1
2115,P007,2024-05-20,Storm,47.7,4,3
2116,P007,2024-05-23,Clear,26.4,13,0
2117,P007,2024-05-26,Clear,27.9,11,0
2118,P007,2024-05-29,Clear,16.5,17,0
2119,P007,2024-06-01,Clear,6.3,5,0
2120,P007,2024-06-04,Fog,7.9,3,1
2121,P007,2024-06-07,Clear,29.0,9,0
2122,P007,2024-06-10,Cloudy,22.0,11,0
2123,P007,2024-06-13,Clear,7.0,6,0
2124,P007,2024-06-16,Clear,19.5,7,0
2125,P007,2024-06-19,Clear,32.5,10,0
2126,P007,2024-06-22,Fog,12.4,1,1
2127,P007,2024-06-25,Rain,29.4,15,1
2128,P007,2024-06-28,Cloudy,34.4,20,0
2129,P008,2022-01-01,Fog,8.9,3,1
2130,P008,2022-01-04,Cloudy,32.0,15,0
2131,P008,2022-01-07,Cloudy,14.8,9,0
2132,P008,2022-01-10,Rain,30.1,13,1
2133,P008,2022-01-13,Rain,28.3,12,1
2134,P008,2022-01-16,Clear,5.7,20,0
2135,P008,2022-01-19,Clear,33.2,14,0
2136,P008,2022-01-22,Cloudy,26.7,17,0
2137,P008,2022-01-25,Clear,22.8,13,0
2138,P008,2022-01-28,Clear,9.4,12,0
2139,P008,2022-01-31,Thunderstorm,50.9,2,2
2140,P008,2022-02-03,Cloudy,9.6,8,0
2141,P008,2022-02-06,Rain,20.2,18,1
2142,P008,2022-02-09,Rain,17.6,15,1
2143,P008,2022-02-12,Clear,12.3,20,0
2144,P008,2022-02-15,Fog,14.9,2,1
2145,P008,2022-02-18,Fog,5.9,2,1
2146,P008,2022-02-21,Rain,9.6,20,1
2147,P008,2022-02-24,Storm,56.7,3,3
2148,P008,2022-02-27,Clear,12.1,20,0
2149,P008,2022-03-02,Fog,10.9,1,1
2150,P008,2022-03-05,Cloudy,30.5,14,0
2151,P008,2022-03-08,Clear,29.1,15,0
2152,P008,2022-03-11,Clear,14.8,17,0
2153,P008,2022-03-14,Thunderstorm,45.0,1,2
2154,P008,2022-03-17,Rain,5.3,18,1
2155,P008,2022-03-20,Cloudy,7.8,9,0
2156,P008,2022-03-23,Storm,40.1,2,3
2157,P008,2022-03-26,Clear,13.7,16,0
2158,P008,2022-03-29,Rain,32.5,16,1
2159,P008,2022-04-01,Rain,7.6,10,1
2160,P008,2022-04-04,Thunderstorm,56.5,1,2
2161,P008,2022-04-07,Storm,44.1,1,3
2162,P008,2022-04-10,Cloudy,29.6,11,0
2163,P008,2022-04-13,Rain,31.9,20,1
2164,P008,2022-04-16,Clear,22.8,7,0
2165,P008,2022-04-19,Thunderstorm,54.2,1,2
2166,P008,2022-04-22,Cloudy,30.6,10,0
2167,P008,2022-04-25,Cloudy,26.0,8,0
2168,P008,2022-04-28,Cloudy,11.7,14,0
2169,P008,2022-05-01,Clear,30.6,10,0
2170,P008,2022-05-04,Rain,29.3,16,1
2171,P008,2022-05-07,Fog,9.6,3,1
2172,P008,2022-05-10,Rain,17.0,12,1
2173,P008,2022-05-13,Rain,30.4,15,1
2174,P008,2022-05-16,Clear,18.8,9,0
2175,P008,2022-05-19,Clear,6.8,8,0
2176,P008,2022-05-22,Clear,34.9,9,0
2177,P008,2022-05-25,Clear,7.2,15,0
2178,P008,2022-05-28,Rain,22.4,20,1
2179,P008,2022-05-31,Cloudy,8.7,14,0
2180,P008,2022-06-03,Fog,8.1,2,1
2181,P008,2022-06-06,Rain,15.9,17,1
2182,P008,2022-06-09,Clear,7.0,6,0
2183,P008,2022-06-12,Thunderstorm,80.2,4,2
2184,P008,2022-06-15,Clear,19.9,17,0
2185,P008,2022-06-18,Rain,30.9,19,1
2186,P008,2022-06-21,Clear,14.8,18,0
2187,P008,2022-06-24,Rain,33.7,10,1
2188,P008,2022-06-27,Clear,28.5,13,0
2189,P008,2022-06-30,Cloudy,19.6,15,0
2190,P008,2022-07-03,Clear,31.5,12,0
2191,P008,2022-07-06,Cloudy,19.9,13,0
2192,P008,2022-07-09,Fog,15.8,2,1
2193,P008,2022-07-12,Clear,5.3,16,0
2194,P008,2022-07-15,Rain,29.0,16,1
2195,P008,2022-07-18,Clear,8.1,11,0
2196,P008,2022-07-21,Clear,15.0,13,0
2197,P008,2022-07-24,Cloudy,31.7,11,0
2198,P008,2022-07-27,Cloudy,33.5,6,0
2199,P008,2022-07-30,Cloudy,26.6,14,0
2200,P008,2022-08-02,Cloudy,27.7,6,0
2201,P008,2022-08-05,Clear,5.5,7,0
2202,P008,2022-08-08,Cloudy,31.3,19,0
2203,P008,2022-08-11,Fog,14.1,1,1
2204,P008,2022-08-14,Fog,17.5,1,1
2205,P008,2022-08-17,Cloudy,14.0,6,0
2206,P008,2022-08-20,Rain,25.1,13,1
2207,P008,2022-08-23,Clear,5.1,12,0
2208,P008,2022-08-26,Clear,33.6,19,0
2209,P008,2022-08-29,Clear,5.1,6,0
2210,P008,2022-09-01,Fog,17.0,2,1
2211,P008,2022-09-04,Cloudy,32.0,18,0
2212,P008,2022-09-07,Clear,31.1,14,0
2213,P008,2022-09-10,Rain,24.9,20,1
2214,P008,2022-09-13,Storm,50.7,5,3
2215,P008,2022-09-16,Clear,8.5,12,0
2216,P008,2022-09-19,Fog,10.8,3,1
2217,P008,2022-09-22,Clear,21.4,11,0
2218,P008,2022-09-25,Clear,17.9,15,0
2219,P008,2022-09-28,Cloudy,33.4,5,0
2220,P008,2022-10-01,Clear,32.9,13,0
2221,P008,2022-10-04,Clear,13.8,13,0
2222,P008,2022-10-07,Cloudy,32.2,11,0
2223,P008,2022-10-10,Rain,15.8,14,1
2224,P008,2022-10-13,Clear,21.3,7,0
2225,P008,2022-10-16,Clear,9.7,8,0
2226,P008,2022-10-19,Thunderstorm,40.2,2,2
2227,P008,2022-10-22,Clear,28.1,13,0
2228,P008,2022-10-25,Storm,45.7,4,3
2229,P008,2022-10-28,Clear,20.0,19,0
2230,P008,2022-10-31,Cloudy,19.4,13,0
2231,P008,2022-11-03,Rain,15.7,7,1
2232,P008,2022-11-06,Clear,16.6,11,0
2233,P008,2022-11-09,Cloudy,12.5,5,0
2234,P008,2022-11-12,Fog,14.3,1,1
2235,P008,2022-11-15,Storm,48.1,3,3
2236,P008,2022-11-18,Clear,29.5,11,0
2237,P008,2022-11-21,Cloudy,32.7,16,0
2238,P008,2022-11-24,Clear,30.6,18,0
2239,P008,2022-11-27,Clear,20.4,17,0
2240,P008,2022-11-30,Clear,10.7,20,0
2241,P008,2022-12-03,Rain,27.4,7,1
2242,P008,2022-12-06,Storm,77.2,4,3
2243,P008,2022-12-09,Cloudy,18.7,15,0
2244,P008,2022-12-12,Cloudy,11.0,6,0
2245,P008,2022-12-15,Clear,10.6,16,0
2246,P008,2022-12-18,Clear,24.9,16,0
2247,P008,2022-12-21,Cloudy,17.5,5,0
2248,P008,2022-12-24,Storm,83.1,1,3
2249,P008,2022-12-27,Clear,7.9,8,0
2250,P008,2022-12-30,Cloudy,19.2,15,0
2251,P008,2023-01-02,Clear,29.3,15,0
2252,P008,2023-01-05,Clear,21.1,18,0
2253,P008,2023-01-08,Clear,30.8,6,0
2254,P008,2023-01-11,Fog,15.0,1,1
2255,P008,2023-01-14,Rain,29.5,9,1
2256,P008,2023-01-17,Clear,30.5,7,0
2257,P008,2023-01-20,Storm,58.2,4,3
2258,P008,2023-01-23,Clear,14.0,5,0
2259,P008,2023-01-26,Clear,13.6,10,0
2260,P008,2023-01-29,Rain,31.1,8,1
2261,P008,2023-02-01,Clear,7.9,13,0
2262,P008,2023-02-04,Rain,14.5,8,1
2263,P008,2023-02-07,Clear,11.4,7,0
2264,P008,2023-02-10,Clear,13.3,7,0
2265,P008,2023-02-13,Rain,21.5,14,1
2266,P008,2023-02-16,Fog,14.9,1,1
2267,P008,2023-02-19,Thunderstorm,77.6,1,2
2268,P008,2023-02-22,Clear,31.3,7,0
2269,P008,2023-02-25,Rain,13.1,6,1
2270,P008,2023-02-28,Clear,7.8,5,0
2271,P008,2023-03-03,Clear,19.3,20,0
2272,P008,2023-03-06,Rain,17.2,8,1
2273,P008,2023-03-09,Clear,22.7,12,0
2274,P008,2023-03-12,Clear,10.1,8,0
2275,P008,2023-03-15,Cloudy,5.5,11,0
2276,P008,2023-03-18,Rain,8.8,12,1
2277,P008,2023-03-21,Storm,40.3,5,3
2278,P008,2023-03-24,Thunderstorm,68.8,2,2
2279,P008,2023-03-27,Cloudy,12.1,18,0
2280,P008,2023-03-30,Clear,25.0,11,0
2281,P008,2023-04-02,Rain,13.8,9,1
2282,P008,2023-04-05,Cloudy,22.7,14,0
2283,P008,2023-04-08,Clear,23.5,8,0
2284,P008,2023-04-11,Rain,12.6,20,1
2285,P008,2023-04-14,Clear,8.4,11,0
2286,P008,2023-04-17,Rain,25.7,10,1
2287,P008,2023-04-20,Rain,22.4,12,1
2288,P008,2023-04-23,Clear,6.2,12,0
2289,P008,2023-04-26,Rain,26.9,17,1
2290,P008,2023-04-29,Clear,11.5,8,0
2291,P008,2023-05-02,Cloudy,24.6,8,0
2292,P008,2023-05-05,Rain,5.4,8,1
2293,P008,2023-05-08,Clear,18.4,9,0
2294,P008,2023-05-11,Rain,28.6,16,1
2295,P008,2023-05-14,Clear,17.3,13,0
2296,P008,2023-05-17,Cloudy,11.0,9,0
2297,P008,2023-05-20,Clear,15.6,12,0
2298,P008,2023-05-23,Cloudy,33.5,18,0
2299,P008,2023-05-26,Clear,5.1,19,0
2300,P008,2023-05-29,Clear,28.4,6,0
2301,P008,2023-06-01,Rain,20.7,11,1
2302,P008,2023-06-04,Cloudy,31.4,9,0
2303,P008,2023-06-07,Clear,10.3,5,0
2304,P008,2023-06-10,Cloudy,27.9,7,0
2305,P008,2023-06-13,Cloudy,15.4,12,0
2306,P008,2023-06-16,Cloudy,25.7,13,0
2307,P008,2023-06-19,Thunderstorm,88.2,3,2
2308,P008,2023-06-22,Clear,11.6,9,0
2309,P008,2023-06-25,Clear,12.0,20,0
2310,P008,2023-06-28,Clear,34.6,9,0
2311,P008,2023-07-01,Clear,26.6,13,0
2312,P008,2023-07-04,Rain,13.2,14,1
2313,P008,2023-07-07,Rain,5.6,8,1
2314,P008,2023-07-10,Clear,13.5,12,0
2315,P008,2023-07-13,Rain,25.1,10,1
2316,P008,2023-07-16,Cloudy,34.3,5,0
2317,P008,2023-07-19,Clear,5.6,18,0
2318,P008,2023-07-22,Cloudy,5.0,11,0
2319,P008,2023-07-25,Clear,27.0,18,0
2320,P008,2023-07-28,Clear,29.1,11,0
2321,P008,2023-07-31,Cloudy,25.1,16,0
2322,P008,2023-08-03,Clear,19.2,11,0
2323,P008,2023-08-06,Thunderstorm,56.2,3,2
2324,P008,2023-08-09,Clear,27.8,15,0
2325,P008,2023-08-12,Cloudy,17.9,5,0
2326,P008,2023-08-15,Rain,8.1,9,1
2327,P008,2023-08-18,Clear,31.0,11,0
2328,P008,2023-08-21,Cloudy,21.0,7,0
2329,P008,2023-08-24,Clear,34.7,19,0
2330,P008,2023-08-27,Rain,11.6,11,1
2331,P008,2023-08-30,Clear,7.9,13,0
2332,P008,2023-09-02,Clear,22.6,8,0
2333,P008,2023-09-05,Storm,72.2,4,3
2334,P008,2023-09-08,Thunderstorm,44.7,2,2
2335,P008,2023-09-11,Cloudy,7.8,13,0
2336,P008,2023-09-14,Rain,21.1,12,1
2337,P008,2023-09-17,Clear,25.7,10,0
2338,P008,2023-09-20,Rain,25.9,5,1
2339,P008,2023-09-23,Fog,12.3,1,1
2340,P008,2023-09-26,Rain,31.6,8,1
2341,P008,2023-09-29,Clear,22.5,13,0
2342,P008,2023-10-02,Clear,25.9,16,0
2343,P008,2023-10-05,Rain,21.7,10,1
2344,P008,2023-10-08,Clear,7.9,5,0
2345,P008,2023-10-11,Rain,10.8,10,1
2346,P008,2023-10-14,Clear,6.4,10,0
2347,P008,2023-10-17,Clear,11.3,9,0
2348,P008,2023-10-20,Clear,6.8,19,0
2349,P008,2023-10-23,Clear,9.0,8,0
2350,P008,2023-10-26,Rain,26.7,16,1
2351,P008,2023-10-29,Cloudy,31.4,14,0
2352,P008,2023-11-01,Thunderstorm,61.6,1,2
2353,P008,2023-11-04,Thunderstorm,48.0,4,2
2354,P008,2023-11-07,Clear,16.2,10,0
2355,P008,2023-11-10,Rain,31.8,8,1
2356,P008,2023-11-13,Clear,9.7,7,0
2357,P008,2023-11-16,Clear,8.3,12,0
2358,P008,2023-11-19,Rain,10.0,15,1
2359,P008,2023-11-22,Thunderstorm,47.9,5,2
2360,P008,2023-11-25,Cloudy,22.0,19,0
2361,P008,2023-11-28,Cloudy,23.3,19,0
2362,P008,2023-12-01,Clear,12.8,11,0
2363,P008,2023-12-04,Fog,17.0,1,1
2364,P008,2023-12-07,Clear,13.9,19,0
2365,P008,2023-12-10,Fog,18.1,1,1
2366,P008,2023-12-13,Rain,8.8,6,1
2367,P008,2023-12-16,Clear,26.0,8,0
2368,P008,2023-12-19,Cloudy,16.8,9,0
2369,P008,2023-12-22,Clear,10.4,12,0
2370,P008,2023-12-25,Rain,12.2,6,1
2371,P008,2023-12-28,Cloudy,23.2,7,0
2372,P008,2023-12-31,Clear,21.6,15,0
2373,P008,2024-01-03,Cloudy,7.8,13,0
2374,P008,2024-01-06,Clear,9.1,10,0
2375,P008,2024-01-09,Clear,19.7,11,0
2376,P008,2024-01-12,Clear,28.7,7,0
2377,P008,2024-01-15,Cloudy,23.7,7,0
2378,P008,2024-01-18,Cloudy,24.0,7,0
2379,P008,2024-01-21,Rain,14.7,10,1
2380,P008,2024-01-24,Rain,34.8,15,1
2381,P008,2024-01-27,Clear,28.0,5,0
2382,P008,2024-01-30,Rain,25.7,5,1
2383,P008,2024-02-02,Clear,9.9,7,0
2384,P008,2024-02-05,Clear,10.7,8,0
2385,P008,2024-02-08,Cloudy,31.8,16,0
2386,P008,2024-02-11,Clear,23.9,5,0
2387,P008,2024-02-14,Rain,34.7,15,1
2388,P008,2024-02-17,Clear,8.5,14,0
2389,P008,2024-02-20,Rain,12.8,7,1
2390,P008,2024-02-23,Cloudy,9.4,20,0
2391,P008,2024-02-26,Clear,20.7,7,0
2392,P008,2024-02-29,Clear,29.7,14,0
2393,P008,2024-03-03,Cloudy,28.6,15,0
2394,P008,2024-03-06,Clear,6.2,18,0
2395,P008,2024-03-09,Cloudy,6.3,6,0
2396,P008,2024-03-12,Clear,12.8,12,0
2397,P008,2024-03-15,Clear,24.1,7,0
2398,P008,2024-03-18,Clear,20.5,9,0
2399,P008,2024-03-21,Cloudy,21.9,12,0
2400,P008,2024-03-24,Cloudy,28.9,12,0
2401,P008,2024-03-27,Storm,58.5,1,3
2402,P008,2024-03-30,Clear,29.6,17,0
2403,P008,2024-04-02,Rain,21.6,6,1
2404,P008,2024-04-05,Cloudy,6.6,11,0
2405,P008,2024-04-08,Clear,23.1,19,0
2406,P008,2024-04-11,Cloudy,28.6,5,0
2407,P008,2024-04-14,Rain,28.4,10,1
2408,P008,2024-04-17,Clear,6.8,6,0
2409,P008,2024-04-20,Fog,18.0,2,1
2410,P008,2024-04-23,Thunderstorm,46.2,5,2
2411,P008,2024-04-26,Fog,16.1,2,1
2412,P008,2024-04-29,Cloudy,12.8,10,0
2413,P008,2024-05-02,Cloudy,19.2,12,0
2414,P008,2024-05-05,Cloudy,16.3,11,0
2415,P008,2024-05-08,Cloudy,6.9,13,0
2416,P008,2024-05-11,Clear,25.2,9,0
2417,P008,2024-05-14,Rain,23.6,14,1
2418,P008,2024-05-17,Rain,20.7,14,1
2419,P008,2024-05-20,Cloudy,9.8,12,0
2420,P008,2024-05-23,Thunderstorm,77.8,2,2
2421,P008,2024-05-26,Clear,26.8,18,0
2422,P008,2024-05-29,Clear,14.3,13,0
2423,P008,2024-06-01,Clear,31.2,17,0
2424,P008,2024-06-04,Clear,34.5,17,0
2425,P008,2024-06-07,Clear,33.4,16,0
2426,P008,2024-06-10,Rain,31.0,6,1
2427,P008,2024-06-13,Clear,28.7,16,0
2428,P008,2024-06-16,Clear,25.5,14,0
2429,P008,2024-06-19,Clear,31.0,5,0
2430,P008,2024-06-22,Rain,19.1,14,1
2431,P008,2024-06-25,Cloudy,13.4,14,0
2432,P008,2024-06-28,Cloudy,33.8,5,0
2433,P009,2022-01-01,Rain,26.9,16,1
2434,P009,2022-01-04,Clear,25.9,10,0
2435,P009,2022-01-07,Thunderstorm,53.8,2,2
2436,P009,2022-01-10,Cloudy,30.0,6,0
2437,P009,2022-01-13,Rain,15.2,14,1
2438,P009,2022-01-16,Rain,6.7,14,1
2439,P009,2022-01-19,Clear,32.5,11,0
2440,P009,2022-01-22,Storm,81.2,2,3
2441,P009,2022-01-25,Rain,12.7,15,1
2442,P009,2022-01-28,Thunderstorm,46.1,2,2
2443,P009,2022-01-31,Rain,29.2,7,1
2444,P009,2022-02-03,Clear,23.0,19,0
2445,P009,2022-02-06,Rain,28.6,6,1
2446,P009,2022-02-09,Cloudy,11.0,7,0
2447,P009,2022-02-12,Cloudy,10.9,11,0
2448,P009,2022-02-15,Clear,24.3,12,0
2449,P009,2022-02-18,Clear,17.2,6,0
2450,P009,2022-02-21,Rain,33.7,20,1
2451,P009,2022-02-24,Rain,14.8,17,1
2452,P009,2022-02-27,Clear,33.8,18,0
2453,P009,2022-03-02,Rain,26.6,5,1
2454,P009,2022-03-05,Clear,10.5,5,0
2455,P009,2022-03-08,Storm,41.5,1,3
2456,P009,2022-03-11,Clear,17.5,9,0
2457,P009,2022-03-14,Thunderstorm,66.2,1,2
2458,P009,2022-03-17,Clear,16.3,20,0
2459,P009,2022-03-20,Cloudy,19.9,14,0
2460,P009,2022-03-23,Rain,22.9,18,1
2461,P009,2022-03-26,Fog,18.2,3,1
2462,P009,2022-03-29,Clear,16.0,16,0
2463,P009,2022-04-01,Clear,6.7,14,0
2464,P009,2022-04-04,Cloudy,29.3,14,0
2465,P009,2022-04-07,Clear,13.8,12,0
2466,P009,2022-04-10,Clear,19.3,5,0
2467,P009,2022-04-13,Cloudy,27.7,18,0
2468,P009,2022-04-16,Clear,29.4,10,0
2469,P009,2022-04-19,Fog,14.1,3,1
2470,P009,2022-04-22,Clear,12.2,13,0
2471,P009,2022-04-25,Clear,17.5,7,0
2472,P009,2022-04-28,Clear,6.1,14,0
2473,P009,2022-05-01,Clear,21.1,6,0
2474,P009,2022-05-04,Rain,23.9,15,1
2475,P009,2022-05-07,Clear,33.1,18,0
2476,P009,2022-05-10,Cloudy,28.7,6,0
2477,P009,2022-05-13,Cloudy,7.9,9,0
2478,P009,2022-05-16,Cloudy,30.4,6,0
2479,P009,2022-05-19,Fog,18.1,1,1
2480,P009,2022-05-22,Cloudy,11.1,17,0
2481,P009,2022-05-25,Clear,23.2,5,0
2482,P009,2022-05-28,Clear,25.5,7,0
2483,P009,2022-05-31,Clear,27.4,8,0
2484,P009,2022-06-03,Fog,16.5,2,1
2485,P009,2022-06-06,Thunderstorm,57.8,4,2
2486,P009,2022-06-09,Cloudy,10.5,8,0
2487,P009,2022-06-12,Cloudy,30.4,18,0
2488,P009,2022-06-15,Rain,24.3,9,1
2489,P009,2022-06-18,Cloudy,34.5,13,0
2490,P009,2022-06-21,Clear,33.9,8,0
2491,P009,2022-06-24,Clear,31.9,5,0
2492,P009,2022-06-27,Rain,34.6,11,1
2493,P009,2022-06-30,Clear,12.1,9,0
2494,P009,2022-07-03,Cloudy,11.4,16,0
2495,P009,2022-07-06,Cloudy,8.7,8,0
2496,P009,2022-07-09,Rain,18.5,5,1
2497,P009,2022-07-12,Cloudy,6.4,16,0
2498,P009,2022-07-15,Storm,69.0,1,3
2499,P009,2022-07-18,Rain,13.6,10,1
2500,P009,2022-07-21,Fog,15.7,2,1
2501,P009,2022-07-24,Storm,69.1,2,3
2502,P009,2022-07-27,Cloudy,22.9,18,0
2503,P009,2022-07-30,Rain,22.2,17,1
2504,P009,2022-08-02,Thunderstorm,72.8,5,2
2505,P009,2022-08-05,Cloudy,27.8,19,0
2506,P009,2022-08-08,Clear,20.7,9,0
2507,P009,2022-08-11,Cloudy,16.0,17,0
2508,P009,2022-08-14,Cloudy,22.1,9,0
2509,P009,2022-08-17,Clear,8.1,5,0
2510,P009,2022-08-20,Rain,31.6,11,1
2511,P009,2022-08-23,Fog,18.4,1,1
2512,P009,2022-08-26,Clear,28.4,12,0
2513,P009,2022-08-29,Clear,9.2,18,0
2514,P009,2022-09-01,Cloudy,21.8,6,0
2515,P009,2022-09-04,Cloudy,26.0,20,0
2516,P009,2022-09-07,Clear,24.2,19,0
2517,P009,2022-09-10,Rain,34.2,5,1
2518,P009,2022-09-13,Cloudy,10.2,11,0
2519,P009,2022-09-16,Clear,33.3,12,0
2520,P009,2022-09-19,Cloudy,11.6,16,0
2521,P009,2022-09-22,Rain,32.0,9,1
2522,P009,2022-09-25,Rain,21.8,5,1
2523,P009,2022-09-28,Thunderstorm,89.0,1,2
2524,P009,2022-10-01,Thunderstorm,88.0,1,2
2525,P009,2022-10-04,Storm,85.1,5,3
2526,P009,2022-10-07,Cloudy,15.2,9,0
2527,P009,2022-10-10,Cloudy,27.9,9,0
2528,P009,2022-10-13,Cloudy,13.0,17,0
2529,P009,2022-10-16,Cloudy,15.3,7,0
2530,P009,2022-10-19,Fog,8.2,3,1
2531,P009,2022-10-22,Cloudy,17.8,9,0
2532,P009,2022-10-25,Rain,29.2,15,1
2533,P009,2022-10-28,Cloudy,34.4,8,0
2534,P009,2022-10-31,Clear,10.8,13,0
2535,P009,2022-11-03,Clear,9.5,14,0
2536,P009,2022-11-06,Thunderstorm,53.6,1,2
2537,P009,2022-11-09,Thunderstorm,81.6,2,2
2538,P009,2022-11-12,Cloudy,11.7,5,0
2539,P009,2022-11-15,Rain,20.4,17,1
2540,P009,2022-11-18,Fog,10.8,1,1
2541,P009,2022-11-21,Clear,34.4,17,0
2542,P009,2022-11-24,Cloudy,7.3,11,0
2543,P009,2022-11-27,Rain,15.0,5,1
2544,P009,2022-11-30,Clear,7.0,6,0
2545,P009,2022-12-03,Cloudy,13.4,14,0
2546,P009,2022-12-06,Cloudy,7.2,15,0
2547,P009,2022-12-09,Clear,17.2,10,0
2548,P009,2022-12-12,Thunderstorm,66.1,5,2
2549,P009,2022-12-15,Fog,14.6,3,1
2550,P009,2022-12-18,Clear,26.9,12,0
2551,P009,2022-12-21,Cloudy,13.1,20,0
2552,P009,2022-12-24,Cloudy,23.0,17,0
2553,P009,2022-12-27,Clear,26.4,19,0
2554,P009,2022-12-30,Thunderstorm,76.3,4,2
2555,P009,2023-01-02,Rain,22.9,16,1
2556,P009,2023-01-05,Clear,29.0,20,0
2557,P009,2023-01-08,Rain,29.8,17,1
2558,P009,2023-01-11,Fog,19.7,3,1
2559,P009,2023-01-14,Rain,23.1,13,1
2560,P009,2023-01-17,Clear,33.1,13,0
2561,P009,2023-01-20,Clear,10.9,11,0
2562,P009,2023-01-23,Cloudy,7.7,9,0
2563,P009,2023-01-26,Fog,9.7,3,1
2564,P009,2023-01-29,Fog,8.0,2,1
2565,P009,2023-02-01,Clear,21.3,7,0
2566,P009,2023-02-04,Cloudy,11.1,10,0
2567,P009,2023-02-07,Rain,7.4,10,1
2568,P009,2023-02-10,Clear,8.4,18,0
2569,P009,2023-02-13,Clear,20.4,15,0
2570,P009,2023-02-16,Clear,19.9,16,0
2571,P009,2023-02-19,Clear,10.7,19,0
2572,P009,2023-02-22,Clear,25.0,14,0
2573,P009,2023-02-25,Clear,22.8,10,0
2574,P009,2023-02-28,Thunderstorm,56.2,2,2
2575,P009,2023-03-03,Thunderstorm,54.7,1,2
2576,P009,2023-03-06,Storm,44.7,3,3
2577,P009,2023-03-09,Clear,6.6,19,0
2578,P009,2023-03-12,Clear,12.5,8,0
2579,P009,2023-03-15,Clear,21.0,9,0
2580,P009,2023-03-18,Fog,16.1,2,1
2581,P009,2023-03-21,Rain,10.1,10,1
2582,P009,2023-03-24,Clear,30.0,7,0
2583,P009,2023-03-27,Thunderstorm,84.7,5,2
2584,P009,2023-03-30,Cloudy,10.5,11,0
2585,P009,2023-04-02,Clear,32.9,18,0
2586,P009,2023-04-05,Clear,21.4,20,0
2587,P009,2023-04-08,Rain,25.6,19,1
2588,P009,2023-04-11,Clear,17.8,12,0
2589,P009,2023-04-14,Thunderstorm,67.0,1,2
2590,P009,2023-04-17,Thunderstorm,48.9,3,2
2591,P009,2023-04-20,Cloudy,15.2,19,0
2592,P009,2023-04-23,Fog,5.3,3,1
2593,P009,2023-04-26,Cloudy,26.6,18,0
2594,P009,2023-04-29,Cloudy,32.8,8,0
2595,P009,2023-05-02,Cloudy,26.0,17,0
2596,P009,2023-05-05,Thunderstorm,64.8,4,2
2597,P009,2023-05-08,Cloudy,29.2,5,0
2598,P009,2023-05-11,Clear,5.1,9,0
2599,P009,2023-05-14,Clear,30.2,10,0
2600,P009,2023-05-17,Clear,15.5,10,0
2601,P009,2023-05-20,Clear,16.8,16,0
2602,P009,2023-05-23,Clear,15.1,19,0
2603,P009,2023-05-26,Fog,15.3,2,1
2604,P009,2023-05-29,Cloudy,27.0,10,0
2605,P009,2023-06-01,Clear,22.1,15,0
2606,P009,2023-06-04,Cloudy,34.1,6,0
2607,P009,2023-06-07,Cloudy,21.0,13,0
2608,P009,2023-06-10,Clear,23.7,14,0
2609,P009,2023-06-13,Rain,31.0,10,1
2610,P009,2023-06-16,Clear,32.6,15,0
2611,P009,2023-06-19,Rain,33.5,12,1
2612,P009,2023-06-22,Rain,21.3,13,1
2613,P009,2023-06-25,Cloudy,13.8,9,0
2614,P009,2023-06-28,Clear,23.2,7,0
2615,P009,2023-07-01,Cloudy,13.5,19,0
2616,P009,2023-07-04,Cloudy,20.2,6,0
2617,P009,2023-07-07,Rain,18.2,16,1
2618,P009,2023-07-10,Fog,8.5,3,1
2619,P009,2023-07-13,Cloudy,16.7,11,0
2620,P009,2023-07-16,Cloudy,34.2,10,0
2621,P009,2023-07-19,Clear,23.5,13,0
2622,P009,2023-07-22,Clear,7.3,7,0
2623,P009,2023-07-25,Rain,24.9,19,1
2624,P009,2023-07-28,Cloudy,21.0,17,0
2625,P009,2023-07-31,Cloudy,30.7,18,0
2626,P009,2023-08-03,Cloudy,26.6,9,0
2627,P009,2023-08-06,Thunderstorm,46.5,5,2
2628,P009,2023-08-09,Cloudy,19.8,6,0
2629,P009,2023-08-12,Rain,21.0,5,1
2630,P009,2023-08-15,Clear,10.6,12,0
2631,P009,2023-08-18,Clear,25.9,5,0
2632,P009,2023-08-21,Rain,31.0,17,1
2633,P009,2023-08-24,Clear,23.6,19,0
2634,P009,2023-08-27,Cloudy,5.9,8,0
2635,P009,2023-08-30,Clear,32.0,10,0
2636,P009,2023-09-02,Rain,15.3,16,1
2637,P009,2023-09-05,Clear,10.5,17,0
2638,P009,2023-09-08,Cloudy,16.8,9,0
2639,P009,2023-09-11,Clear,29.5,14,0
2640,P009,2023-09-14,Clear,12.4,9,0
2641,P009,2023-09-17,Rain,27.2,13,1
2642,P009,2023-09-20,Rain,29.9,12,1
2643,P009,2023-09-23,Thunderstorm,49.7,5,2
2644,P009,2023-09-26,Fog,10.1,1,1
2645,P009,2023-09-29,Clear,25.5,15,0
2646,P009,2023-10-02,Clear,27.8,20,0
2647,P009,2023-10-05,Clear,33.4,17,0
2648,P009,2023-10-08,Clear,22.3,17,0
2649,P009,2023-10-11,Fog,8.3,3,1
2650,P009,2023-10-14,Clear,20.9,16,0
2651,P009,2023-10-17,Clear,30.8,8,0
2652,P009,2023-10-20,Cloudy,16.7,16,0
2653,P009,2023-10-23,Clear,24.4,13,0
2654,P009,2023-10-26,Fog,19.2,3,1
2655,P009,2023-10-29,Clear,23.3,20,0
2656,P009,2023-11-01,Rain,13.6,13,1
2657,P009,2023-11-04,Clear,10.8,8,0
2658,P009,2023-11-07,Thunderstorm,84.7,5,2
2659,P009,2023-11-10,Clear,30.0,20,0
2660,P009,2023-11-13,Cloudy,9.9,11,0
2661,P009,2023-11-16,Cloudy,26.1,12,0
2662,P009,2023-11-19,Clear,6.1,16,0
2663,P009,2023-11-22,Clear,14.2,15,0
2664,P009,2023-11-25,Clear,8.2,15,0
2665,P009,2023-11-28,Clear,11.5,10,0
2666,P009,2023-12-01,Clear,31.6,18,0
2667,P009,2023-12-04,Cloudy,30.4,8,0
2668,P009,2023-12-07,Clear,17.8,15,0
2669,P009,2023-12-10,Clear,33.8,13,0
2670,P009,2023-12-13,Fog,7.2,3,1
2671,P009,2023-12-16,Rain,13.5,7,1
2672,P009,2023-12-19,Clear,15.6,19,0
2673,P009,2023-12-22,Clear,20.9,8,0
2674,P009,2023-12-25,Rain,20.7,6,1
2675,P009,2023-12-28,Cloudy,30.0,20,0
2676,P009,2023-12-31,Clear,15.8,12,0
2677,P009,2024-01-03,Thunderstorm,66.3,3,2
2678,P009,2024-01-06,Cloudy,31.7,15,0
2679,P009,2024-01-09,Cloudy,32.4,18,0
2680,P009,2024-01-12,Cloudy,33.7,18,0
2681,P009,2024-01-15,Rain,18.5,19,1
2682,P009,2024-01-18,Clear,30.9,9,0
2683,P009,2024-01-21,Cloudy,15.1,15,0
2684,P009,2024-01-24,Storm,84.7,3,3
2685,P009,2024-01-27,Cloudy,15.2,18,0
2686,P009,2024-01-30,Storm,79.8,3,3
2687,P009,2024-02-02,Rain,30.2,14,1
2688,P009,2024-02-05,Clear,8.9,8,0
2689,P009,2024-02-08,Storm,80.6,4,3
2690,P009,2024-02-11,Storm,41.3,1,3
2691,P009,2024-02-14,Thunderstorm,42.1,3,2
2692,P009,2024-02-17,Clear,11.9,12,0
2693,P009,2024-02-20,Clear,12.1,8,0
2694,P009,2024-02-23,Rain,31.1,7,1
2695,P009,2024-02-26,Clear,14.7,20,0
2696,P009,2024-02-29,Clear,11.1,18,0
2697,P009,2024-03-03,Cloudy,10.5,8,0
2698,P009,2024-03-06,Clear,13.5,17,0
2699,P009,2024-03-09,Clear,23.6,20,0
2700,P009,2024-03-12,Clear,33.9,12,0
2701,P009,2024-03-15,Cloudy,32.0,19,0
2702,P009,2024-03-18,Rain,13.8,18,1
2703,P009,2024-03-21,Clear,5.2,16,0
2704,P009,2024-03-24,Thunderstorm,89.2,2,2
2705,P009,2024-03-27,Fog,9.3,1,1
2706,P009,2024-03-30,Cloudy,29.2,10,0
2707,P009,2024-04-02,Rain,29.2,8,1
2708,P009,2024-04-05,Rain,10.7,7,1
2709,P009,2024-04-08,Clear,23.2,5,0
2710,P009,2024-04-11,Cloudy,23.7,6,0
2711,P009,2024-04-14,Clear,5.2,7,0
2712,P009,2024-04-17,Cloudy,17.5,20,0
2713,P009,2024-04-20,Clear,26.5,19,0
2714,P009,2024-04-23,Clear,21.0,20,0
2715,P009,2024-04-26,Cloudy,26.2,19,0
2716,P009,2024-04-29,Clear,10.4,16,0
2717,P009,2024-05-02,Cloudy,14.6,16,0
2718,P009,2024-05-05,Cloudy,13.0,9,0
2719,P009,2024-05-08,Clear,30.9,6,0
2720,P009,2024-05-11,Clear,23.6,19,0
2721,P009,2024-05-14,Clear,24.7,12,0
2722,P009,2024-05-17,Rain,16.8,10,1
2723,P009,2024-05-20,Rain,33.8,20,1
2724,P009,2024-05-23,Clear,18.7,11,0
2725,P009,2024-05-26,Clear,28.6,11,0
2726,P009,2024-05-29,Fog,14.8,1,1
2727,P009,2024-06-01,Fog,18.9,2,1
2728,P009,2024-06-04,Clear,9.7,11,0
2729,P009,2024-06-07,Rain,31.4,8,1
2730,P009,2024-06-10,Rain,29.0,7,1
2731,P009,2024-06-13,Cloudy,12.1,9,0
2732,P009,2024-06-16,Clear,10.0,16,0
2733,P009,2024-06-19,Rain,12.3,11,1
2734,P009,2024-06-22,Clear,33.2,13,0
2735,P009,2024-06-25,Cloudy,19.7,19,0
2736,P009,2024-06-28,Rain,31.5,12,1
2737,P010,2022-01-01,Clear,16.8,12,0
2738,P010,2022-01-04,Fog,13.6,2,1
2739,P010,2022-01-07,Thunderstorm,68.9,4,2
2740,P010,2022-01-10,Cloudy,26.8,10,0
2741,P010,2022-01-13,Thunderstorm,70.2,5,2
2742,P010,2022-01-16,Cloudy,10.6,10,0
2743,P010,2022-01-19,Cloudy,9.9,15,0
2744,P010,2022-01-22,Clear,32.0,19,0
2745,P010,2022-01-25,Rain,32.3,8,1
2746,P010,2022-01-28,Clear,26.2,15,0
2747,P010,2022-01-31,Clear,33.5,12,0
2748,P010,2022-02-03,Clear,5.8,8,0
2749,P010,2022-02-06,Clear,15.9,6,0
2750,P010,2022-02-09,Cloudy,10.2,6,0
2751,P010,2022-02-12,Clear,21.6,19,0
2752,P010,2022-02-15,Cloudy,20.2,19,0
2753,P010,2022-02-18,Clear,11.3,16,0
2754,P010,2022-02-21,Rain,15.7,12,1
2755,P010,2022-02-24,Cloudy,16.8,6,0
2756,P010,2022-02-27,Rain,32.7,6,1
2757,P010,2022-03-02,Clear,13.3,14,0
2758,P010,2022-03-05,Clear,16.6,7,0
2759,P010,2022-03-08,Rain,30.7,15,1
2760,P010,2022-03-11,Clear,7.0,10,0
2761,P010,2022-03-14,Fog,18.1,3,1
2762,P010,2022-03-17,Thunderstorm,83.4,1,2
2763,P010,2022-03-20,Rain,24.3,10,1
2764,P010,2022-03-23,Rain,26.9,16,1
2765,P010,2022-03-26,Rain,7.8,11,1
2766,P010,2022-03-29,Cloudy,24.6,11,0
2767,P010,2022-04-01,Clear,29.7,5,0
2768,P010,2022-04-04,Cloudy,34.8,7,0
2769,P010,2022-04-07,Clear,22.8,7,0
2770,P010,2022-04-10,Cloudy,8.5,17,0
2771,P010,2022-04-13,Clear,9.5,9,0
2772,P010,2022-04-16,Clear,9.7,19,0
2773,P010,2022-04-19,Cloudy,27.6,9,0
2774,P010,2022-04-22,Clear,23.2,7,0
2775,P010,2022-04-25,Clear,16.5,8,0
2776,P010,2022-04-28,Clear,10.4,8,0
2777,P010,2022-05-01,Cloudy,6.0,9,0
2778,P010,2022-05-04,Rain,24.9,19,1
2779,P010,2022-05-07,Fog,8.0,3,1
2780,P010,2022-05-10,Rain,11.4,14,1
2781,P010,2022-05-13,Cloudy,17.9,15,0
2782,P010,2022-05-16,Clear,5.4,10,0
2783,P010,2022-05-19,Cloudy,31.3,14,0
2784,P010,2022-05-22,Rain,8.1,14,1
2785,P010,2022-05-25,Clear,7.7,5,0
2786,P010,2022-05-28,Rain,25.5,9,1
2787,P010,2022-05-31,Fog,17.9,3,1
2788,P010,2022-06-03,Rain,34.5,9,1
2789,P010,2022-06-06,Cloudy,16.3,5,0
2790,P010,2022-06-09,Thunderstorm,69.6,3,2
2791,P010,2022-06-12,Storm,57.5,4,3
2792,P010,2022-06-15,Thunderstorm,43.3,1,2
2793,P010,2022-06-18,Rain,11.4,16,1
2794,P010,2022-06-21,Clear,25.8,20,0
2795,P010,2022-06-24,Rain,28.3,12,1
2796,P010,2022-06-27,Storm,45.9,3,3
2797,P010,2022-06-30,Clear,33.1,15,0
2798,P010,2022-07-03,Cloudy,16.6,9,0
2799,P010,2022-07-06,Clear,5.8,7,0
2800,P010,2022-07-09,Thunderstorm,78.9,1,2
2801,P010,2022-07-12,Clear,19.5,6,0
2802,P010,2022-07-15,Cloudy,15.9,10,0
2803,P010,2022-07-18,Cloudy,21.7,13,0
2804,P010,2022-07-21,Clear,23.0,6,0
2805,P010,2022-07-24,Cloudy,26.6,7,0
2806,P010,2022-07-27,Cloudy,30.9,5,0
2807,P010,2022-07-30,Cloudy,8.9,14,0
2808,P010,2022-08-02,Cloudy,33.4,8,0
2809,P010,2022-08-05,Clear,12.8,10,0
2810,P010,2022-08-08,Rain,25.5,5,1
2811,P010,2022-08-11,Clear,26.3,14,0
2812,P010,2022-08-14,Clear,6.8,5,0
2813,P010,2022-08-17,Cloudy,32.2,17,0
2814,P010,2022-08-20,Fog,13.5,3,1
2815,P010,2022-08-23,Cloudy,17.7,14,0
2816,P010,2022-08-26,Cloudy,16.1,16,0
2817,P010,2022-08-29,Clear,17.8,10,0
2818,P010,2022-09-01,Fog,8.8,1,1
2819,P010,2022-09-04,Clear,29.3,19,0
2820,P010,2022-09-07,Cloudy,8.3,6,0
2821,P010,2022-09-10,Rain,28.9,8,1
2822,P010,2022-09-13,Clear,5.8,18,0
2823,P010,2022-09-16,Cloudy,8.0,17,0
2824,P010,2022-09-19,Clear,33.3,20,0
2825,P010,2022-09-22,Clear,20.5,5,0
2826,P010,2022-09-25,Cloudy,29.4,16,0
2827,P010,2022-09-28,Cloudy,9.4,5,0
2828,P010,2022-10-01,Thunderstorm,45.4,3,2
2829,P010,2022-10-04,Rain,18.9,11,1
2830,P010,2022-10-07,Cloudy,17.3,8,0
2831,P010,2022-10-10,Clear,18.9,12,0
2832,P010,2022-10-13,Clear,34.1,14,0
2833,P010,2022-10-16,Clear,20.9,13,0
2834,P010,2022-10-19,Cloudy,11.0,17,0
2835,P010,2022-10-22,Clear,26.1,5,0
2836,P010,2022-10-25,Clear,18.1,16,0
2837,P010,2022-10-28,Cloudy,20.8,16,0
2838,P010,2022-10-31,Cloudy,26.1,13,0
2839,P010,2022-11-03,Cloudy,11.1,5,0
2840,P010,2022-11-06,Clear,35.0,11,0
2841,P010,2022-11-09,Cloudy,9.7,19,0
2842,P010,2022-11-12,Fog,17.6,2,1
2843,P010,2022-11-15,Cloudy,9.5,16,0
2844,P010,2022-11-18,Cloudy,20.7,9,0
2845,P010,2022-11-21,Rain,19.3,6,1
2846,P010,2022-11-24,Clear,13.0,18,0
2847,P010,2022-11-27,Cloudy,14.3,15,0
2848,P010,2022-11-30,Cloudy,5.7,7,0
2849,P010,2022-12-03,Rain,6.5,20,1
2850,P010,2022-12-06,Rain,8.7,13,1
2851,P010,2022-12-09,Clear,27.5,13,0
2852,P010,2022-12-12,Cloudy,21.3,7,0
2853,P010,2022-12-15,Rain,21.9,13,1
2854,P010,2022-12-18,Cloudy,14.5,7,0
2855,P010,2022-12-21,Clear,10.2,13,0
2856,P010,2022-12-24,Cloudy,20.1,14,0
2857,P010,2022-12-27,Cloudy,22.9,20,0
2858,P010,2022-12-30,Fog,10.9,3,1
2859,P010,2023-01-02,Cloudy,19.8,12,0
2860,P010,2023-01-05,Cloudy,11.0,19,0
2861,P010,2023-01-08,Rain,29.4,17,1
2862,P010,2023-01-11,Cloudy,27.5,8,0
2863,P010,2023-01-14,Cloudy,16.5,8,0
2864,P010,2023-01-17,Clear,19.5,6,0
2865,P010,2023-01-20,Cloudy,22.1,12,0
2866,P010,2023-01-23,Clear,10.2,15,0
2867,P010,2023-01-26,Cloudy,11.3,14,0
2868,P010,2023-01-29,Cloudy,32.4,19,0
2869,P010,2023-02-01,Rain,7.0,13,1
2870,P010,2023-02-04,Clear,17.9,9,0
2871,P010,2023-02-07,Clear,19.0,19,0
2872,P010,2023-02-10,Rain,21.2,10,1
2873,P010,2023-02-13,Clear,17.3,10,0
2874,P010,2023-02-16,Rain,24.8,13,1
2875,P010,2023-02-19,Clear,32.9,7,0
2876,P010,2023-02-22,Clear,25.5,19,0
2877,P010,2023-02-25,Fog,18.5,1,1
2878,P010,2023-02-28,Storm,88.1,5,3
2879,P010,2023-03-03,Cloudy,22.6,14,0
2880,P010,2023-03-06,Fog,12.6,1,1
2881,P010,2023-03-09,Storm,86.4,3,3
2882,P010,2023-03-12,Clear,9.1,8,0
2883,P010,2023-03-15,Cloudy,31.4,16,0
2884,P010,2023-03-18,Cloudy,27.1,12,0
2885,P010,2023-03-21,Cloudy,18.2,16,0
2886,P010,2023-03-24,Cloudy,5.3,10,0
2887,P010,2023-03-27,Clear,5.8,6,0
2888,P010,2023-03-30,Cloudy,14.6,7,0
2889,P010,2023-04-02,Rain,10.4,11,1
2890,P010,2023-04-05,Clear,7.6,17,0
2891,P010,2023-04-08,Clear,24.4,7,0
2892,P010,2023-04-11,Fog,12.7,2,1
2893,P010,2023-04-14,Rain,22.7,10,1
2894,P010,2023-04-17,Cloudy,17.7,9,0
2895,P010,2023-04-20,Cloudy,27.6,20,0
2896,P010,2023-04-23,Rain,6.5,6,1
2897,P010,2023-04-26,Cloudy,11.9,8,0
2898,P010,2023-04-29,Clear,28.7,18,0
2899,P010,2023-05-02,Clear,17.8,20,0
2900,P010,2023-05-05,Thunderstorm,72.1,2,2
2901,P010,2023-05-08,Cloudy,25.2,12,0
2902,P010,2023-05-11,Clear,16.3,8,0
2903,P010,2023-05-14,Rain,18.8,17,1
2904,P010,2023-05-17,Clear,24.2,18,0
2905,P010,2023-05-20,Rain,13.5,17,1
2906,P010,2023-05-23,Clear,12.5,13,0
2907,P010,2023-05-26,Fog,11.4,2,1
2908,P010,2023-05-29,Cloudy,14.4,7,0
2909,P010,2023-06-01,Cloudy,9.6,15,0
2910,P010,2023-06-04,Clear,9.3,16,0
2911,P010,2023-06-07,Cloudy,12.3,18,0
2912,P010,2023-06-10,Clear,21.4,5,0
2913,P010,2023-06-13,Cloudy,22.2,12,0
2914,P010,2023-06-16,Clear,17.0,12,0
2915,P010,2023-06-19,Cloudy,31.4,9,0
2916,P010,2023-06-22,Storm,59.8,2,3
2917,P010,2023-06-25,Storm,77.6,4,3
2918,P010,2023-06-28,Cloudy,7.0,5,0
2919,P010,2023-07-01,Cloudy,6.9,14,0
2920,P010,2023-07-04,Clear,35.0,8,0
2921,P010,2023-07-07,Cloudy,27.7,12,0
2922,P010,2023-07-10,Clear,27.7,10,0
2923,P010,2023-07-13,Storm,83.7,4,3
2924,P010,2023-07-16,Clear,11.4,18,0
2925,P010,2023-07-19,Thunderstorm,57.1,2,2
2926,P010,2023-07-22,Clear,12.6,8,0
2927,P010,2023-07-25,Cloudy,28.4,5,0
2928,P010,2023-07-28,Fog,10.4,2,1
2929,P010,2023-07-31,Rain,19.9,13,1
2930,P010,2023-08-03,Clear,7.9,15,0
2931,P010,2023-08-06,Rain,31.2,14,1
2932,P010,2023-08-09,Clear,28.6,18,0
2933,P010,2023-08-12,Cloudy,6.9,20,0
2934,P010,2023-08-15,Thunderstorm,86.6,1,2
2935,P010,2023-08-18,Rain,8.8,13,1
2936,P010,2023-08-21,Cloudy,22.2,6,0
2937,P010,2023-08-24,Cloudy,33.7,5,0
2938,P010,2023-08-27,Thunderstorm,63.1,5,2
2939,P010,2023-08-30,Clear,13.1,19,0
2940,P010,2023-09-02,Clear,20.5,8,0
2941,P010,2023-09-05,Rain,30.2,10,1
2942,P010,2023-09-08,Fog,14.4,2,1
2943,P010,2023-09-11,Cloudy,23.5,12,0
2944,P010,2023-09-14,Rain,22.5,19,1
2945,P010,2023-09-17,Clear,20.2,14,0
2946,P010,2023-09-20,Rain,31.0,15,1
2947,P010,2023-09-23,Clear,12.8,15,0
2948,P010,2023-09-26,Rain,6.5,8,1
2949,P010,2023-09-29,Cloudy,26.7,10,0
2950,P010,2023-10-02,Clear,25.6,20,0
2951,P010,2023-10-05,Storm,52.3,4,3
2952,P010,2023-10-08,Thunderstorm,42.2,1,2
2953,P010,2023-10-11,Clear,7.4,6,0
2954,P010,2023-10-14,Clear,22.9,17,0
2955,P010,2023-10-17,Clear,14.4,18,0
2956,P010,2023-10-20,Storm,72.4,1,3
2957,P010,2023-10-23,Cloudy,12.8,16,0
2958,P010,2023-10-26,Cloudy,16.4,5,0
2959,P010,2023-10-29,Clear,22.8,14,0
2960,P010,2023-11-01,Rain,14.0,13,1
2961,P010,2023-11-04,Clear,13.8,17,0
2962,P010,2023-11-07,Storm,74.1,3,3
2963,P010,2023-11-10,Rain,27.2,18,1
2964,P010,2023-11-13,Cloudy,17.3,15,0
2965,P010,2023-11-16,Rain,12.9,5,1
2966,P010,2023-11-19,Rain,32.9,15,1
2967,P010,2023-11-22,Cloudy,15.9,19,0
2968,P010,2023-11-25,Clear,31.8,19,0
2969,P010,2023-11-28,Rain,14.3,15,1
2970,P010,2023-12-01,Storm,49.6,5,3
2971,P010,2023-12-04,Rain,5.9,9,1
2972,P010,2023-12-07,Clear,28.5,13,0
2973,P010,2023-12-10,Rain,31.3,9,1
2974,P010,2023-12-13,Thunderstorm,49.2,4,2
2975,P010,2023-12-16,Clear,13.7,8,0
2976,P010,2023-12-19,Clear,15.0,16,0
2977,P010,2023-12-22,Clear,6.6,18,0
2978,P010,2023-12-25,Clear,10.6,10,0
2979,P010,2023-12-28,Clear,10.4,19,0
2980,P010,2023-12-31,Cloudy,31.4,20,0
2981,P010,2024-01-03,Clear,9.0,15,0
2982,P010,2024-01-06,Cloudy,16.7,8,0
2983,P010,2024-01-09,Clear,13.4,8,0
2984,P010,2024-01-12,Clear,32.3,13,0
2985,P010,2024-01-15,Cloudy,20.5,17,0
2986,P010,2024-01-18,Storm,40.3,5,3
2987,P010,2024-01-21,Clear,19.2,17,0
2988,P010,2024-01-24,Cloudy,19.8,9,0
2989,P010,2024-01-27,Clear,7.4,16,0
2990,P010,2024-01-30,Cloudy,28.6,5,0
2991,P010,2024-02-02,Fog,9.1,1,1
2992,P010,2024-02-05,Storm,60.4,3,3
2993,P010,2024-02-08,Thunderstorm,71.9,4,2
2994,P010,2024-02-11,Clear,26.9,10,0
2995,P010,2024-02-14,Clear,20.9,12,0
2996,P010,2024-02-17,Rain,31.5,15,1
2997,P010,2024-02-20,Clear,15.4,17,0
2998,P010,2024-02-23,Thunderstorm,66.6,4,2
2999,P010,2024-02-26,Cloudy,34.2,10,0
3000,P010,2024-02-29,Clear,12.9,10,0
3001,P010,2024-03-03,Clear,8.7,12,0
3002,P010,2024-03-06,Cloudy,31.4,16,0
3003,P010,2024-03-09,Rain,34.4,13,1
3004,P010,2024-03-12,Clear,25.3,18,0
3005,P010,2024-03-15,Clear,24.6,14,0
3006,P010,2024-03-18,Rain,15.2,9,1
3007,P010,2024-03-21,Thunderstorm,82.3,1,2
3008,P010,2024-03-24,Clear,33.3,9,0
3009,P010,2024-03-27,Fog,19.8,2,1
3010,P010,2024-03-30,Rain,23.4,20,1
3011,P010,2024-04-02,Rain,23.6,7,1
3012,P010,2024-04-05,Cloudy,32.0,17,0
3013,P010,2024-04-08,Rain,12.3,14,1
3014,P010,2024-04-11,Cloudy,25.4,10,0
3015,P010,2024-04-14,Cloudy,5.9,17,0
3016,P010,2024-04-17,Rain,29.6,20,1
3017,P010,2024-04-20,Clear,5.4,6,0
3018,P010,2024-04-23,Rain,7.0,17,1
3019,P010,2024-04-26,Storm,81.3,3,3
3020,P010,2024-04-29,Clear,24.1,6,0
3021,P010,2024-05-02,Clear,34.8,12,0
3022,P010,2024-05-05,Clear,21.4,9,0
3023,P010,2024-05-08,Clear,31.8,15,0
3024,P010,2024-05-11,Thunderstorm,84.1,1,2
3025,P010,2024-05-14,Clear,32.6,8,0
3026,P010,2024-05-17,Cloudy,26.5,17,0
3027,P010,2024-05-20,Cloudy,20.2,7,0
3028,P010,2024-05-23,Thunderstorm,57.3,2,2
3029,P010,2024-05-26,Clear,12.6,16,0
3030,P010,2024-05-29,Clear,17.8,11,0
3031,P010,2024-06-01,Rain,31.4,7,1
3032,P010,2024-06-04,Cloudy,23.6,19,0
3033,P010,2024-06-07,Rain,21.6,5,1
3034,P010,2024-06-10,Cloudy,24.5,15,0
3035,P010,2024-06-13,Clear,22.9,9,0
3036,P010,2024-06-16,Cloudy,33.8,13,0
3037,P010,2024-06-19,Thunderstorm,76.8,5,2
3038,P010,2024-06-22,Cloudy,17.8,9,0
3039,P010,2024-06-25,Thunderstorm,78.2,5,2
3040,P010,2024-06-28,Clear,34.8,15,0
3041,P011,2022-01-01,Cloudy,26.1,20,0
3042,P011,2022-01-04,Clear,30.2,9,0
3043,P011,2022-01-07,Clear,12.0,7,0
3044,P011,2022-01-10,Thunderstorm,89.3,5,2
3045,P011,2022-01-13,Rain,16.4,13,1
3046,P011,2022-01-16,Clear,9.0,11,0
3047,P011,2022-01-19,Thunderstorm,72.4,5,2
3048,P011,2022-01-22,Cloudy,20.6,12,0
3049,P011,2022-01-25,Cloudy,8.1,8,0
3050,P011,2022-01-28,Storm,73.0,4,3
3051,P011,2022-01-31,Clear,32.6,10,0
3052,P011,2022-02-03,Fog,13.5,1,1
3053,P011,2022-02-06,Cloudy,20.4,6,0
3054,P011,2022-02-09,Rain,21.7,11,1
3055,P011,2022-02-12,Clear,8.6,8,0
3056,P011,2022-02-15,Clear,11.9,5,0
3057,P011,2022-02-18,Clear,25.7,17,0
3058,P011,2022-02-21,Cloudy,16.4,6,0
3059,P011,2022-02-24,Fog,12.6,3,1
3060,P011,2022-02-27,Cloudy,31.0,20,0
3061,P011,2022-03-02,Rain,8.7,7,1
3062,P011,2022-03-05,Rain,10.7,17,1
3063,P011,2022-03-08,Rain,13.7,12,1
3064,P011,2022-03-11,Thunderstorm,54.5,3,2
3065,P011,2022-03-14,Cloudy,24.2,7,0
3066,P011,2022-03-17,Cloudy,27.7,20,0
3067,P011,2022-03-20,Clear,28.5,9,0
3068,P011,2022-03-23,Clear,14.3,15,0
3069,P011,2022-03-26,Thunderstorm,79.5,1,2
3070,P011,2022-03-29,Clear,27.0,5,0
3071,P011,2022-04-01,Cloudy,27.5,10,0
3072,P011,2022-04-04,Clear,29.5,13,0
3073,P011,2022-04-07,Fog,19.3,3,1
3074,P011,2022-04-10,Clear,30.0,15,0
3075,P011,2022-04-13,Clear,25.7,18,0
3076,P011,2022-04-16,Cloudy,31.9,17,0
3077,P011,2022-04-19,Cloudy,7.8,5,0
3078,P011,2022-04-22,Fog,10.9,2,1
3079,P011,2022-04-25,Clear,7.6,7,0
3080,P011,2022-04-28,Rain,31.8,12,1
3081,P011,2022-05-01,Storm,40.1,4,3
3082,P011,2022-05-04,Cloudy,8.0,13,0
3083,P011,2022-05-07,Rain,19.1,5,1
3084,P011,2022-05-10,Clear,21.9,11,0
3085,P011,2022-05-13,Cloudy,21.4,14,0
3086,P011,2022-05-16,Cloudy,16.3,17,0
3087,P011,2022-05-19,Clear,23.2,5,0
3088,P011,2022-05-22,Cloudy,21.2,8,0
3089,P011,2022-05-25,Cloudy,34.9,20,0
3090,P011,2022-05-28,Rain,7.2,5,1
3091,P011,2022-05-31,Clear,22.7,10,0
3092,P011,2022-06-03,Clear,30.3,19,0
3093,P011,2022-06-06,Thunderstorm,41.2,5,2
3094,P011,2022-06-09,Clear,5.7,7,0
3095,P011,2022-06-12,Clear,31.4,16,0
3096,P011,2022-06-15,Cloudy,33.9,10,0
3097,P011,2022-06-18,Clear,14.1,7,0
3098,P011,2022-06-21,Cloudy,5.2,16,0
3099,P011,2022-06-24,Fog,19.1,2,1
3100,P011,2022-06-27,Clear,20.3,8,0
3101,P011,2022-06-30,Cloudy,18.7,7,0
3102,P011,2022-07-03,Rain,9.1,14,1
3103,P011,2022-07-06,Clear,10.5,7,0
3104,P011,2022-07-09,Clear,25.2,9,0
3105,P011,2022-07-12,Clear,23.3,17,0
3106,P011,2022-07-15,Fog,11.5,1,1
3107,P011,2022-07-18,Clear,23.1,20,0
3108,P011,2022-07-21,Clear,22.6,19,0
3109,P011,2022-07-24,Clear,26.2,13,0
3110,P011,2022-07-27,Rain,16.0,9,1
3111,P011,2022-07-30,Clear,21.6,14,0
3112,P011,2022-08-02,Clear,30.0,6,0
3113,P011,2022-08-05,Clear,28.4,9,0
3114,P011,2022-08-08,Clear,22.3,9,0
3115,P011,2022-08-11,Thunderstorm,58.4,1,2
3116,P011,2022-08-14,Rain,5.5,6,1
3117,P011,2022-08-17,Clear,17.0,15,0
3118,P011,2022-08-20,Cloudy,33.5,19,0
3119,P011,2022-08-23,Clear,29.8,13,0
3120,P011,2022-08-26,Thunderstorm,63.5,2,2
3121,P011,2022-08-29,Cloudy,32.6,15,0
3122,P011,2022-09-01,Thunderstorm,84.3,3,2
3123,P011,2022-09-04,Clear,7.7,10,0
3124,P011,2022-09-07,Clear,12.9,19,0
3125,P011,2022-09-10,Clear,9.1,18,0
3126,P011,2022-09-13,Clear,33.2,16,0
3127,P011,2022-09-16,Clear,7.0,16,0
3128,P011,2022-09-19,Fog,14.6,1,1
3129,P011,2022-09-22,Clear,22.2,5,0
3130,P011,2022-09-25,Cloudy,30.3,8,0
3131,P011,2022-09-28,Storm,72.8,3,3
3132,P011,2022-10-01,Clear,7.4,6,0
3133,P011,2022-10-04,Rain,11.8,19,1
3134,P011,2022-10-07,Clear,22.1,11,0
3135,P011,2022-10-10,Clear,18.9,18,0
3136,P011,2022-10-13,Cloudy,25.4,5,0
3137,P011,2022-10-16,Fog,8.8,3,1
3138,P011,2022-10-19,Rain,24.6,14,1
3139,P011,2022-10-22,Cloudy,14.8,14,0
3140,P011,2022-10-25,Clear,24.4,19,0
3141,P011,2022-10-28,Cloudy,21.7,11,0
3142,P011,2022-10-31,Thunderstorm,60.6,2,2
3143,P011,2022-11-03,Cloudy,13.4,20,0
3144,P011,2022-11-06,Rain,17.4,7,1
3145,P011,2022-11-09,Fog,16.9,3,1
3146,P011,2022-11-12,Fog,19.7,1,1
3147,P011,2022-11-15,Rain,29.3,7,1
3148,P011,2022-11-18,Clear,28.1,7,0
3149,P011,2022-11-21,Clear,15.0,9,0
3150,P011,2022-11-24,Clear,21.8,17,0
3151,P011,2022-11-27,Clear,10.5,19,0
3152,P011,2022-11-30,Thunderstorm,50.7,3,2
3153,P011,2022-12-03,Cloudy,20.7,12,0
3154,P011,2022-12-06,Clear,32.6,18,0
3155,P011,2022-12-09,Cloudy,17.2,13,0
3156,P011,2022-12-12,Storm,61.8,4,3
3157,P011,2022-12-15,Cloudy,22.6,12,0
3158,P011,2022-12-18,Storm,89.8,3,3
3159,P011,2022-12-21,Fog,12.6,3,1
3160,P011,2022-12-24,Clear,10.3,12,0
3161,P011,2022-12-27,Clear,34.4,14,0
3162,P011,2022-12-30,Cloudy,9.1,6,0
3163,P011,2023-01-02,Clear,6.6,19,0
3164,P011,2023-01-05,Fog,15.6,2,1
3165,P011,2023-01-08,Clear,23.6,16,0
3166,P011,2023-01-11,Clear,33.8,10,0
3167,P011,2023-01-14,Clear,10.5,5,0
3168,P011,2023-01-17,Cloudy,21.2,15,0
3169,P011,2023-01-20,Fog,9.9,1,1
3170,P011,2023-01-23,Cloudy,26.0,5,0
3171,P011,2023-01-26,Rain,23.0,12,1
3172,P011,2023-01-29,Clear,7.5,8,0
3173,P011,2023-02-01,Cloudy,20.2,17,0
3174,P011,2023-02-04,Clear,34.6,5,0
3175,P011,2023-02-07,Clear,29.2,19,0
3176,P011,2023-02-10,Rain,6.6,10,1
3177,P011,2023-02-13,Clear,5.7,16,0
3178,P011,2023-02-16,Fog,9.7,2,1
3179,P011,2023-02-19,Rain,7.5,10,1
3180,P011,2023-02-22,Storm,84.6,2,3
3181,P011,2023-02-25,Clear,32.0,16,0
3182,P011,2023-02-28,Thunderstorm,43.0,2,2
3183,P011,2023-03-03,Thunderstorm,78.0,1,2
3184,P011,2023-03-06,Clear,8.3,11,0
3185,P011,2023-03-09,Thunderstorm,86.5,3,2
3186,P011,2023-03-12,Storm,72.7,5,3
3187,P011,2023-03-15,Clear,24.0,15,0
3188,P011,2023-03-18,Clear,13.5,20,0
3189,P011,2023-03-21,Clear,18.3,11,0
3190,P011,2023-03-24,Thunderstorm,63.2,5,2
3191,P011,2023-03-27,Clear,15.6,16,0
3192,P011,2023-03-30,Cloudy,32.4,7,0
3193,P011,2023-04-02,Clear,34.5,14,0
3194,P011,2023-04-05,Fog,14.3,2,1
3195,P011,2023-04-08,Rain,5.4,8,1
3196,P011,2023-04-11,Clear,15.4,6,0
3197,P011,2023-04-14,Thunderstorm,61.4,5,2
3198,P011,2023-04-17,Cloudy,34.2,14,0
3199,P011,2023-04-20,Clear,21.3,8,0
3200,P011,2023-04-23,Fog,19.9,2,1
3201,P011,2023-04-26,Thunderstorm,70.8,2,2
3202,P011,2023-04-29,Fog,10.4,1,1
3203,P011,2023-05-02,Fog,15.3,2,1
3204,P011,2023-05-05,Clear,15.8,7,0
3205,P011,2023-05-08,Clear,17.2,20,0
3206,P011,2023-05-11,Cloudy,22.3,5,0
3207,P011,2023-05-14,Clear,17.9,6,0
3208,P011,2023-05-17,Clear,16.6,19,0
3209,P011,2023-05-20,Cloudy,6.3,12,0
3210,P011,2023-05-23,Storm,65.0,2,3
3211,P011,2023-05-26,Rain,33.7,11,1
3212,P011,2023-05-29,Cloudy,13.7,16,0
3213,P011,2023-06-01,Thunderstorm,41.0,4,2
3214,P011,2023-06-04,Cloudy,16.3,10,0
3215,P011,2023-06-07,Clear,5.2,10,0
3216,P011,2023-06-10,Cloudy,29.9,7,0
3217,P011,2023-06-13,Cloudy,34.6,15,0
3218,P011,2023-06-16,Clear,32.0,10,0
3219,P011,2023-06-19,Clear,18.8,13,0
3220,P011,2023-06-22,Clear,6.8,10,0
3221,P011,2023-06-25,Rain,22.2,9,1
3222,P011,2023-06-28,Clear,11.6,15,0
3223,P011,2023-07-01,Thunderstorm,43.5,1,2
3224,P011,2023-07-04,Cloudy,24.3,18,0
3225,P011,2023-07-07,Thunderstorm,42.3,2,2
3226,P011,2023-07-10,Clear,27.9,18,0
3227,P011,2023-07-13,Cloudy,12.3,9,0
3228,P011,2023-07-16,Thunderstorm,45.8,4,2
3229,P011,2023-07-19,Clear,11.6,9,0
3230,P011,2023-07-22,Cloudy,5.2,15,0
3231,P011,2023-07-25,Fog,18.9,2,1
3232,P011,2023-07-28,Clear,31.3,19,0
3233,P011,2023-07-31,Clear,22.0,10,0
3234,P011,2023-08-03,Clear,22.8,18,0
3235,P011,2023-08-06,Clear,16.9,12,0
3236,P011,2023-08-09,Fog,8.6,3,1
3237,P011,2023-08-12,Rain,10.4,5,1
3238,P011,2023-08-15,Thunderstorm,47.1,3,2
3239,P011,2023-08-18,Clear,10.6,13,0
3240,P011,2023-08-21,Cloudy,18.9,5,0
3241,P011,2023-08-24,Rain,8.8,19,1
3242,P011,2023-08-27,Clear,29.0,10,0
3243,P011,2023-08-30,Clear,27.6,5,0
3244,P011,2023-09-02,Clear,17.9,10,0
3245,P011,2023-09-05,Clear,28.9,10,0
3246,P011,2023-09-08,Clear,32.2,8,0
3247,P011,2023-09-11,Cloudy,32.3,5,0
3248,P011,2023-09-14,Rain,22.0,18,1
3249,P011,2023-09-17,Clear,8.4,18,0
3250,P011,2023-09-20,Clear,16.1,7,0
3251,P011,2023-09-23,Rain,31.4,19,1
3252,P011,2023-09-26,Rain,19.1,8,1
3253,P011,2023-09-29,Clear,20.5,6,0
3254,P011,2023-10-02,Rain,28.2,12,1
3255,P011,2023-10-05,Cloudy,28.0,11,0
3256,P011,2023-10-08,Clear,34.4,9,0
3257,P011,2023-10-11,Cloudy,22.5,10,0
3258,P011,2023-10-14,Rain,13.3,14,1
3259,P011,2023-10-17,Thunderstorm,72.9,5,2
3260,P011,2023-10-20,Clear,26.7,20,0
3261,P011,2023-10-23,Clear,6.6,11,0
3262,P011,2023-10-26,Cloudy,21.1,12,0
3263,P011,2023-10-29,Clear,33.4,6,0
3264,P011,2023-11-01,Clear,13.3,20,0
3265,P011,2023-11-04,Storm,72.7,2,3
3266,P011,2023-11-07,Fog,17.9,3,1
3267,P011,2023-11-10,Clear,17.6,16,0
3268,P011,2023-11-13,Cloudy,26.3,5,0
3269,P011,2023-11-16,Rain,27.1,5,1
3270,P011,2023-11-19,Clear,24.0,6,0
3271,P011,2023-11-22,Clear,26.4,9,0
3272,P011,2023-11-25,Clear,8.9,19,0
3273,P011,2023-11-28,Cloudy,30.5,9,0
3274,P011,2023-12-01,Rain,8.1,16,1
3275,P011,2023-12-04,Rain,6.2,9,1
3276,P011,2023-12-07,Cloudy,17.5,6,0
3277,P011,2023-12-10,Cloudy,16.9,5,0
3278,P011,2023-12-13,Rain,29.7,16,1
3279,P011,2023-12-16,Rain,22.8,19,1
3280,P011,2023-12-19,Cloudy,15.7,8,0
3281,P011,2023-12-22,Cloudy,11.7,7,0
3282,P011,2023-12-25,Rain,24.6,7,1
3283,P011,2023-12-28,Cloudy,31.5,7,0
3284,P011,2023-12-31,Cloudy,16.3,6,0
3285,P011,2024-01-03,Thunderstorm,48.0,5,2
3286,P011,2024-01-06,Clear,33.3,5,0
3287,P011,2024-01-09,Clear,30.3,13,0
3288,P011,2024-01-12,Clear,16.6,10,0
3289,P011,2024-01-15,Clear,7.4,11,0
3290,P011,2024-01-18,Fog,11.3,1,1
3291,P011,2024-01-21,Cloudy,16.0,16,0
3292,P011,2024-01-24,Storm,60.9,4,3
3293,P011,2024-01-27,Cloudy,27.6,6,0
3294,P011,2024-01-30,Clear,26.0,9,0
3295,P011,2024-02-02,Clear,20.4,17,0
3296,P011,2024-02-05,Clear,6.8,14,0
3297,P011,2024-02-08,Rain,28.5,14,1
3298,P011,2024-02-11,Rain,18.2,18,1
3299,P011,2024-02-14,Clear,10.9,14,0
3300,P011,2024-02-17,Cloudy,10.7,12,0
3301,P011,2024-02-20,Cloudy,15.3,14,0
3302,P011,2024-02-23,Cloudy,16.3,19,0
3303,P011,2024-02-26,Clear,30.4,17,0
3304,P011,2024-02-29,Clear,31.5,8,0
3305,P011,2024-03-03,Clear,34.1,13,0
3306,P011,2024-03-06,Clear,17.3,9,0
3307,P011,2024-03-09,Fog,16.1,3,1
3308,P011,2024-03-12,Cloudy,14.6,9,0
3309,P011,2024-03-15,Clear,20.4,6,0
3310,P011,2024-03-18,Cloudy,19.8,8,0
3311,P011,2024-03-21,Rain,32.9,9,1
3312,P011,2024-03-24,Cloudy,26.7,7,0
3313,P011,2024-03-27,Rain,22.1,17,1
3314,P011,2024-03-30,Clear,11.0,15,0
3315,P011,2024-04-02,Rain,31.6,14,1
3316,P011,2024-04-05,Fog,19.6,1,1
3317,P011,2024-04-08,Thunderstorm,73.3,3,2
3318,P011,2024-04-11,Cloudy,11.7,13,0
3319,P011,2024-04-14,Fog,19.2,1,1
3320,P011,2024-04-17,Rain,12.2,7,1
3321,P011,2024-04-20,Rain,16.0,20,1
3322,P011,2024-04-23,Cloudy,16.2,13,0
3323,P011,2024-04-26,Clear,19.0,17,0
3324,P011,2024-04-29,Fog,13.5,2,1
3325,P011,2024-05-02,Cloudy,28.9,17,0
3326,P011,2024-05-05,Cloudy,31.8,13,0
3327,P011,2024-05-08,Rain,33.3,15,1
3328,P011,2024-05-11,Fog,10.4,1,1
3329,P011,2024-05-14,Cloudy,21.9,13,0
3330,P011,2024-05-17,Clear,32.9,17,0
3331,P011,2024-05-20,Storm,43.2,2,3
3332,P011,2024-05-23,Fog,6.9,1,1
3333,P011,2024-05-26,Clear,16.1,5,0
3334,P011,2024-05-29,Cloudy,32.8,14,0
3335,P011,2024-06-01,Cloudy,29.4,10,0
3336,P011,2024-06-04,Rain,22.9,15,1
3337,P011,2024-06-07,Rain,16.1,17,1
3338,P011,2024-06-10,Clear,30.3,10,0
3339,P011,2024-06-13,Clear,32.7,5,0
3340,P011,2024-06-16,Cloudy,34.4,9,0
3341,P011,2024-06-19,Clear,28.3,8,0
3342,P011,2024-06-22,Clear,16.5,14,0
3343,P011,2024-06-25,Clear,25.0,13,0
3344,P011,2024-06-28,Rain,22.5,12,1
3345,P012,2022-01-01,Rain,9.7,18,1
3346,P012,2022-01-04,Rain,14.0,15,1
3347,P012,2022-01-07,Thunderstorm,50.7,1,2
3348,P012,2022-01-10,Cloudy,17.4,19,0
3349,P012,2022-01-13,Clear,33.8,5,0
3350,P012,2022-01-16,Clear,24.4,8,0
3351,P012,2022-01-19,Cloudy,20.9,16,0
3352,P012,2022-01-22,Fog,7.1,1,1
3353,P012,2022-01-25,Clear,26.9,19,0
3354,P012,2022-01-28,Clear,33.0,13,0
3355,P012,2022-01-31,Clear,11.3,13,0
3356,P012,2022-02-03,Rain,10.3,19,1
3357,P012,2022-02-06,Clear,30.3,20,0
3358,P012,2022-02-09,Clear,19.9,10,0
3359,P012,2022-02-12,Thunderstorm,86.7,1,2
3360,P012,2022-02-15,Rain,17.3,15,1
3361,P012,2022-02-18,Thunderstorm,81.0,2,2
3362,P012,2022-02-21,Fog,11.9,1,1
3363,P012,2022-02-24,Cloudy,17.0,15,0
3364,P012,2022-02-27,Cloudy,10.8,5,0
3365,P012,2022-03-02,Clear,32.3,6,0
3366,P012,2022-03-05,Fog,14.4,2,1
3367,P012,2022-03-08,Rain,29.4,7,1
3368,P012,2022-03-11,Clear,33.1,15,0
3369,P012,2022-03-14,Cloudy,24.7,6,0
3370,P012,2022-03-17,Clear,32.6,20,0
3371,P012,2022-03-20,Thunderstorm,48.9,2,2
3372,P012,2022-03-23,Clear,10.6,19,0
3373,P012,2022-03-26,Rain,33.4,8,1
3374,P012,2022-03-29,Cloudy,23.1,12,0
3375,P012,2022-04-01,Storm,74.6,1,3
3376,P012,2022-04-04,Rain,11.5,17,1
3377,P012,2022-04-07,Cloudy,23.8,7,0
3378,P012,2022-04-10,Cloudy,9.9,6,0
3379,P012,2022-04-13,Clear,10.9,16,0
3380,P012,2022-04-16,Clear,9.6,17,0
3381,P012,2022-04-19,Clear,26.6,10,0
3382,P012,2022-04-22,Cloudy,23.9,20,0
3383,P012,2022-04-25,Rain,15.3,16,1
3384,P012,2022-04-28,Storm,57.6,2,3
3385,P012,2022-05-01,Fog,7.2,1,1
3386,P012,2022-05-04,Cloudy,28.1,19,0
3387,P012,2022-05-07,Clear,23.5,10,0
3388,P012,2022-05-10,Clear,15.9,20,0
3389,P012,2022-05-13,Rain,29.8,12,1
3390,P012,2022-05-16,Rain,11.8,12,1
3391,P012,2022-05-19,Cloudy,7.6,16,0
3392,P012,2022-05-22,Storm,63.5,1,3
3393,P012,2022-05-25,Fog,13.3,2,1
3394,P012,2022-05-28,Clear,10.6,20,0
3395,P012,2022-05-31,Rain,8.6,10,1
3396,P012,2022-06-03,Rain,11.0,6,1
3397,P012,2022-06-06,Clear,19.7,9,0
3398,P012,2022-06-09,Clear,15.6,12,0
3399,P012,2022-06-12,Thunderstorm,67.9,5,2
3400,P012,2022-06-15,Cloudy,10.5,7,0
3401,P012,2022-06-18,Storm,64.6,4,3
3402,P012,2022-06-21,Fog,16.4,3,1
3403,P012,2022-06-24,Thunderstorm,79.0,4,2
3404,P012,2022-06-27,Clear,18.3,13,0
3405,P012,2022-06-30,Clear,11.3,11,0
3406,P012,2022-07-03,Storm,89.1,2,3
3407,P012,2022-07-06,Fog,18.8,3,1
3408,P012,2022-07-09,Clear,8.2,14,0
3409,P012,2022-07-12,Clear,9.6,9,0
3410,P012,2022-07-15,Rain,25.0,10,1
3411,P012,2022-07-18,Clear,33.8,17,0
3412,P012,2022-07-21,Clear,10.5,15,0
3413,P012,2022-07-24,Clear,24.7,17,0
3414,P012,2022-07-27,Clear,31.9,20,0
3415,P012,2022-07-30,Thunderstorm,52.2,1,2
3416,P012,2022-08-02,Cloudy,13.1,20,0
3417,P012,2022-08-05,Clear,29.8,5,0
3418,P012,2022-08-08,Cloudy,14.5,14,0
3419,P012,2022-08-11,Rain,24.6,15,1
3420,P012,2022-08-14,Clear,31.7,7,0
3421,P012,2022-08-17,Clear,16.6,17,0
3422,P012,2022-08-20,Rain,20.3,14,1
3423,P012,2022-08-23,Rain,11.9,20,1
3424,P012,2022-08-26,Rain,16.6,15,1
3425,P012,2022-08-29,Rain,28.7,6,1
3426,P012,2022-09-01,Clear,12.5,7,0
3427,P012,2022-09-04,Rain,33.1,7,1
3428,P012,2022-09-07,Clear,17.8,13,0
3429,P012,2022-09-10,Clear,22.0,15,0
3430,P012,2022-09-13,Clear,13.1,7,0
3431,P012,2022-09-16,Cloudy,16.3,11,0
3432,P012,2022-09-19,Cloudy,18.5,20,0
3433,P012,2022-09-22,Clear,10.5,20,0
3434,P012,2022-09-25,Rain,29.3,5,1
3435,P012,2022-09-28,Clear,18.0,10,0
3436,P012,2022-10-01,Rain,7.1,20,1
3437,P012,2022-10-04,Clear,26.9,7,0
3438,P012,2022-10-07,Clear,7.2,11,0
3439,P012,2022-10-10,Cloudy,27.6,18,0
3440,P012,2022-10-13,Fog,14.3,2,1
3441,P012,2022-10-16,Cloudy,24.4,17,0
3442,P012,2022-10-19,Clear,33.6,20,0
3443,P012,2022-10-22,Clear,9.9,20,0
3444,P012,2022-10-25,Thunderstorm,51.6,5,2
3445,P012,2022-10-28,Storm,49.3,4,3
3446,P012,2022-10-31,Rain,25.2,5,1
3447,P012,2022-11-03,Cloudy,15.2,20,0
3448,P012,2022-11-06,Cloudy,17.6,12,0
3449,P012,2022-11-09,Thunderstorm,86.8,5,2
3450,P012,2022-11-12,Fog,15.5,2,1
3451,P012,2022-11-15,Clear,23.1,17,0
3452,P012,2022-11-18,Clear,10.7,15,0
3453,P012,2022-11-21,Clear,8.7,6,0
3454,P012,2022-11-24,Clear,22.6,16,0
3455,P012,2022-11-27,Thunderstorm,78.7,4,2
3456,P012,2022-11-30,Rain,13.2,14,1
3457,P012,2022-12-03,Cloudy,18.7,14,0
3458,P012,2022-12-06,Cloudy,26.3,5,0
3459,P012,2022-12-09,Clear,34.0,19,0
3460,P012,2022-12-12,Clear,14.3,18,0
3461,P012,2022-12-15,Cloudy,13.9,19,0
3462,P012,2022-12-18,Cloudy,32.7,7,0
3463,P012,2022-12-21,Cloudy,11.0,16,0
3464,P012,2022-12-24,Cloudy,34.7,13,0
3465,P012,2022-12-27,Thunderstorm,41.7,4,2
3466,P012,2022-12-30,Clear,14.4,12,0
3467,P012,2023-01-02,Cloudy,6.1,17,0
3468,P012,2023-01-05,Storm,68.3,5,3
3469,P012,2023-01-08,Clear,18.9,7,0
3470,P012,2023-01-11,Clear,24.0,16,0
3471,P012,2023-01-14,Clear,25.9,12,0
3472,P012,2023-01-17,Clear,6.5,16,0
3473,P012,2023-01-20,Cloudy,26.6,10,0
3474,P012,2023-01-23,Clear,8.3,10,0
3475,P012,2023-01-26,Cloudy,25.2,18,0
3476,P012,2023-01-29,Clear,34.6,15,0
3477,P012,2023-02-01,Cloudy,32.5,15,0
3478,P012,2023-02-04,Cloudy,15.5,14,0
3479,P012,2023-02-07,Cloudy,18.0,14,0
3480,P012,2023-02-10,Storm,77.7,3,3
3481,P012,2023-02-13,Rain,14.2,13,1
3482,P012,2023-02-16,Rain,28.8,14,1
3483,P012,2023-02-19,Cloudy,16.9,12,0
3484,P012,2023-02-22,Rain,12.3,13,1
3485,P012,2023-02-25,Clear,18.5,12,0
3486,P012,2023-02-28,Cloudy,13.1,18,0
3487,P012,2023-03-03,Clear,20.8,10,0
3488,P012,2023-03-06,Clear,6.4,15,0
3489,P012,2023-03-09,Cloudy,8.8,20,0
3490,P012,2023-03-12,Rain,11.6,13,1
3491,P012,2023-03-15,Clear,9.7,5,0
3492,P012,2023-03-18,Storm,78.0,4,3
3493,P012,2023-03-21,Clear,25.7,8,0
3494,P012,2023-03-24,Thunderstorm,78.1,4,2
3495,P012,2023-03-27,Clear,32.0,16,0
3496,P012,2023-03-30,Clear,23.9,18,0
3497,P012,2023-04-02,Clear,19.2,9,0
3498,P012,2023-04-05,Thunderstorm,46.3,2,2
3499,P012,2023-04-08,Clear,14.1,18,0
3500,P012,2023-04-11,Thunderstorm,59.1,1,2
3501,P012,2023-04-14,Clear,23.3,6,0
3502,P012,2023-04-17,Rain,9.2,16,1
3503,P012,2023-04-20,Clear,28.4,11,0
3504,P012,2023-04-23,Rain,18.8,17,1
3505,P012,2023-04-26,Thunderstorm,66.4,5,2
3506,P012,2023-04-29,Clear,14.9,15,0
3507,P012,2023-05-02,Cloudy,30.2,5,0
3508,P012,2023-05-05,Cloudy,17.9,7,0
3509,P012,2023-05-08,Fog,14.1,1,1
3510,P012,2023-05-11,Clear,15.8,14,0
3511,P012,2023-05-14,Clear,25.9,17,0
3512,P012,2023-05-17,Clear,7.5,12,0
3513,P012,2023-05-20,Fog,13.3,1,1
3514,P012,2023-05-23,Thunderstorm,54.8,2,2
3515,P012,2023-05-26,Clear,17.2,9,0
3516,P012,2023-05-29,Clear,12.5,14,0
3517,P012,2023-06-01,Cloudy,10.5,18,0
3518,P012,2023-06-04,Clear,8.2,14,0
3519,P012,2023-06-07,Clear,18.5,18,0
3520,P012,2023-06-10,Cloudy,25.8,17,0
3521,P012,2023-06-13,Rain,21.2,5,1
3522,P012,2023-06-16,Clear,28.7,15,0
3523,P012,2023-06-19,Rain,31.9,13,1
3524,P012,2023-06-22,Clear,22.5,6,0
3525,P012,2023-06-25,Clear,29.1,7,0
3526,P012,2023-06-28,Cloudy,34.2,19,0
3527,P012,2023-07-01,Thunderstorm,43.2,3,2
3528,P012,2023-07-04,Clear,6.1,11,0
3529,P012,2023-07-07,Thunderstorm,42.9,2,2
3530,P012,2023-07-10,Cloudy,28.7,16,0
3531,P012,2023-07-13,Fog,7.5,3,1
3532,P012,2023-07-16,Cloudy,13.4,17,0
3533,P012,2023-07-19,Clear,18.5,15,0
3534,P012,2023-07-22,Rain,27.6,10,1
3535,P012,2023-07-25,Clear,9.0,9,0
3536,P012,2023-07-28,Cloudy,12.0,9,0
3537,P012,2023-07-31,Clear,14.9,8,0
3538,P012,2023-08-03,Clear,31.3,12,0
3539,P012,2023-08-06,Clear,10.9,18,0
3540,P012,2023-08-09,Cloudy,7.0,8,0
3541,P012,2023-08-12,Rain,17.8,19,1
3542,P012,2023-08-15,Clear,29.5,19,0
3543,P012,2023-08-18,Thunderstorm,47.1,4,2
3544,P012,2023-08-21,Cloudy,15.4,15,0
3545,P012,2023-08-24,Clear,27.5,10,0
3546,P012,2023-08-27,Clear,16.1,6,0
3547,P012,2023-08-30,Clear,32.1,12,0
3548,P012,2023-09-02,Rain,21.7,13,1
3549,P012,2023-09-05,Rain,10.1,5,1
3550,P012,2023-09-08,Clear,26.5,9,0
3551,P012,2023-09-11,Clear,21.2,19,0
3552,P012,2023-09-14,Clear,34.2,5,0
3553,P012,2023-09-17,Clear,26.5,10,0
3554,P012,2023-09-20,Rain,9.0,6,1
3555,P012,2023-09-23,Thunderstorm,42.9,4,2
3556,P012,2023-09-26,Fog,8.9,3,1
3557,P012,2023-09-29,Cloudy,28.3,8,0
3558,P012,2023-10-02,Thunderstorm,63.8,4,2
3559,P012,2023-10-05,Clear,12.8,8,0
3560,P012,2023-10-08,Cloudy,30.0,10,0
3561,P012,2023-10-11,Fog,5.8,2,1
3562,P012,2023-10-14,Cloudy,11.8,19,0
3563,P012,2023-10-17,Clear,25.3,9,0
3564,P012,2023-10-20,Clear,31.2,7,0
3565,P012,2023-10-23,Clear,14.5,6,0
3566,P012,2023-10-26,Rain,22.5,15,1
3567,P012,2023-10-29,Clear,27.7,14,0
3568,P012,2023-11-01,Rain,32.4,9,1
3569,P012,2023-11-04,Fog,12.3,3,1
3570,P012,2023-11-07,Clear,22.2,7,0
3571,P012,2023-11-10,Rain,8.0,7,1
3572,P012,2023-11-13,Clear,6.4,19,0
3573,P012,2023-11-16,Storm,42.1,3,3
3574,P012,2023-11-19,Storm,67.6,5,3
3575,P012,2023-11-22,Clear,32.5,7,0
3576,P012,2023-11-25,Cloudy,6.5,20,0
3577,P012,2023-11-28,Clear,6.1,12,0
3578,P012,2023-12-01,Cloudy,15.6,13,0
3579,P012,2023-12-04,Rain,10.3,15,1
3580,P012,2023-12-07,Rain,31.9,8,1
3581,P012,2023-12-10,Cloudy,10.2,9,0
3582,P012,2023-12-13,Fog,19.2,3,1
3583,P012,2023-12-16,Clear,11.6,19,0
3584,P012,2023-12-19,Clear,5.6,14,0
3585,P012,2023-12-22,Clear,8.4,10,0
3586,P012,2023-12-25,Clear,14.6,13,0
3587,P012,2023-12-28,Cloudy,24.4,11,0
3588,P012,2023-12-31,Fog,16.1,1,1
3589,P012,2024-01-03,Rain,29.5,11,1
3590,P012,2024-01-06,Storm,54.7,4,3
3591,P012,2024-01-09,Thunderstorm,81.7,3,2
3592,P012,2024-01-12,Cloudy,20.6,15,0
3593,P012,2024-01-15,Clear,18.9,10,0
3594,P012,2024-01-18,Clear,16.2,17,0
3595,P012,2024-01-21,Rain,25.5,7,1
3596,P012,2024-01-24,Cloudy,31.2,11,0
3597,P012,2024-01-27,Rain,18.4,13,1
3598,P012,2024-01-30,Cloudy,32.1,17,0
3599,P012,2024-02-02,Cloudy,24.7,10,0
3600,P012,2024-02-05,Fog,14.0,2,1
3601,P012,2024-02-08,Cloudy,13.0,19,0
3602,P012,2024-02-11,Fog,12.1,1,1
3603,P012,2024-02-14,Clear,15.8,9,0
3604,P012,2024-02-17,Clear,7.4,17,0
3605,P012,2024-02-20,Clear,7.5,9,0
3606,P012,2024-02-23,Clear,16.1,10,0
3607,P012,2024-02-26,Clear,13.6,7,0
3608,P012,2024-02-29,Clear,30.9,18,0
3609,P012,2024-03-03,Clear,9.5,15,0
3610,P012,2024-03-06,Clear,24.9,17,0
3611,P012,2024-03-09,Clear,12.3,9,0
3612,P012,2024-03-12,Cloudy,10.2,14,0
3613,P012,2024-03-15,Rain,33.6,6,1
3614,P012,2024-03-18,Cloudy,7.3,13,0
3615,P012,2024-03-21,Cloudy,5.8,15,0
3616,P012,2024-03-24,Clear,11.1,8,0
3617,P012,2024-03-27,Clear,21.1,6,0
3618,P012,2024-03-30,Clear,22.2,12,0
3619,P012,2024-04-02,Rain,9.7,7,1
3620,P012,2024-04-05,Clear,9.6,10,0
3621,P012,2024-04-08,Rain,16.2,14,1
3622,P012,2024-04-11,Cloudy,32.4,8,0
3623,P012,2024-04-14,Rain,21.1,18,1
3624,P012,2024-04-17,Cloudy,21.1,17,0
3625,P012,2024-04-20,Clear,5.3,8,0
3626,P012,2024-04-23,Cloudy,12.9,6,0
3627,P012,2024-04-26,Clear,34.7,9,0
3628,P012,2024-04-29,Thunderstorm,73.7,1,2
3629,P012,2024-05-02,Rain,10.3,20,1
3630,P012,2024-05-05,Cloudy,20.7,12,0
3631,P012,2024-05-08,Thunderstorm,66.0,4,2
3632,P012,2024-05-11,Cloudy,13.5,17,0
3633,P012,2024-05-14,Rain,28.3,8,1
3634,P012,2024-05-17,Cloudy,26.7,11,0
3635,P012,2024-05-20,Clear,10.4,9,0
3636,P012,2024-05-23,Rain,18.1,9,1
3637,P012,2024-05-26,Clear,10.8,5,0
3638,P012,2024-05-29,Clear,6.9,14,0
3639,P012,2024-06-01,Clear,12.6,11,0
3640,P012,2024-06-04,Rain,8.4,20,1
3641,P012,2024-06-07,Fog,18.8,3,1
3642,P012,2024-06-10,Rain,26.0,8,1
3643,P012,2024-06-13,Clear,30.9,19,0
3644,P012,2024-06-16,Clear,27.8,13,0
3645,P012,2024-06-19,Cloudy,20.8,10,0
3646,P012,2024-06-22,Cloudy,11.0,5,0
3647,P012,2024-06-25,Clear,31.3,18,0
3648,P012,2024-06-28,Cloudy,27.1,10,0
