weather_id,port_id,weather_date,condition,wind_speed_kmh,visibility_km
1,P001,2022-01-01,Rain,30.4,11
2,P001,2022-01-04,Rain,34.9,13
3,P001,2022-01-07,Clear,14.0,16
4,P001,2022-01-10,Rain,17.1,17
5,P001,2022-01-13,Rain,27.7,5
6,P001,2022-01-16,Cloudy,20.4,9
7,P001,2022-01-19,Thunderstorm,51.4,2
8,P001,2022-01-22,Cloudy,20.5,19
9,P001,2022-01-25,Rain,18.8,7
10,P001,2022-01-28,Clear,10.6,18
11,P001,2022-01-31,Clear,18.5,5
12,P001,2022-02-03,Clear,22.3,9
13,P001,2022-02-06,Clear,27.1,20
14,P001,2022-02-09,Rain,30.0,15
15,P001,2022-02-12,Clear,17.8,17
16,P001,2022-02-15,Rain,25.7,14
17,P001,2022-02-18,Clear,5.7,6
18,P001,2022-02-21,Fog,7.3,2
19,P001,2022-02-24,Cloudy,29.0,17
20,P001,2022-02-27,Storm,50.2,4
21,P001,2022-03-02,Clear,16.6,20
22,P001,2022-03-05,Clear,22.1,19
23,P001,2022-03-08,Cloudy,14.1,10
24,P001,2022-03-11,Clear,21.6,6
25,P001,2022-03-14,Rain,23.1,5
26,P001,2022-03-17,Clear,7.1,17
27,P001,2022-03-20,Clear,12.0,7
28,P001,2022-03-23,Cloudy,16.1,5
29,P001,2022-03-26,Clear,30.8,18
30,P001,2022-03-29,Clear,34.7,9
31,P001,2022-04-01,Cloudy,19.3,7
32,P001,2022-04-04,Clear,32.1,11
33,P001,2022-04-07,Clear,11.2,18
34,P001,2022-04-10,Rain,24.9,10
35,P001,2022-04-13,Cloudy,33.2,11
36,P001,2022-04-16,Cloudy,25.5,13
37,P001,2022-04-19,Clear,34.7,19
38,P001,2022-04-22,Clear,17.0,12
39,P001,2022-04-25,Cloudy,32.3,20
40,P001,2022-04-28,Cloudy,22.3,7
41,P001,2022-05-01,Clear,31.4,19
42,P001,2022-05-04,Clear,30.3,14
43,P001,2022-05-07,Clear,29.7,10
44,P001,2022-05-10,Cloudy,10.4,18
45,P001,2022-05-13,Cloudy,32.3,10
46,P001,2022-05-16,Rain,7.9,6
47,P001,2022-05-19,Clear,31.1,13
48,P001,2022-05-22,Thunderstorm,66.9,1
49,P001,2022-05-25,Rain,26.7,11
50,P001,2022-05-28,Fog,11.2,3
51,P001,2022-05-31,Clear,16.1,8
52,P001,2022-06-03,Cloudy,28.4,18
53,P001,2022-06-06,Cloudy,12.6,6
54,P001,2022-06-09,Cloudy,7.2,19
55,P001,2022-06-12,Clear,27.4,11
56,P001,2022-06-15,Clear,5.3,8
57,P001,2022-06-18,Rain,9.1,19
58,P001,2022-06-21,Cloudy,7.0,12
59,P001,2022-06-24,Rain,18.1,20
60,P001,2022-06-27,Rain,30.2,10
61,P001,2022-06-30,Thunderstorm,70.3,2
62,P001,2022-07-03,Clear,21.0,17
63,P001,2022-07-06,Clear,25.1,5
64,P001,2022-07-09,Rain,9.6,16
65,P001,2022-07-12,Clear,26.4,11
66,P001,2022-07-15,Cloudy,6.4,8
67,P001,2022-07-18,Clear,14.2,6
68,P001,2022-07-21,Cloudy,6.5,17
69,P001,2022-07-24,Rain,32.9,16
70,P001,2022-07-27,Fog,8.0,1
71,P001,2022-07-30,Cloudy,34.7,15
72,P001,2022-08-02,Rain,25.4,7
73,P001,2022-08-05,Clear,31.5,10
74,P001,2022-08-08,Rain,6.3,8
75,P001,2022-08-11,Rain,14.7,11
76,P001,2022-08-14,Cloudy,33.0,17
77,P001,2022-08-17,Fog,6.8,1
78,P001,2022-08-20,Clear,14.7,5
79,P001,2022-08-23,Cloudy,14.5,17
80,P001,2022-08-26,Clear,11.6,13
81,P001,2022-08-29,Cloudy,16.1,7
82,P001,2022-09-01,Thunderstorm,60.6,5
83,P001,2022-09-04,Cloudy,34.7,10
84,P001,2022-09-07,Clear,7.8,15
85,P001,2022-09-10,Storm,74.8,2
86,P001,2022-09-13,Clear,24.1,15
87,P001,2022-09-16,Storm,73.3,1
88,P001,2022-09-19,Clear,23.3,19
89,P001,2022-09-22,Clear,24.2,12
90,P001,2022-09-25,Cloudy,26.1,5
91,P001,2022-09-28,Clear,23.5,8
92,P001,2022-10-01,Clear,27.1,12
93,P001,2022-10-04,Cloudy,6.8,16
94,P001,2022-10-07,Cloudy,11.1,17
95,P001,2022-10-10,Clear,6.1,19
96,P001,2022-10-13,Rain,14.9,13
97,P001,2022-10-16,Clear,28.6,6
98,P001,2022-10-19,Cloudy,34.3,14
99,P001,2022-10-22,Rain,11.9,15
100,P001,2022-10-25,Clear,11.2,6
101,P001,2022-10-28,Fog,15.0,1
102,P001,2022-10-31,Rain,25.9,12
103,P001,2022-11-03,Cloudy,16.4,15
104,P001,2022-11-06,Clear,23.9,7
105,P001,2022-11-09,Thunderstorm,43.5,2
106,P001,2022-11-12,Clear,34.8,11
107,P001,2022-11-15,Clear,10.2,11
108,P001,2022-11-18,Clear,7.3,19
109,P001,2022-11-21,Clear,26.7,12
110,P001,2022-11-24,Cloudy,23.2,14
111,P001,2022-11-27,Clear,18.4,11
112,P001,2022-11-30,Clear,28.4,7
113,P001,2022-12-03,Fog,10.4,2
114,P001,2022-12-06,Clear,18.2,18
115,P001,2022-12-09,Rain,29.6,20
116,P001,2022-12-12,Clear,16.4,7
117,P001,2022-12-15,Rain,32.6,9
118,P001,2022-12-18,Cloudy,10.3,17
119,P001,2022-12-21,Cloudy,18.6,17
120,P001,2022-12-24,Cloudy,19.4,15
121,P001,2022-12-27,Clear,19.1,9
122,P001,2022-12-30,Fog,5.1,3
123,P001,2023-01-02,Rain,16.2,17
124,P001,2023-01-05,Fog,19.1,3
125,P001,2023-01-08,Clear,19.7,7
126,P001,2023-01-11,Cloudy,6.2,8
127,P001,2023-01-14,Clear,22.0,11
128,P001,2023-01-17,Rain,33.7,16
129,P001,2023-01-20,Cloudy,19.7,16
130,P001,2023-01-23,Rain,24.5,18
131,P001,2023-01-26,Rain,12.3,6
132,P001,2023-01-29,Fog,10.4,3
133,P001,2023-02-01,Rain,25.9,9
134,P001,2023-02-04,Clear,18.7,9
135,P001,2023-02-07,Clear,23.1,10
136,P001,2023-02-10,Clear,28.1,17
137,P001,2023-02-13,Clear,22.6,7
138,P001,2023-02-16,Cloudy,10.7,18
139,P001,2023-02-19,Clear,17.8,14
140,P001,2023-02-22,Cloudy,21.0,17
141,P001,2023-02-25,Cloudy,27.0,7
142,P001,2023-02-28,Clear,22.2,16
143,P001,2023-03-03,Rain,13.1,11
144,P001,2023-03-06,Fog,11.0,2
145,P001,2023-03-09,Clear,10.1,20
146,P001,2023-03-12,Clear,7.1,18
147,P001,2023-03-15,Cloudy,24.6,18
148,P001,2023-03-18,Clear,16.2,9
149,P001,2023-03-21,Clear,10.5,8
150,P001,2023-03-24,Cloudy,29.4,10
151,P001,2023-03-27,Clear,27.5,11
152,P001,2023-03-30,Clear,32.1,18
153,P001,2023-04-02,Cloudy,32.4,8
154,P001,2023-04-05,Thunderstorm,48.3,3
155,P001,2023-04-08,Clear,8.7,7
156,P001,2023-04-11,Clear,22.6,20
157,P001,2023-04-14,Cloudy,27.8,5
158,P001,2023-04-17,Clear,27.6,5
159,P001,2023-04-20,Rain,28.7,6
160,P001,2023-04-23,Clear,20.7,5
161,P001,2023-04-26,Clear,20.6,13
162,P001,2023-04-29,Fog,12.1,2
163,P001,2023-05-02,Cloudy,15.1,15
164,P001,2023-05-05,Storm,80.8,3
165,P001,2023-05-08,Rain,16.4,6
166,P001,2023-05-11,Storm,83.7,1
167,P001,2023-05-14,Clear,31.1,17
168,P001,2023-05-17,Rain,31.6,9
169,P001,2023-05-20,Clear,8.7,13
170,P001,2023-05-23,Fog,16.3,1
171,P001,2023-05-26,Clear,23.6,20
172,P001,2023-05-29,Cloudy,24.8,5
173,P001,2023-06-01,Storm,87.9,3
174,P001,2023-06-04,Clear,15.8,6
175,P001,2023-06-07,Storm,76.8,4
176,P001,2023-06-10,Clear,19.5,7
177,P001,2023-06-13,Clear,33.2,20
178,P001,2023-06-16,Storm,82.9,1
179,P001,2023-06-19,Rain,13.8,11
180,P001,2023-06-22,Rain,31.1,6
181,P001,2023-06-25,Clear,28.9,14
182,P001,2023-06-28,Thunderstorm,89.8,4
183,P001,2023-07-01,Clear,18.4,8
184,P001,2023-07-04,Cloudy,21.2,12
185,P001,2023-07-07,Clear,27.6,7
186,P001,2023-07-10,Clear,34.8,5
187,P001,2023-07-13,Clear,32.9,17
188,P001,2023-07-16,Rain,11.6,13
189,P001,2023-07-19,Rain,33.5,8
190,P001,2023-07-22,Rain,32.7,20
191,P001,2023-07-25,Clear,25.8,12
192,P001,2023-07-28,Fog,16.5,3
193,P001,2023-07-31,Clear,15.3,17
194,P001,2023-08-03,Rain,28.6,18
195,P001,2023-08-06,Rain,11.7,8
196,P001,2023-08-09,Clear,8.3,15
197,P001,2023-08-12,Rain,33.1,8
198,P001,2023-08-15,Cloudy,8.8,15
199,P001,2023-08-18,Fog,13.7,1
200,P001,2023-08-21,Clear,22.7,11
201,P001,2023-08-24,Thunderstorm,89.0,3
202,P001,2023-08-27,Rain,28.9,9
203,P001,2023-08-30,Cloudy,23.0,12
204,P001,2023-09-02,Clear,5.3,19
205,P001,2023-09-05,Clear,29.5,14
206,P001,2023-09-08,Thunderstorm,65.0,4
207,P001,2023-09-11,Clear,13.5,6
208,P001,2023-09-14,Cloudy,14.3,8
209,P001,2023-09-17,Clear,30.4,20
210,P001,2023-09-20,Cloudy,11.5,14
211,P001,2023-09-23,Rain,16.3,15
212,P001,2023-09-26,Clear,26.5,12
213,P001,2023-09-29,Rain,6.6,10
214,P001,2023-10-02,Thunderstorm,76.4,3
215,P001,2023-10-05,Storm,73.0,2
216,P001,2023-10-08,Storm,67.4,3
217,P001,2023-10-11,Cloudy,19.2,16
218,P001,2023-10-14,Rain,16.7,14
219,P001,2023-10-17,Clear,32.7,17
220,P001,2023-10-20,Clear,14.7,6
221,P001,2023-10-23,Thunderstorm,75.5,4
222,P001,2023-10-26,Rain,22.3,19
223,P001,2023-10-29,Rain,13.7,9
224,P001,2023-11-01,Clear,29.1,11
225,P001,2023-11-04,Rain,5.3,8
226,P001,2023-11-07,Rain,34.7,9
227,P001,2023-11-10,Clear,34.5,10
228,P001,2023-11-13,Fog,6.4,2
229,P001,2023-11-16,Clear,6.6,15
230,P001,2023-11-19,Cloudy,34.1,17
231,P001,2023-11-22,Clear,8.6,17
232,P001,2023-11-25,Cloudy,25.6,10
233,P001,2023-11-28,Rain,16.3,7
234,P001,2023-12-01,Rain,30.9,17
235,P001,2023-12-04,Clear,24.6,16
236,P001,2023-12-07,Clear,8.5,8
237,P001,2023-12-10,Cloudy,25.1,12
238,P001,2023-12-13,Clear,22.2,20
239,P001,2023-12-16,Clear,27.4,10
240,P001,2023-12-19,Clear,35.0,18
241,P001,2023-12-22,Clear,8.8,15
242,P001,2023-12-25,Clear,32.3,10
243,P001,2023-12-28,Cloudy,26.0,17
244,P001,2023-12-31,Cloudy,21.1,20
245,P001,2024-01-03,Clear,30.1,8
246,P001,2024-01-06,Rain,11.2,8
247,P001,2024-01-09,Clear,23.0,10
248,P001,2024-01-12,Clear,18.4,15
249,P001,2024-01-15,Clear,8.9,11
250,P001,2024-01-18,Rain,7.6,13
251,P001,2024-01-21,Thunderstorm,41.8,1
252,P001,2024-01-24,Cloudy,15.9,10
253,P001,2024-01-27,Cloudy,33.4,5
254,P001,2024-01-30,Clear,6.4,14
255,P001,2024-02-02,Rain,18.3,20
256,P001,2024-02-05,Rain,20.7,16
257,P001,2024-02-08,Cloudy,20.3,8
258,P001,2024-02-11,Rain,6.3,6
259,P001,2024-02-14,Clear,14.0,11
260,P001,2024-02-17,Fog,14.0,1
261,P001,2024-02-20,Cloudy,13.3,18
262,P001,2024-02-23,Clear,12.6,17
263,P001,2024-02-26,Cloudy,9.9,19
264,P001,2024-02-29,Clear,12.6,18
265,P001,2024-03-03,Fog,7.1,1
266,P001,2024-03-06,Clear,27.0,11
267,P001,2024-03-09,Rain,21.9,10
268,P001,2024-03-12,Cloudy,9.6,18
269,P001,2024-03-15,Clear,33.9,12
270,P001,2024-03-18,Clear,8.7,8
271,P001,2024-03-21,Rain,17.2,15
272,P001,2024-03-24,Cloudy,15.9,15
273,P001,2024-03-27,Rain,9.4,12
274,P001,2024-03-30,Clear,7.9,12
275,P001,2024-04-02,Clear,8.2,8
276,P001,2024-04-05,Clear,26.8,14
277,P001,2024-04-08,Cloudy,29.2,8
278,P001,2024-04-11,Cloudy,26.0,14
279,P001,2024-04-14,Cloudy,23.2,6
280,P001,2024-04-17,Clear,33.4,17
281,P001,2024-04-20,Clear,29.2,17
282,P001,2024-04-23,Cloudy,8.8,5
283,P001,2024-04-26,Rain,26.4,9
284,P001,2024-04-29,Clear,22.0,13
285,P001,2024-05-02,Clear,26.8,16
286,P001,2024-05-05,Rain,12.5,18
287,P001,2024-05-08,Rain,10.5,16
288,P001,2024-05-11,Rain,20.1,13
289,P001,2024-05-14,Fog,12.8,3
290,P001,2024-05-17,Thunderstorm,80.7,3
291,P001,2024-05-20,Cloudy,7.6,14
292,P001,2024-05-23,Cloudy,14.4,7
293,P001,2024-05-26,Cloudy,7.3,12
294,P001,2024-05-29,Fog,7.5,1
295,P001,2024-06-01,Clear,13.6,20
296,P001,2024-06-04,Rain,5.3,18
297,P001,2024-06-07,Rain,33.0,9
298,P001,2024-06-10,Cloudy,20.5,8
299,P001,2024-06-13,Cloudy,23.5,5
300,P001,2024-06-16,Rain,26.1,16
301,P001,2024-06-19,Clear,27.2,6
302,P001,2024-06-22,Cloudy,33.9,12
303,P001,2024-06-25,Clear,16.0,9
304,P001,2024-06-28,Cloudy,33.6,18
305,P002,2022-01-01,Cloudy,10.1,8
306,P002,2022-01-04,Clear,25.4,8
307,P002,2022-01-07,Clear,19.5,13
308,P002,2022-01-10,Clear,27.1,17
309,P002,2022-01-13,Clear,14.1,6
310,P002,2022-01-16,Fog,18.4,2
311,P002,2022-01-19,Clear,5.2,19
312,P002,2022-01-22,Clear,15.6,5
313,P002,2022-01-25,Clear,26.7,17
314,P002,2022-01-28,Clear,8.0,20
315,P002,2022-01-31,Clear,20.9,9
316,P002,2022-02-03,Cloudy,32.4,5
317,P002,2022-02-06,Clear,24.7,12
318,P002,2022-02-09,Cloudy,16.2,16
319,P002,2022-02-12,Cloudy,10.5,13
320,P002,2022-02-15,Clear,18.2,19
321,P002,2022-02-18,Clear,15.6,18
322,P002,2022-02-21,Clear,31.5,11
323,P002,2022-02-24,Clear,13.5,9
324,P002,2022-02-27,Clear,27.3,6
325,P002,2022-03-02,Clear,11.0,20
326,P002,2022-03-05,Fog,19.7,1
327,P002,2022-03-08,Cloudy,21.5,9
328,P002,2022-03-11,Clear,27.9,17
329,P002,2022-03-14,Cloudy,32.7,17
330,P002,2022-03-17,Clear,33.7,5
331,P002,2022-03-20,Clear,15.3,5
332,P002,2022-03-23,Rain,12.1,15
333,P002,2022-03-26,Cloudy,22.9,5
334,P002,2022-03-29,Cloudy,13.7,20
335,P002,2022-04-01,Clear,17.9,9
336,P002,2022-04-04,Rain,10.6,13
337,P002,2022-04-07,Rain,30.9,12
338,P002,2022-04-10,Rain,17.9,20
339,P002,2022-04-13,Rain,29.3,10
340,P002,2022-04-16,Clear,30.6,9
341,P002,2022-04-19,Clear,9.0,6
342,P002,2022-04-22,Clear,10.8,9
343,P002,2022-04-25,Cloudy,23.5,7
344,P002,2022-04-28,Thunderstorm,59.0,5
345,P002,2022-05-01,Clear,24.0,12
346,P002,2022-05-04,Clear,17.8,6
347,P002,2022-05-07,Cloudy,24.3,14
348,P002,2022-05-10,Clear,15.9,16
349,P002,2022-05-13,Rain,12.4,6
350,P002,2022-05-16,Clear,5.0,15
351,P002,2022-05-19,Clear,19.2,8
352,P002,2022-05-22,Cloudy,12.6,20
353,P002,2022-05-25,Clear,14.1,8
354,P002,2022-05-28,Rain,25.5,9
355,P002,2022-05-31,Clear,27.2,16
356,P002,2022-06-03,Rain,22.7,16
357,P002,2022-06-06,Clear,13.3,17
358,P002,2022-06-09,Clear,8.2,8
359,P002,2022-06-12,Clear,34.0,11
360,P002,2022-06-15,Clear,18.4,8
361,P002,2022-06-18,Clear,21.4,15
362,P002,2022-06-21,Clear,19.2,11
363,P002,2022-06-24,Cloudy,9.6,9
364,P002,2022-06-27,Clear,21.5,13
365,P002,2022-06-30,Thunderstorm,78.0,5
366,P002,2022-07-03,Storm,84.7,4
367,P002,2022-07-06,Cloudy,8.5,18
368,P002,2022-07-09,Clear,17.6,5
369,P002,2022-07-12,Clear,13.2,9
370,P002,2022-07-15,Clear,33.7,6
371,P002,2022-07-18,Rain,25.8,17
372,P002,2022-07-21,Cloudy,21.0,7
373,P002,2022-07-24,Clear,27.5,17
374,P002,2022-07-27,Cloudy,16.7,13
375,P002,2022-07-30,Clear,5.1,11
376,P002,2022-08-02,Cloudy,5.3,19
377,P002,2022-08-05,Cloudy,26.6,13
378,P002,2022-08-08,Clear,11.6,13
379,P002,2022-08-11,Cloudy,10.1,6
380,P002,2022-08-14,Cloudy,13.8,9
381,P002,2022-08-17,Fog,9.2,1
382,P002,2022-08-20,Clear,28.7,12
383,P002,2022-08-23,Storm,50.5,1
384,P002,2022-08-26,Clear,15.4,16
385,P002,2022-08-29,Clear,33.4,13
386,P002,2022-09-01,Rain,17.3,14
387,P002,2022-09-04,Clear,6.7,5
388,P002,2022-09-07,Rain,11.6,13
389,P002,2022-09-10,Clear,34.1,8
390,P002,2022-09-13,Rain,25.6,13
391,P002,2022-09-16,Thunderstorm,71.7,5
392,P002,2022-09-19,Clear,18.3,15
393,P002,2022-09-22,Clear,22.4,17
394,P002,2022-09-25,Clear,12.0,18
395,P002,2022-09-28,Clear,32.1,7
396,P002,2022-10-01,Cloudy,18.8,10
397,P002,2022-10-04,Clear,19.7,10
398,P002,2022-10-07,Cloudy,5.6,10
399,P002,2022-10-10,Thunderstorm,80.9,5
400,P002,2022-10-13,Clear,9.3,18
401,P002,2022-10-16,Clear,32.3,17
402,P002,2022-10-19,Clear,20.8,5
403,P002,2022-10-22,Cloudy,16.3,5
404,P002,2022-10-25,Clear,5.4,6
405,P002,2022-10-28,Clear,28.1,13
406,P002,2022-10-31,Clear,23.8,5
407,P002,2022-11-03,Rain,5.3,8
408,P002,2022-11-06,Cloudy,29.5,7
409,P002,2022-11-09,Clear,19.4,19
410,P002,2022-11-12,Rain,14.2,20
411,P002,2022-11-15,Clear,6.7,13
412,P002,2022-11-18,Cloudy,8.7,6
413,P002,2022-11-21,Clear,13.9,18
414,P002,2022-11-24,Clear,32.4,5
415,P002,2022-11-27,Clear,16.6,16
416,P002,2022-11-30,Rain,11.8,17
417,P002,2022-12-03,Rain,26.4,8
418,P002,2022-12-06,Cloudy,34.7,12
419,P002,2022-12-09,Clear,33.7,16
420,P002,2022-12-12,Clear,15.0,16
421,P002,2022-12-15,Fog,18.8,1
422,P002,2022-12-18,Cloudy,10.3,15
423,P002,2022-12-21,Cloudy,25.4,9
424,P002,2022-12-24,Thunderstorm,74.4,5
425,P002,2022-12-27,Rain,15.5,8
426,P002,2022-12-30,Clear,20.0,16
427,P002,2023-01-02,Fog,17.2,3
428,P002,2023-01-05,Rain,28.7,9
429,P002,2023-01-08,Rain,9.4,9
430,P002,2023-01-11,Clear,26.6,20
431,P002,2023-01-14,Rain,8.4,18
432,P002,2023-01-17,Fog,9.2,1
433,P002,2023-01-20,Clear,8.8,17
434,P002,2023-01-23,Clear,19.8,20
435,P002,2023-01-26,Rain,17.4,15
436,P002,2023-01-29,Clear,33.3,12
437,P002,2023-02-01,Clear,21.5,20
438,P002,2023-02-04,Cloudy,29.6,17
439,P002,2023-02-07,Clear,26.4,12
440,P002,2023-02-10,Rain,12.1,5
441,P002,2023-02-13,Clear,30.5,16
442,P002,2023-02-16,Cloudy,33.7,8
443,P002,2023-02-19,Clear,15.5,9
444,P002,2023-02-22,Clear,9.3,18
445,P002,2023-02-25,Clear,29.8,6
446,P002,2023-02-28,Rain,8.5,9
447,P002,2023-03-03,Clear,5.8,18
448,P002,2023-03-06,Clear,26.0,7
449,P002,2023-03-09,Cloudy,22.8,10
450,P002,2023-03-12,Clear,16.0,7
451,P002,2023-03-15,Clear,5.4,18
452,P002,2023-03-18,Clear,10.5,9
453,P002,2023-03-21,Rain,26.0,14
454,P002,2023-03-24,Cloudy,26.7,19
455,P002,2023-03-27,Rain,25.9,14
456,P002,2023-03-30,Clear,6.8,6
457,P002,2023-04-02,Cloudy,10.2,10
458,P002,2023-04-05,Clear,30.0,19
459,P002,2023-04-08,Cloudy,29.9,14
460,P002,2023-04-11,Rain,17.7,10
461,P002,2023-04-14,Clear,7.8,17
462,P002,2023-04-17,Storm,46.3,2
463,P002,2023-04-20,Cloudy,6.7,17
464,P002,2023-04-23,Clear,27.4,7
465,P002,2023-04-26,Rain,19.1,15
466,P002,2023-04-29,Rain,17.2,17
467,P002,2023-05-02,Clear,29.1,18
468,P002,2023-05-05,Clear,8.3,7
469,P002,2023-05-08,Clear,28.4,15
470,P002,2023-05-11,Clear,13.5,8
471,P002,2023-05-14,Clear,22.9,14
472,P002,2023-05-17,Clear,11.1,6
473,P002,2023-05-20,Clear,7.6,6
474,P002,2023-05-23,Cloudy,28.7,6
475,P002,2023-05-26,Clear,7.8,14
476,P002,2023-05-29,Clear,15.7,14
477,P002,2023-06-01,Fog,12.5,2
478,P002,2023-06-04,Rain,26.8,9
479,P002,2023-06-07,Rain,7.9,18
480,P002,2023-06-10,Thunderstorm,65.2,5
481,P002,2023-06-13,Rain,9.5,17
482,P002,2023-06-16,Cloudy,31.1,6
483,P002,2023-06-19,Clear,9.5,19
484,P002,2023-06-22,Clear,23.8,12
485,P002,2023-06-25,Thunderstorm,80.4,2
486,P002,2023-06-28,Rain,9.8,15
487,P002,2023-07-01,Cloudy,8.9,14
488,P002,2023-07-04,Clear,30.7,18
489,P002,2023-07-07,Clear,26.4,17
490,P002,2023-07-10,Clear,34.9,7
491,P002,2023-07-13,Fog,13.5,2
492,P002,2023-07-16,Clear,5.4,14
493,P002,2023-07-19,Cloudy,34.1,7
494,P002,2023-07-22,Cloudy,18.6,10
495,P002,2023-07-25,Fog,7.4,2
496,P002,2023-07-28,Cloudy,15.6,7
497,P002,2023-07-31,Clear,28.2,13
498,P002,2023-08-03,Storm,88.9,4
499,P002,2023-08-06,Rain,9.2,8
500,P002,2023-08-09,Storm,64.4,3
501,P002,2023-08-12,Thunderstorm,60.0,5
502,P002,2023-08-15,Fog,6.9,2
503,P002,2023-08-18,Cloudy,23.7,15
504,P002,2023-08-21,Clear,25.5,19
505,P002,2023-08-24,Clear,31.3,6
506,P002,2023-08-27,Cloudy,24.3,12
507,P002,2023-08-30,Rain,21.8,9
508,P002,2023-09-02,Thunderstorm,54.5,2
509,P002,2023-09-05,Cloudy,30.6,12
510,P002,2023-09-08,Clear,18.9,7
511,P002,2023-09-11,Clear,19.1,19
512,P002,2023-09-14,Clear,10.4,8
513,P002,2023-09-17,Fog,18.8,2
514,P002,2023-09-20,Clear,14.9,15
515,P002,2023-09-23,Clear,23.1,11
516,P002,2023-09-26,Rain,19.3,13
517,P002,2023-09-29,Cloudy,21.4,20
518,P002,2023-10-02,Clear,11.4,6
519,P002,2023-10-05,Storm,78.7,1
520,P002,2023-10-08,Fog,10.4,2
521,P002,2023-10-11,Storm,50.7,2
522,P002,2023-10-14,Thunderstorm,87.6,4
523,P002,2023-10-17,Clear,24.1,7
524,P002,2023-10-20,Clear,13.2,7
525,P002,2023-10-23,Clear,26.4,18
526,P002,2023-10-26,Cloudy,25.1,13
527,P002,2023-10-29,Clear,6.6,18
528,P002,2023-11-01,Clear,27.6,10
529,P002,2023-11-04,Clear,33.3,20
530,P002,2023-11-07,Cloudy,25.7,10
531,P002,2023-11-10,Storm,61.8,5
532,P002,2023-11-13,Clear,5.3,11
533,P002,2023-11-16,Clear,25.0,9
534,P002,2023-11-19,Clear,34.6,15
535,P002,2023-11-22,Clear,31.9,9
536,P002,2023-11-25,Cloudy,14.5,18
537,P002,2023-11-28,Clear,26.7,19
538,P002,2023-12-01,Fog,17.9,3
539,P002,2023-12-04,Cloudy,34.1,8
540,P002,2023-12-07,Clear,27.4,11
541,P002,2023-12-10,Cloudy,21.4,10
542,P002,2023-12-13,Cloudy,11.5,11
543,P002,2023-12-16,Fog,19.6,3
544,P002,2023-12-19,Fog,10.6,2
545,P002,2023-12-22,Clear,31.9,8
546,P002,2023-12-25,Rain,24.5,19
547,P002,2023-12-28,Cloudy,15.6,18
548,P002,2023-12-31,Cloudy,28.0,8
549,P002,2024-01-03,Fog,11.9,2
550,P002,2024-01-06,Clear,22.8,18
551,P002,2024-01-09,Clear,30.4,18
552,P002,2024-01-12,Cloudy,26.1,8
553,P002,2024-01-15,Storm,80.3,1
554,P002,2024-01-18,Clear,5.5,18
555,P002,2024-01-21,Clear,27.5,8
556,P002,2024-01-24,Cloudy,20.1,6
557,P002,2024-01-27,Rain,30.6,11
558,P002,2024-01-30,Clear,18.6,17
559,P002,2024-02-02,Clear,30.7,8
560,P002,2024-02-05,Clear,28.8,19
561,P002,2024-02-08,Cloudy,29.6,17
562,P002,2024-02-11,Clear,16.2,12
563,P002,2024-02-14,Cloudy,13.0,13
564,P002,2024-02-17,Clear,32.1,18
565,P002,2024-02-20,Rain,5.1,18
566,P002,2024-02-23,Clear,5.8,16
567,P002,2024-02-26,Thunderstorm,65.9,5
568,P002,2024-02-29,Clear,10.1,18
569,P002,2024-03-03,Clear,34.2,11
570,P002,2024-03-06,Cloudy,16.8,6
571,P002,2024-03-09,Rain,22.3,9
572,P002,2024-03-12,Fog,10.9,3
573,P002,2024-03-15,Clear,32.1,10
574,P002,2024-03-18,Cloudy,8.0,9
575,P002,2024-03-21,Cloudy,23.9,17
576,P002,2024-03-24,Thunderstorm,71.4,3
577,P002,2024-03-27,Thunderstorm,48.0,3
578,P002,2024-03-30,Clear,7.8,18
579,P002,2024-04-02,Clear,28.1,9
580,P002,2024-04-05,Clear,26.2,7
581,P002,2024-04-08,Cloudy,5.8,9
582,P002,2024-04-11,Storm,71.7,3
583,P002,2024-04-14,Clear,24.6,12
584,P002,2024-04-17,Clear,21.1,12
585,P002,2024-04-20,Rain,29.2,17
586,P002,2024-04-23,Rain,24.8,13
587,P002,2024-04-26,Clear,9.3,5
588,P002,2024-04-29,Cloudy,22.4,8
589,P002,2024-05-02,Clear,32.8,8
590,P002,2024-05-05,Clear,13.5,10
591,P002,2024-05-08,Clear,19.8,16
592,P002,2024-05-11,Fog,8.1,1
593,P002,2024-05-14,Cloudy,5.7,7
594,P002,2024-05-17,Cloudy,23.8,11
595,P002,2024-05-20,Rain,16.3,15
596,P002,2024-05-23,Cloudy,18.5,10
597,P002,2024-05-26,Clear,5.3,10
598,P002,2024-05-29,Rain,23.9,6
599,P002,2024-06-01,Clear,15.3,16
600,P002,2024-06-04,Cloudy,23.4,5
601,P002,2024-06-07,Clear,27.3,8
602,P002,2024-06-10,Clear,5.9,5
603,P002,2024-06-13,Cloudy,27.8,11
604,P002,2024-06-16,Thunderstorm,45.7,2
605,P002,2024-06-19,Clear,9.2,7
606,P002,2024-06-22,Rain,33.2,13
607,P002,2024-06-25,Clear,11.0,7
608,P002,2024-06-28,Clear,21.5,14
609,P003,2022-01-01,Cloudy,29.3,18
610,P003,2022-01-04,Cloudy,17.0,11
611,P003,2022-01-07,Clear,10.9,13
612,P003,2022-01-10,Storm,45.1,5
613,P003,2022-01-13,Clear,28.8,20
614,P003,2022-01-16,Cloudy,18.4,13
615,P003,2022-01-19,Rain,23.7,17
616,P003,2022-01-22,Cloudy,22.0,16
617,P003,2022-01-25,Thunderstorm,81.0,4
618,P003,2022-01-28,Clear,6.0,13
619,P003,2022-01-31,Cloudy,13.8,16
620,P003,2022-02-03,Clear,8.4,15
621,P003,2022-02-06,Cloudy,10.6,12
622,P003,2022-02-09,Clear,24.7,16
623,P003,2022-02-12,Clear,14.4,5
624,P003,2022-02-15,Clear,5.3,15
625,P003,2022-02-18,Clear,22.0,15
626,P003,2022-02-21,Thunderstorm,68.1,4
627,P003,2022-02-24,Clear,11.4,11
628,P003,2022-02-27,Clear,13.3,7
629,P003,2022-03-02,Cloudy,24.4,18
630,P003,2022-03-05,Clear,14.6,11
631,P003,2022-03-08,Clear,19.8,6
632,P003,2022-03-11,Storm,61.1,1
633,P003,2022-03-14,Cloudy,23.0,17
634,P003,2022-03-17,Clear,5.6,5
635,P003,2022-03-20,Cloudy,30.7,5
636,P003,2022-03-23,Fog,9.3,2
637,P003,2022-03-26,Clear,21.0,6
638,P003,2022-03-29,Clear,5.5,20
639,P003,2022-04-01,Clear,29.1,14
640,P003,2022-04-04,Clear,27.6,17
641,P003,2022-04-07,Clear,28.2,20
642,P003,2022-04-10,Cloudy,16.8,19
643,P003,2022-04-13,Cloudy,24.2,8
644,P003,2022-04-16,Thunderstorm,86.9,1
645,P003,2022-04-19,Clear,6.4,5
646,P003,2022-04-22,Clear,34.8,18
647,P003,2022-04-25,Clear,7.6,16
648,P003,2022-04-28,Rain,21.1,5
649,P003,2022-05-01,Fog,18.0,2
650,P003,2022-05-04,Thunderstorm,42.2,1
651,P003,2022-05-07,Fog,6.1,2
652,P003,2022-05-10,Rain,28.7,17
653,P003,2022-05-13,Clear,10.1,9
654,P003,2022-05-16,Cloudy,8.6,15
655,P003,2022-05-19,Thunderstorm,77.7,4
656,P003,2022-05-22,Cloudy,25.0,12
657,P003,2022-05-25,Cloudy,24.8,13
658,P003,2022-05-28,Clear,26.9,12
659,P003,2022-05-31,Clear,28.0,7
660,P003,2022-06-03,Clear,30.1,12
661,P003,2022-06-06,Rain,27.1,11
662,P003,2022-06-09,Rain,7.3,20
663,P003,2022-06-12,Clear,5.4,11
664,P003,2022-06-15,Cloudy,16.6,20
665,P003,2022-06-18,Clear,11.3,15
666,P003,2022-06-21,Rain,14.4,19
667,P003,2022-06-24,Rain,30.4,8
668,P003,2022-06-27,Fog,8.3,2
669,P003,2022-06-30,Clear,18.6,11
670,P003,2022-07-03,Rain,10.6,13
671,P003,2022-07-06,Cloudy,25.6,8
672,P003,2022-07-09,Clear,31.3,8
673,P003,2022-07-12,Clear,31.8,10
674,P003,2022-07-15,Clear,19.3,19
675,P003,2022-07-18,Clear,8.5,7
676,P003,2022-07-21,Clear,11.4,17
677,P003,2022-07-24,Cloudy,20.2,6
678,P003,2022-07-27,Cloudy,16.1,6
679,P003,2022-07-30,Cloudy,27.0,18
680,P003,2022-08-02,Clear,10.7,10
681,P003,2022-08-05,Cloudy,20.9,20
682,P003,2022-08-08,Cloudy,8.3,6
683,P003,2022-08-11,Cloudy,33.8,12
684,P003,2022-08-14,Clear,31.9,13
685,P003,2022-08-17,Clear,21.0,13
686,P003,2022-08-20,Clear,23.6,17
687,P003,2022-08-23,Clear,8.0,13
688,P003,2022-08-26,Cloudy,10.1,11
689,P003,2022-08-29,Clear,13.6,14
690,P003,2022-09-01,Rain,7.8,20
691,P003,2022-09-04,Rain,30.6,12
692,P003,2022-09-07,Clear,25.4,10
693,P003,2022-09-10,Clear,32.0,9
694,P003,2022-09-13,Storm,73.3,4
695,P003,2022-09-16,Clear,10.3,13
696,P003,2022-09-19,Thunderstorm,48.5,1
697,P003,2022-09-22,Cloudy,34.1,5
698,P003,2022-09-25,Cloudy,12.4,8
699,P003,2022-09-28,Clear,5.5,14
700,P003,2022-10-01,Thunderstorm,66.3,2
701,P003,2022-10-04,Rain,28.3,8
702,P003,2022-10-07,Clear,27.1,19
703,P003,2022-10-10,Cloudy,15.5,13
704,P003,2022-10-13,Rain,12.6,19
705,P003,2022-10-16,Clear,15.6,15
706,P003,2022-10-19,Thunderstorm,78.7,5
707,P003,2022-10-22,Cloudy,13.1,5
708,P003,2022-10-25,Clear,17.3,12
709,P003,2022-10-28,Rain,9.2,20
710,P003,2022-10-31,Clear,22.3,18
711,P003,2022-11-03,Clear,27.3,11
712,P003,2022-11-06,Fog,10.7,1
713,P003,2022-11-09,Storm,83.9,5
714,P003,2022-11-12,Thunderstorm,62.5,5
715,P003,2022-11-15,Clear,32.3,16
716,P003,2022-11-18,Thunderstorm,59.6,4
717,P003,2022-11-21,Fog,9.1,1
718,P003,2022-11-24,Clear,20.6,15
719,P003,2022-11-27,Thunderstorm,46.1,4
720,P003,2022-11-30,Cloudy,28.8,16
721,P003,2022-12-03,Clear,34.1,20
722,P003,2022-12-06,Fog,7.2,3
723,P003,2022-12-09,Clear,34.0,10
724,P003,2022-12-12,Clear,13.6,14
725,P003,2022-12-15,Clear,6.2,14
726,P003,2022-12-18,Rain,8.7,20
727,P003,2022-12-21,Clear,17.9,5
728,P003,2022-12-24,Clear,9.1,14
729,P003,2022-12-27,Rain,20.1,9
730,P003,2022-12-30,Fog,15.7,1
731,P003,2023-01-02,Storm,49.8,5
732,P003,2023-01-05,Fog,9.4,1
733,P003,2023-01-08,Cloudy,15.6,17
734,P003,2023-01-11,Cloudy,34.0,8
735,P003,2023-01-14,Thunderstorm,86.0,5
736,P003,2023-01-17,Clear,21.9,15
737,P003,2023-01-20,Rain,9.2,11
738,P003,2023-01-23,Clear,17.5,11
739,P003,2023-01-26,Clear,7.6,19
740,P003,2023-01-29,Cloudy,16.3,18
741,P003,2023-02-01,Clear,20.8,15
742,P003,2023-02-04,Cloudy,25.6,16
743,P003,2023-02-07,Cloudy,17.8,18
744,P003,2023-02-10,Storm,63.1,5
745,P003,2023-02-13,Clear,28.0,7
746,P003,2023-02-16,Rain,23.5,14
747,P003,2023-02-19,Rain,22.4,16
748,P003,2023-02-22,Clear,21.3,14
749,P003,2023-02-25,Clear,30.4,9
750,P003,2023-02-28,Cloudy,5.2,19
751,P003,2023-03-03,Thunderstorm,44.2,3
752,P003,2023-03-06,Rain,24.5,15
753,P003,2023-03-09,Cloudy,29.7,20
754,P003,2023-03-12,Rain,30.9,8
755,P003,2023-03-15,Rain,25.2,6
756,P003,2023-03-18,Rain,20.5,20
757,P003,2023-03-21,Clear,31.9,9
758,P003,2023-03-24,Clear,14.3,5
759,P003,2023-03-27,Rain,23.7,11
760,P003,2023-03-30,Clear,5.0,8
761,P003,2023-04-02,Cloudy,12.4,8
762,P003,2023-04-05,Cloudy,30.0,19
763,P003,2023-04-08,Clear,32.8,14
764,P003,2023-04-11,Cloudy,34.5,12
765,P003,2023-04-14,Thunderstorm,67.3,5
766,P003,2023-04-17,Rain,30.8,8
767,P003,2023-04-20,Cloudy,24.1,10
768,P003,2023-04-23,Clear,27.3,12
769,P003,2023-04-26,Clear,27.2,11
770,P003,2023-04-29,Cloudy,13.7,8
771,P003,2023-05-02,Fog,12.4,3
772,P003,2023-05-05,Clear,16.6,8
773,P003,2023-05-08,Cloudy,29.4,9
774,P003,2023-05-11,Clear,18.7,17
775,P003,2023-05-14,Clear,14.1,19
776,P003,2023-05-17,Clear,32.2,9
777,P003,2023-05-20,Cloudy,26.7,13
778,P003,2023-05-23,Clear,9.7,11
779,P003,2023-05-26,Clear,26.2,17
780,P003,2023-05-29,Cloudy,10.2,9
781,P003,2023-06-01,Clear,26.6,15
782,P003,2023-06-04,Cloudy,30.8,9
783,P003,2023-06-07,Clear,27.9,14
784,P003,2023-06-10,Fog,6.0,3
785,P003,2023-06-13,Cloudy,33.9,10
786,P003,2023-06-16,Cloudy,32.8,13
787,P003,2023-06-19,Clear,14.7,16
788,P003,2023-06-22,Cloudy,29.9,7
789,P003,2023-06-25,Clear,30.6,10
790,P003,2023-06-28,Clear,25.0,20
791,P003,2023-07-01,Fog,12.1,1
792,P003,2023-07-04,Storm,80.4,2
793,P003,2023-07-07,Clear,31.4,17
794,P003,2023-07-10,Rain,17.6,7
795,P003,2023-07-13,Clear,12.5,6
796,P003,2023-07-16,Thunderstorm,43.6,3
797,P003,2023-07-19,Cloudy,30.2,10
798,P003,2023-07-22,Clear,26.0,17
799,P003,2023-07-25,Clear,24.1,11
800,P003,2023-07-28,Clear,19.7,14
801,P003,2023-07-31,Clear,27.3,18
802,P003,2023-08-03,Rain,29.3,11
803,P003,2023-08-06,Clear,5.7,8
804,P003,2023-08-09,Clear,29.3,5
805,P003,2023-08-12,Clear,17.2,7
806,P003,2023-08-15,Clear,25.5,20
807,P003,2023-08-18,Clear,11.2,20
808,P003,2023-08-21,Cloudy,15.7,9
809,P003,2023-08-24,Rain,18.2,17
810,P003,2023-08-27,Thunderstorm,68.5,2
811,P003,2023-08-30,Rain,13.9,8
812,P003,2023-09-02,Cloudy,6.5,15
813,P003,2023-09-05,Clear,29.6,14
814,P003,2023-09-08,Fog,8.8,3
815,P003,2023-09-11,Clear,31.2,10
816,P003,2023-09-14,Storm,43.7,5
817,P003,2023-09-17,Clear,20.5,14
818,P003,2023-09-20,Clear,6.7,8
819,P003,2023-09-23,Cloudy,33.1,13
820,P003,2023-09-26,Rain,6.0,18
821,P003,2023-09-29,Clear,15.0,6
822,P003,2023-10-02,Clear,21.4,15
823,P003,2023-10-05,Fog,15.0,1
824,P003,2023-10-08,Clear,7.2,6
825,P003,2023-10-11,Clear,7.1,18
826,P003,2023-10-14,Cloudy,23.4,7
827,P003,2023-10-17,Thunderstorm,63.9,2
828,P003,2023-10-20,Clear,6.3,6
829,P003,2023-10-23,Cloudy,11.8,16
830,P003,2023-10-26,Cloudy,14.1,12
831,P003,2023-10-29,Clear,6.7,11
832,P003,2023-11-01,Cloudy,30.8,5
833,P003,2023-11-04,Cloudy,6.6,17
834,P003,2023-11-07,Rain,17.9,18
835,P003,2023-11-10,Cloudy,8.5,8
836,P003,2023-11-13,Thunderstorm,89.1,3
837,P003,2023-11-16,Clear,15.3,6
838,P003,2023-11-19,Clear,7.8,5
839,P003,2023-11-22,Clear,27.4,6
840,P003,2023-11-25,Storm,40.7,2
841,P003,2023-11-28,Rain,7.3,9
842,P003,2023-12-01,Cloudy,13.5,15
843,P003,2023-12-04,Clear,24.7,12
844,P003,2023-12-07,Storm,46.5,4
845,P003,2023-12-10,Cloudy,8.7,7
846,P003,2023-12-13,Clear,33.2,11
847,P003,2023-12-16,Cloudy,27.1,16
848,P003,2023-12-19,Thunderstorm,82.9,4
849,P003,2023-12-22,Rain,33.2,14
850,P003,2023-12-25,Thunderstorm,52.2,3
851,P003,2023-12-28,Clear,21.2,8
852,P003,2023-12-31,Clear,32.0,20
853,P003,2024-01-03,Clear,11.1,9
854,P003,2024-01-06,Thunderstorm,66.0,3
855,P003,2024-01-09,Rain,11.3,16
856,P003,2024-01-12,Rain,28.6,6
857,P003,2024-01-15,Storm,74.9,4
858,P003,2024-01-18,Fog,5.3,1
859,P003,2024-01-21,Clear,22.6,14
860,P003,2024-01-24,Rain,7.5,13
861,P003,2024-01-27,Thunderstorm,59.2,1
862,P003,2024-01-30,Thunderstorm,59.2,1
863,P003,2024-02-02,Clear,16.4,18
864,P003,2024-02-05,Cloudy,24.8,6
865,P003,2024-02-08,Cloudy,15.4,5
866,P003,2024-02-11,Fog,16.3,2
867,P003,2024-02-14,Fog,18.6,3
868,P003,2024-02-17,Clear,5.8,18
869,P003,2024-02-20,Thunderstorm,79.1,1
870,P003,2024-02-23,Rain,21.6,14
871,P003,2024-02-26,Thunderstorm,86.9,4
872,P003,2024-02-29,Cloudy,26.6,13
873,P003,2024-03-03,Clear,16.4,12
874,P003,2024-03-06,Clear,5.5,13
875,P003,2024-03-09,Clear,12.5,14
876,P003,2024-03-12,Clear,16.8,13
877,P003,2024-03-15,Clear,24.8,5
878,P003,2024-03-18,Clear,22.1,15
879,P003,2024-03-21,Thunderstorm,82.4,4
880,P003,2024-03-24,Cloudy,18.2,19
881,P003,2024-03-27,Clear,15.8,11
882,P003,2024-03-30,Cloudy,22.4,7
883,P003,2024-04-02,Clear,23.3,15
884,P003,2024-04-05,Fog,11.6,2
885,P003,2024-04-08,Rain,13.3,20
886,P003,2024-04-11,Clear,23.9,9
887,P003,2024-04-14,Thunderstorm,72.8,2
888,P003,2024-04-17,Clear,6.2,19
889,P003,2024-04-20,Cloudy,6.3,12
890,P003,2024-04-23,Clear,26.4,13
891,P003,2024-04-26,Storm,40.8,3
892,P003,2024-04-29,Cloudy,6.3,12
893,P003,2024-05-02,Clear,7.3,19
894,P003,2024-05-05,Clear,7.3,11
895,P003,2024-05-08,Clear,16.1,18
896,P003,2024-05-11,Clear,17.8,14
897,P003,2024-05-14,Clear,14.8,16
898,P003,2024-05-17,Clear,17.2,16
899,P003,2024-05-20,Cloudy,34.2,5
900,P003,2024-05-23,Clear,6.3,9
901,P003,2024-05-26,Fog,5.4,3
902,P003,2024-05-29,Clear,14.4,16
903,P003,2024-06-01,Fog,10.7,3
904,P003,2024-06-04,Clear,26.8,17
905,P003,2024-06-07,Rain,24.5,7
906,P003,2024-06-10,Fog,19.9,3
907,P003,2024-06-13,Cloudy,22.2,18
908,P003,2024-06-16,Cloudy,8.6,6
909,P003,2024-06-19,Cloudy,24.8,19
910,P003,2024-06-22,Clear,10.9,14
911,P003,2024-06-25,Fog,9.9,2
912,P003,2024-06-28,Clear,14.4,8
913,P004,2022-01-01,Rain,18.4,18
914,P004,2022-01-04,Clear,15.6,7
915,P004,2022-01-07,Fog,14.8,3
916,P004,2022-01-10,Clear,28.6,12
917,P004,2022-01-13,Cloudy,29.8,9
918,P004,2022-01-16,Fog,8.7,2
919,P004,2022-01-19,Rain,25.0,13
920,P004,2022-01-22,Rain,15.2,8
921,P004,2022-01-25,Clear,17.6,9
922,P004,2022-01-28,Cloudy,24.0,11
923,P004,2022-01-31,Thunderstorm,83.8,1
924,P004,2022-02-03,Clear,17.6,20
925,P004,2022-02-06,Rain,8.8,6
926,P004,2022-02-09,Thunderstorm,41.2,2
927,P004,2022-02-12,Storm,46.6,5
928,P004,2022-02-15,Fog,18.6,2
929,P004,2022-02-18,Clear,25.9,12
930,P004,2022-02-21,Rain,8.6,15
931,P004,2022-02-24,Cloudy,23.5,6
932,P004,2022-02-27,Clear,32.6,19
933,P004,2022-03-02,Fog,14.5,3
934,P004,2022-03-05,Thunderstorm,54.5,4
935,P004,2022-03-08,Rain,27.0,7
936,P004,2022-03-11,Clear,5.2,16
937,P004,2022-03-14,Rain,18.6,15
938,P004,2022-03-17,Cloudy,20.3,13
939,P004,2022-03-20,Fog,6.5,2
940,P004,2022-03-23,Cloudy,6.4,18
941,P004,2022-03-26,Clear,16.5,10
942,P004,2022-03-29,Fog,5.6,3
943,P004,2022-04-01,Thunderstorm,76.5,4
944,P004,2022-04-04,Cloudy,22.3,15
945,P004,2022-04-07,Clear,13.5,8
946,P004,2022-04-10,Clear,19.6,12
947,P004,2022-04-13,Thunderstorm,54.4,3
948,P004,2022-04-16,Storm,77.7,2
949,P004,2022-04-19,Rain,9.2,11
950,P004,2022-04-22,Cloudy,20.3,10
951,P004,2022-04-25,Clear,32.1,11
952,P004,2022-04-28,Clear,30.0,5
953,P004,2022-05-01,Clear,13.5,18
954,P004,2022-05-04,Rain,20.6,19
955,P004,2022-05-07,Clear,8.3,8
956,P004,2022-05-10,Cloudy,18.0,13
957,P004,2022-05-13,Clear,9.1,13
958,P004,2022-05-16,Rain,8.5,16
959,P004,2022-05-19,Rain,27.3,12
960,P004,2022-05-22,Rain,14.8,15
961,P004,2022-05-25,Clear,23.9,7
962,P004,2022-05-28,Rain,14.4,6
963,P004,2022-05-31,Cloudy,33.0,15
964,P004,2022-06-03,Clear,21.7,6
965,P004,2022-06-06,Fog,14.4,1
966,P004,2022-06-09,Clear,16.3,12
967,P004,2022-06-12,Rain,13.0,9
968,P004,2022-06-15,Cloudy,10.6,20
969,P004,2022-06-18,Clear,11.0,7
970,P004,2022-06-21,Fog,17.9,3
971,P004,2022-06-24,Clear,18.0,20
972,P004,2022-06-27,Cloudy,11.3,10
973,P004,2022-06-30,Clear,25.6,17
974,P004,2022-07-03,Cloudy,12.0,16
975,P004,2022-07-06,Cloudy,24.7,10
976,P004,2022-07-09,Thunderstorm,82.0,3
977,P004,2022-07-12,Rain,19.7,17
978,P004,2022-07-15,Cloudy,21.3,14
979,P004,2022-07-18,Clear,8.4,14
980,P004,2022-07-21,Cloudy,18.4,12
981,P004,2022-07-24,Rain,8.5,19
982,P004,2022-07-27,Fog,14.9,2
983,P004,2022-07-30,Rain,26.1,20
984,P004,2022-08-02,Thunderstorm,83.2,5
985,P004,2022-08-05,Cloudy,12.0,14
986,P004,2022-08-08,Clear,11.5,18
987,P004,2022-08-11,Clear,28.2,13
988,P004,2022-08-14,Rain,17.3,19
989,P004,2022-08-17,Cloudy,12.8,6
990,P004,2022-08-20,Clear,26.8,15
991,P004,2022-08-23,Cloudy,6.4,19
992,P004,2022-08-26,Cloudy,22.2,10
993,P004,2022-08-29,Cloudy,28.4,8
994,P004,2022-09-01,Fog,14.2,2
995,P004,2022-09-04,Clear,21.2,5
996,P004,2022-09-07,Rain,7.7,15
997,P004,2022-09-10,Fog,16.5,3
998,P004,2022-09-13,Clear,6.5,11
999,P004,2022-09-16,Clear,11.0,10
1000,P004,2022-09-19,Thunderstorm,59.8,2
1001,P004,2022-09-22,Clear,9.8,16
1002,P004,2022-09-25,Clear,11.5,12
1003,P004,2022-09-28,Fog,5.5,1
1004,P004,2022-10-01,Rain,20.8,17
1005,P004,2022-10-04,Rain,6.3,14
1006,P004,2022-10-07,Clear,11.9,12
1007,P004,2022-10-10,Clear,27.5,17
1008,P004,2022-10-13,Rain,8.9,13
1009,P004,2022-10-16,Thunderstorm,43.8,5
1010,P004,2022-10-19,Rain,27.9,18
1011,P004,2022-10-22,Clear,27.3,9
1012,P004,2022-10-25,Clear,22.6,17
1013,P004,2022-10-28,Clear,23.2,14
1014,P004,2022-10-31,Rain,17.8,5
1015,P004,2022-11-03,Clear,18.8,8
1016,P004,2022-11-06,Clear,24.7,20
1017,P004,2022-11-09,Clear,17.9,12
1018,P004,2022-11-12,Storm,68.0,4
1019,P004,2022-11-15,Clear,26.1,12
1020,P004,2022-11-18,Clear,34.8,17
1021,P004,2022-11-21,Fog,16.4,3
1022,P004,2022-11-24,Clear,11.7,5
1023,P004,2022-11-27,Clear,12.0,16
1024,P004,2022-11-30,Cloudy,8.3,14
1025,P004,2022-12-03,Clear,29.3,7
1026,P004,2022-12-06,Clear,10.1,20
1027,P004,2022-12-09,Cloudy,7.5,17
1028,P004,2022-12-12,Cloudy,19.2,12
1029,P004,2022-12-15,Clear,19.8,18
1030,P004,2022-12-18,Clear,15.1,9
1031,P004,2022-12-21,Clear,25.7,18
1032,P004,2022-12-24,Thunderstorm,53.4,2
1033,P004,2022-12-27,Rain,28.8,20
1034,P004,2022-12-30,Clear,24.6,15
1035,P004,2023-01-02,Cloudy,19.5,7
1036,P004,2023-01-05,Fog,11.4,1
1037,P004,2023-01-08,Clear,27.7,10
1038,P004,2023-01-11,Cloudy,8.6,11
1039,P004,2023-01-14,Cloudy,34.2,6
1040,P004,2023-01-17,Thunderstorm,64.8,5
1041,P004,2023-01-20,Cloudy,27.5,18
1042,P004,2023-01-23,Clear,13.9,18
1043,P004,2023-01-26,Storm,76.0,3
1044,P004,2023-01-29,Cloudy,23.5,16
1045,P004,2023-02-01,Cloudy,10.0,14
1046,P004,2023-02-04,Cloudy,11.1,16
1047,P004,2023-02-07,Cloudy,12.5,19
1048,P004,2023-02-10,Clear,14.9,9
1049,P004,2023-02-13,Clear,26.5,20
1050,P004,2023-02-16,Clear,17.5,9
1051,P004,2023-02-19,Cloudy,34.8,5
1052,P004,2023-02-22,Clear,10.6,8
1053,P004,2023-02-25,Cloudy,14.9,6
1054,P004,2023-02-28,Cloudy,22.8,7
1055,P004,2023-03-03,Clear,21.8,12
1056,P004,2023-03-06,Clear,5.4,11
1057,P004,2023-03-09,Clear,29.6,18
1058,P004,2023-03-12,Cloudy,14.2,17
1059,P004,2023-03-15,Fog,13.4,3
1060,P004,2023-03-18,Rain,7.3,9
1061,P004,2023-03-21,Clear,11.5,10
1062,P004,2023-03-24,Clear,8.1,17
1063,P004,2023-03-27,Clear,28.2,13
1064,P004,2023-03-30,Storm,76.9,5
1065,P004,2023-04-02,Rain,19.2,10
1066,P004,2023-04-05,Clear,12.0,11
1067,P004,2023-04-08,Clear,29.1,9
1068,P004,2023-04-11,Clear,19.3,5
1069,P004,2023-04-14,Clear,31.9,6
1070,P004,2023-04-17,Clear,29.2,18
1071,P004,2023-04-20,Rain,14.8,8
1072,P004,2023-04-23,Clear,16.8,17
1073,P004,2023-04-26,Rain,15.6,15
1074,P004,2023-04-29,Cloudy,31.5,11
1075,P004,2023-05-02,Fog,19.2,2
1076,P004,2023-05-05,Rain,30.2,19
1077,P004,2023-05-08,Cloudy,28.7,8
1078,P004,2023-05-11,Cloudy,18.1,16
1079,P004,2023-05-14,Clear,31.0,19
1080,P004,2023-05-17,Rain,15.4,18
1081,P004,2023-05-20,Clear,21.8,11
1082,P004,2023-05-23,Clear,10.4,5
1083,P004,2023-05-26,Clear,15.8,11
1084,P004,2023-05-29,Clear,14.3,8
1085,P004,2023-06-01,Fog,18.7,3
1086,P004,2023-06-04,Fog,14.1,1
1087,P004,2023-06-07,Cloudy,24.3,17
1088,P004,2023-06-10,Clear,25.9,13
1089,P004,2023-06-13,Clear,6.7,5
1090,P004,2023-06-16,Thunderstorm,86.4,5
1091,P004,2023-06-19,Cloudy,19.7,20
1092,P004,2023-06-22,Rain,24.4,8
1093,P004,2023-06-25,Clear,5.9,9
1094,P004,2023-06-28,Rain,10.3,9
1095,P004,2023-07-01,Clear,30.0,8
1096,P004,2023-07-04,Clear,24.1,6
1097,P004,2023-07-07,Clear,30.7,13
1098,P004,2023-07-10,Storm,49.7,5
1099,P004,2023-07-13,Rain,15.0,15
1100,P004,2023-07-16,Thunderstorm,48.5,5
1101,P004,2023-07-19,Rain,16.0,5
1102,P004,2023-07-22,Fog,11.0,3
1103,P004,2023-07-25,Rain,6.9,9
1104,P004,2023-07-28,Rain,7.5,19
1105,P004,2023-07-31,Clear,23.3,18
1106,P004,2023-08-03,Clear,27.4,5
1107,P004,2023-08-06,Clear,21.8,8
1108,P004,2023-08-09,Clear,22.0,7
1109,P004,2023-08-12,Cloudy,18.9,8
1110,P004,2023-08-15,Fog,7.7,1
1111,P004,2023-08-18,Clear,22.7,5
1112,P004,2023-08-21,Rain,28.7,11
1113,P004,2023-08-24,Cloudy,18.8,12
1114,P004,2023-08-27,Clear,25.4,11
1115,P004,2023-08-30,Rain,27.1,14
1116,P004,2023-09-02,Clear,26.2,10
1117,P004,2023-09-05,Clear,22.0,18
1118,P004,2023-09-08,Clear,10.6,11
1119,P004,2023-09-11,Clear,13.8,19
1120,P004,2023-09-14,Clear,19.7,16
1121,P004,2023-09-17,Clear,24.3,19
1122,P004,2023-09-20,Rain,25.6,10
1123,P004,2023-09-23,Clear,30.0,17
1124,P004,2023-09-26,Clear,22.1,18
1125,P004,2023-09-29,Clear,29.3,14
1126,P004,2023-10-02,Clear,26.0,13
1127,P004,2023-10-05,Clear,28.2,13
1128,P004,2023-10-08,Clear,12.8,8
1129,P004,2023-10-11,Cloudy,23.9,20
1130,P004,2023-10-14,Clear,22.6,16
1131,P004,2023-10-17,Cloudy,24.7,6
1132,P004,2023-10-20,Clear,8.1,16
1133,P004,2023-10-23,Thunderstorm,40.4,4
1134,P004,2023-10-26,Cloudy,15.1,8
1135,P004,2023-10-29,Clear,15.7,10
1136,P004,2023-11-01,Cloudy,10.6,5
1137,P004,2023-11-04,Cloudy,23.5,18
1138,P004,2023-11-07,Rain,19.2,12
1139,P004,2023-11-10,Clear,16.2,15
1140,P004,2023-11-13,Cloudy,17.0,6
1141,P004,2023-11-16,Storm,83.9,5
1142,P004,2023-11-19,Clear,17.8,13
1143,P004,2023-11-22,Fog,11.0,1
1144,P004,2023-11-25,Clear,10.0,14
1145,P004,2023-11-28,Thunderstorm,88.3,5
1146,P004,2023-12-01,Clear,34.2,9
1147,P004,2023-12-04,Clear,15.0,6
1148,P004,2023-12-07,Storm,55.5,2
1149,P004,2023-12-10,Rain,18.8,10
1150,P004,2023-12-13,Cloudy,24.8,11
1151,P004,2023-12-16,Thunderstorm,55.1,1
1152,P004,2023-12-19,Clear,30.7,18
1153,P004,2023-12-22,Clear,12.3,16
1154,P004,2023-12-25,Clear,9.8,8
1155,P004,2023-12-28,Cloudy,25.6,11
1156,P004,2023-12-31,Fog,15.0,2
1157,P004,2024-01-03,Rain,27.9,8
1158,P004,2024-01-06,Clear,14.6,9
1159,P004,2024-01-09,Clear,14.8,14
1160,P004,2024-01-12,Rain,26.9,18
1161,P004,2024-01-15,Cloudy,21.0,16
1162,P004,2024-01-18,Cloudy,27.2,5
1163,P004,2024-01-21,Clear,23.3,12
1164,P004,2024-01-24,Clear,15.2,5
1165,P004,2024-01-27,Cloudy,27.6,7
1166,P004,2024-01-30,Cloudy,9.1,11
1167,P004,2024-02-02,Clear,14.1,7
1168,P004,2024-02-05,Clear,24.6,18
1169,P004,2024-02-08,Clear,14.3,20
1170,P004,2024-02-11,Clear,33.8,18
1171,P004,2024-02-14,Clear,16.9,8
1172,P004,2024-02-17,Cloudy,7.5,8
1173,P004,2024-02-20,Rain,17.1,5
1174,P004,2024-02-23,Clear,8.9,17
1175,P004,2024-02-26,Rain,5.3,17
1176,P004,2024-02-29,Cloudy,6.6,18
1177,P004,2024-03-03,Clear,24.0,19
1178,P004,2024-03-06,Cloudy,28.4,15
1179,P004,2024-03-09,Thunderstorm,88.6,1
1180,P004,2024-03-12,Rain,34.4,17
1181,P004,2024-03-15,Thunderstorm,44.0,1
1182,P004,2024-03-18,Clear,33.0,13
1183,P004,2024-03-21,Clear,29.4,19
1184,P004,2024-03-24,Cloudy,18.9,6
1185,P004,2024-03-27,Clear,19.7,16
1186,P004,2024-03-30,Clear,23.0,16
1187,P004,2024-04-02,Clear,15.1,14
1188,P004,2024-04-05,Rain,5.7,13
1189,P004,2024-04-08,Clear,15.7,5
1190,P004,2024-04-11,Cloudy,13.9,6
1191,P004,2024-04-14,Cloudy,15.7,6
1192,P004,2024-04-17,Cloudy,16.9,10
1193,P004,2024-04-20,Clear,7.8,9
1194,P004,2024-04-23,Cloudy,17.9,13
1195,P004,2024-04-26,Clear,18.7,12
1196,P004,2024-04-29,Fog,18.6,3
1197,P004,2024-05-02,Rain,22.1,6
1198,P004,2024-05-05,Clear,16.2,9
1199,P004,2024-05-08,Cloudy,26.7,8
1200,P004,2024-05-11,Clear,34.4,7
1201,P004,2024-05-14,Clear,24.1,14
1202,P004,2024-05-17,Cloudy,5.7,13
1203,P004,2024-05-20,Rain,27.3,7
1204,P004,2024-05-23,Thunderstorm,61.7,1
1205,P004,2024-05-26,Rain,22.1,14
1206,P004,2024-05-29,Cloudy,21.2,12
1207,P004,2024-06-01,Rain,6.5,20
1208,P004,2024-06-04,Clear,33.1,13
1209,P004,2024-06-07,Rain,28.3,13
1210,P004,2024-06-10,Cloudy,6.4,17
1211,P004,2024-06-13,Fog,15.2,2
1212,P004,2024-06-16,Clear,11.2,18
1213,P004,2024-06-19,Rain,13.2,19
1214,P004,2024-06-22,Cloudy,34.3,15
1215,P004,2024-06-25,Clear,11.7,15
1216,P004,2024-06-28,Clear,23.3,19
1217,P005,2022-01-01,Cloudy,24.0,15
1218,P005,2022-01-04,Cloudy,19.3,5
1219,P005,2022-01-07,Clear,14.6,19
1220,P005,2022-01-10,Clear,30.6,20
1221,P005,2022-01-13,Clear,25.9,17
1222,P005,2022-01-16,Clear,6.0,7
1223,P005,2022-01-19,Cloudy,21.8,16
1224,P005,2022-01-22,Clear,27.4,16
1225,P005,2022-01-25,Clear,27.5,19
1226,P005,2022-01-28,Rain,5.9,10
1227,P005,2022-01-31,Cloudy,21.9,18
1228,P005,2022-02-03,Storm,41.2,3
1229,P005,2022-02-06,Cloudy,19.7,12
1230,P005,2022-02-09,Clear,21.1,17
1231,P005,2022-02-12,Cloudy,30.5,8
1232,P005,2022-02-15,Clear,11.3,8
1233,P005,2022-02-18,Cloudy,10.4,10
1234,P005,2022-02-21,Rain,34.5,17
1235,P005,2022-02-24,Cloudy,15.6,11
1236,P005,2022-02-27,Cloudy,23.0,15
1237,P005,2022-03-02,Rain,23.9,15
1238,P005,2022-03-05,Cloudy,21.0,12
1239,P005,2022-03-08,Thunderstorm,64.7,4
1240,P005,2022-03-11,Clear,32.7,10
1241,P005,2022-03-14,Fog,7.7,2
1242,P005,2022-03-17,Clear,29.9,19
1243,P005,2022-03-20,Rain,25.5,8
1244,P005,2022-03-23,Clear,24.6,18
1245,P005,2022-03-26,Cloudy,24.1,12
1246,P005,2022-03-29,Clear,23.6,7
1247,P005,2022-04-01,Cloudy,27.0,5
1248,P005,2022-04-04,Clear,12.5,20
1249,P005,2022-04-07,Rain,33.6,5
1250,P005,2022-04-10,Rain,31.5,17
1251,P005,2022-04-13,Cloudy,30.9,10
1252,P005,2022-04-16,Cloudy,26.7,12
1253,P005,2022-04-19,Clear,33.1,11
1254,P005,2022-04-22,Clear,13.8,5
1255,P005,2022-04-25,Clear,18.8,12
1256,P005,2022-04-28,Rain,18.3,12
1257,P005,2022-05-01,Rain,34.2,8
1258,P005,2022-05-04,Rain,30.1,10
1259,P005,2022-05-07,Clear,26.7,7
1260,P005,2022-05-10,Clear,6.0,18
1261,P005,2022-05-13,Thunderstorm,89.8,4
1262,P005,2022-05-16,Clear,17.5,13
1263,P005,2022-05-19,Thunderstorm,66.9,5
1264,P005,2022-05-22,Cloudy,21.0,5
1265,P005,2022-05-25,Cloudy,29.8,6
1266,P005,2022-05-28,Clear,17.0,6
1267,P005,2022-05-31,Clear,26.5,19
1268,P005,2022-06-03,Cloudy,8.7,9
1269,P005,2022-06-06,Thunderstorm,77.9,5
1270,P005,2022-06-09,Rain,8.4,10
1271,P005,2022-06-12,Clear,24.7,9
1272,P005,2022-06-15,Fog,16.9,1
1273,P005,2022-06-18,Clear,14.9,7
1274,P005,2022-06-21,Cloudy,26.3,12
1275,P005,2022-06-24,Rain,15.3,19
1276,P005,2022-06-27,Clear,18.5,13
1277,P005,2022-06-30,Cloudy,22.8,9
1278,P005,2022-07-03,Clear,13.7,12
1279,P005,2022-07-06,Thunderstorm,68.2,3
1280,P005,2022-07-09,Clear,26.5,14
1281,P005,2022-07-12,Cloudy,18.2,14
1282,P005,2022-07-15,Clear,29.2,9
1283,P005,2022-07-18,Clear,13.8,17
1284,P005,2022-07-21,Clear,11.8,11
1285,P005,2022-07-24,Cloudy,9.5,5
1286,P005,2022-07-27,Clear,26.6,17
1287,P005,2022-07-30,Cloudy,32.0,16
1288,P005,2022-08-02,Cloudy,22.6,15
1289,P005,2022-08-05,Cloudy,16.3,20
1290,P005,2022-08-08,Cloudy,31.1,20
1291,P005,2022-08-11,Clear,31.9,5
1292,P005,2022-08-14,Rain,6.9,12
1293,P005,2022-08-17,Clear,11.7,13
1294,P005,2022-08-20,Cloudy,26.9,8
1295,P005,2022-08-23,Cloudy,15.7,19
1296,P005,2022-08-26,Cloudy,24.2,5
1297,P005,2022-08-29,Thunderstorm,82.3,5
1298,P005,2022-09-01,Thunderstorm,77.1,3
1299,P005,2022-09-04,Rain,17.0,8
1300,P005,2022-09-07,Fog,12.6,2
1301,P005,2022-09-10,Cloudy,21.0,7
1302,P005,2022-09-13,Storm,42.8,5
1303,P005,2022-09-16,Cloudy,12.3,10
1304,P005,2022-09-19,Rain,24.5,12
1305,P005,2022-09-22,Clear,26.5,10
1306,P005,2022-09-25,Clear,23.3,13
1307,P005,2022-09-28,Clear,10.7,7
1308,P005,2022-10-01,Fog,7.0,2
1309,P005,2022-10-04,Clear,11.8,20
1310,P005,2022-10-07,Cloudy,21.1,6
1311,P005,2022-10-10,Clear,24.0,11
1312,P005,2022-10-13,Cloudy,18.3,20
1313,P005,2022-10-16,Clear,21.3,11
1314,P005,2022-10-19,Cloudy,14.0,5
1315,P005,2022-10-22,Cloudy,30.8,8
1316,P005,2022-10-25,Rain,18.3,11
1317,P005,2022-10-28,Cloudy,24.0,19
1318,P005,2022-10-31,Storm,52.6,4
1319,P005,2022-11-03,Cloudy,19.8,10
1320,P005,2022-11-06,Clear,19.5,14
1321,P005,2022-11-09,Fog,9.5,3
1322,P005,2022-11-12,Clear,13.3,14
1323,P005,2022-11-15,Cloudy,8.3,10
1324,P005,2022-11-18,Cloudy,14.6,20
1325,P005,2022-11-21,Cloudy,10.4,18
1326,P005,2022-11-24,Rain,7.8,19
1327,P005,2022-11-27,Clear,25.6,10
1328,P005,2022-11-30,Clear,8.3,12
1329,P005,2022-12-03,Clear,20.1,15
1330,P005,2022-12-06,Rain,19.2,14
1331,P005,2022-12-09,Fog,8.2,3
1332,P005,2022-12-12,Clear,9.7,17
1333,P005,2022-12-15,Rain,30.6,10
1334,P005,2022-12-18,Clear,20.5,20
1335,P005,2022-12-21,Rain,28.7,13
1336,P005,2022-12-24,Clear,12.9,14
1337,P005,2022-12-27,Clear,14.2,16
1338,P005,2022-12-30,Rain,14.5,14
1339,P005,2023-01-02,Cloudy,16.8,18
1340,P005,2023-01-05,Clear,33.2,6
1341,P005,2023-01-08,Storm,57.7,2
1342,P005,2023-01-11,Storm,78.4,1
1343,P005,2023-01-14,Rain,11.1,13
1344,P005,2023-01-17,Clear,16.2,15
1345,P005,2023-01-20,Cloudy,16.5,11
1346,P005,2023-01-23,Rain,23.5,19
1347,P005,2023-01-26,Thunderstorm,45.3,2
1348,P005,2023-01-29,Clear,26.7,20
1349,P005,2023-02-01,Fog,19.2,3
1350,P005,2023-02-04,Clear,33.8,20
1351,P005,2023-02-07,Clear,34.6,17
1352,P005,2023-02-10,Clear,6.7,15
1353,P005,2023-02-13,Clear,16.1,14
1354,P005,2023-02-16,Clear,9.0,7
1355,P005,2023-02-19,Clear,28.3,18
1356,P005,2023-02-22,Rain,31.2,14
1357,P005,2023-02-25,Cloudy,21.9,19
1358,P005,2023-02-28,Clear,22.2,13
1359,P005,2023-03-03,Cloudy,29.5,5
1360,P005,2023-03-06,Clear,28.1,15
1361,P005,2023-03-09,Fog,10.4,2
1362,P005,2023-03-12,Rain,11.4,15
1363,P005,2023-03-15,Cloudy,18.8,15
1364,P005,2023-03-18,Clear,34.1,13
1365,P005,2023-03-21,Clear,27.4,5
1366,P005,2023-03-24,Clear,24.3,18
1367,P005,2023-03-27,Clear,19.6,6
1368,P005,2023-03-30,Thunderstorm,43.0,5
1369,P005,2023-04-02,Clear,22.0,6
1370,P005,2023-04-05,Fog,18.1,2
1371,P005,2023-04-08,Rain,19.8,15
1372,P005,2023-04-11,Cloudy,27.0,7
1373,P005,2023-04-14,Storm,79.0,5
1374,P005,2023-04-17,Clear,20.4,7
1375,P005,2023-04-20,Cloudy,19.1,11
1376,P005,2023-04-23,Rain,28.0,18
1377,P005,2023-04-26,Rain,19.0,9
1378,P005,2023-04-29,Rain,7.2,15
1379,P005,2023-05-02,Cloudy,28.4,18
1380,P005,2023-05-05,Thunderstorm,60.1,3
1381,P005,2023-05-08,Clear,29.8,5
1382,P005,2023-05-11,Clear,14.7,9
1383,P005,2023-05-14,Clear,11.7,15
1384,P005,2023-05-17,Cloudy,24.6,11
1385,P005,2023-05-20,Rain,22.2,16
1386,P005,2023-05-23,Thunderstorm,75.7,5
1387,P005,2023-05-26,Clear,28.2,11
1388,P005,2023-05-29,Clear,8.0,6
1389,P005,2023-06-01,Rain,21.2,7
1390,P005,2023-06-04,Clear,14.5,12
1391,P005,2023-06-07,Rain,11.1,10
1392,P005,2023-06-10,Cloudy,13.1,11
1393,P005,2023-06-13,Rain,5.8,19
1394,P005,2023-06-16,Clear,33.4,5
1395,P005,2023-06-19,Cloudy,27.3,11
1396,P005,2023-06-22,Clear,18.4,17
1397,P005,2023-06-25,Clear,28.1,8
1398,P005,2023-06-28,Clear,10.3,8
1399,P005,2023-07-01,Clear,11.3,20
1400,P005,2023-07-04,Rain,15.8,15
1401,P005,2023-07-07,Cloudy,11.3,7
1402,P005,2023-07-10,Rain,15.8,13
1403,P005,2023-07-13,Cloudy,33.3,5
1404,P005,2023-07-16,Clear,29.1,17
1405,P005,2023-07-19,Storm,45.0,3
1406,P005,2023-07-22,Fog,17.5,2
1407,P005,2023-07-25,Fog,14.8,1
1408,P005,2023-07-28,Storm,44.2,4
1409,P005,2023-07-31,Thunderstorm,40.8,3
1410,P005,2023-08-03,Rain,31.9,6
1411,P005,2023-08-06,Clear,12.5,5
1412,P005,2023-08-09,Clear,9.7,20
1413,P005,2023-08-12,Rain,6.8,11
1414,P005,2023-08-15,Thunderstorm,73.0,3
1415,P005,2023-08-18,Cloudy,29.7,18
1416,P005,2023-08-21,Clear,33.1,9
1417,P005,2023-08-24,Rain,29.3,10
1418,P005,2023-08-27,Clear,32.7,10
1419,P005,2023-08-30,Clear,11.1,17
1420,P005,2023-09-02,Cloudy,32.3,13
1421,P005,2023-09-05,Cloudy,5.9,5
1422,P005,2023-09-08,Clear,31.7,6
1423,P005,2023-09-11,Rain,9.3,18
1424,P005,2023-09-14,Clear,16.3,10
1425,P005,2023-09-17,Clear,5.4,12
1426,P005,2023-09-20,Clear,34.6,8
1427,P005,2023-09-23,Storm,63.2,4
1428,P005,2023-09-26,Thunderstorm,66.8,2
1429,P005,2023-09-29,Thunderstorm,80.5,1
1430,P005,2023-10-02,Clear,19.1,13
1431,P005,2023-10-05,Clear,24.7,16
1432,P005,2023-10-08,Fog,15.0,1
1433,P005,2023-10-11,Cloudy,27.5,11
1434,P005,2023-10-14,Clear,20.4,9
1435,P005,2023-10-17,Clear,7.5,8
1436,P005,2023-10-20,Rain,13.5,8
1437,P005,2023-10-23,Clear,12.5,14
1438,P005,2023-10-26,Clear,34.2,13
1439,P005,2023-10-29,Rain,9.0,18
1440,P005,2023-11-01,Clear,9.4,6
1441,P005,2023-11-04,Rain,29.0,6
1442,P005,2023-11-07,Rain,34.4,5
1443,P005,2023-11-10,Clear,6.0,12
1444,P005,2023-11-13,Clear,14.7,20
1445,P005,2023-11-16,Cloudy,15.3,17
1446,P005,2023-11-19,Cloudy,11.4,13
1447,P005,2023-11-22,Cloudy,8.5,13
1448,P005,2023-11-25,Rain,20.4,15
1449,P005,2023-11-28,Clear,31.8,13
1450,P005,2023-12-01,Clear,31.2,19
1451,P005,2023-12-04,Rain,25.0,15
1452,P005,2023-12-07,Rain,12.9,16
1453,P005,2023-12-10,Cloudy,5.8,9
1454,P005,2023-12-13,Clear,34.3,8
1455,P005,2023-12-16,Clear,26.4,9
1456,P005,2023-12-19,Thunderstorm,55.4,4
1457,P005,2023-12-22,Cloudy,33.2,10
1458,P005,2023-12-25,Clear,33.2,11
1459,P005,2023-12-28,Clear,25.4,5
1460,P005,2023-12-31,Clear,27.3,9
1461,P005,2024-01-03,Cloudy,20.9,6
1462,P005,2024-01-06,Rain,15.9,12
1463,P005,2024-01-09,Rain,34.9,10
1464,P005,2024-01-12,Clear,8.0,10
1465,P005,2024-01-15,Cloudy,30.8,12
1466,P005,2024-01-18,Thunderstorm,77.6,2
1467,P005,2024-01-21,Cloudy,33.7,18
1468,P005,2024-01-24,Thunderstorm,53.9,4
1469,P005,2024-01-27,Clear,32.0,18
1470,P005,2024-01-30,Thunderstorm,63.4,2
1471,P005,2024-02-02,Rain,14.0,7
1472,P005,2024-02-05,Clear,21.7,14
1473,P005,2024-02-08,Clear,27.0,7
1474,P005,2024-02-11,Clear,17.3,9
1475,P005,2024-02-14,Cloudy,9.8,12
1476,P005,2024-02-17,Clear,9.8,18
1477,P005,2024-02-20,Clear,10.8,16
1478,P005,2024-02-23,Clear,33.9,13
1479,P005,2024-02-26,Clear,17.0,9
1480,P005,2024-02-29,Clear,9.3,13
1481,P005,2024-03-03,Rain,5.3,8
1482,P005,2024-03-06,Cloudy,20.7,20
1483,P005,2024-03-09,Clear,18.1,8
1484,P005,2024-03-12,Cloudy,23.3,9
1485,P005,2024-03-15,Clear,34.4,15
1486,P005,2024-03-18,Thunderstorm,87.5,1
1487,P005,2024-03-21,Clear,31.7,8
1488,P005,2024-03-24,Cloudy,17.8,10
1489,P005,2024-03-27,Thunderstorm,74.6,4
1490,P005,2024-03-30,Rain,11.7,8
1491,P005,2024-04-02,Clear,27.0,16
1492,P005,2024-04-05,Clear,30.5,20
1493,P005,2024-04-08,Thunderstorm,88.2,4
1494,P005,2024-04-11,Clear,8.2,13
1495,P005,2024-04-14,Thunderstorm,76.6,3
1496,P005,2024-04-17,Cloudy,14.9,13
1497,P005,2024-04-20,Storm,44.2,1
1498,P005,2024-04-23,Rain,19.6,20
1499,P005,2024-04-26,Clear,18.0,13
1500,P005,2024-04-29,Clear,28.4,20
1501,P005,2024-05-02,Cloudy,30.1,17
1502,P005,2024-05-05,Cloudy,31.1,17
1503,P005,2024-05-08,Clear,8.2,8
1504,P005,2024-05-11,Cloudy,8.5,12
1505,P005,2024-05-14,Clear,25.2,18
1506,P005,2024-05-17,Rain,26.5,6
1507,P005,2024-05-20,Clear,28.6,19
1508,P005,2024-05-23,Cloudy,20.7,17
1509,P005,2024-05-26,Rain,23.8,18
1510,P005,2024-05-29,Rain,5.8,10
1511,P005,2024-06-01,Clear,33.4,8
1512,P005,2024-06-04,Clear,17.4,5
1513,P005,2024-06-07,Rain,30.5,13
1514,P005,2024-06-10,Clear,25.5,16
1515,P005,2024-06-13,Storm,52.4,4
1516,P005,2024-06-16,Rain,14.7,13
1517,P005,2024-06-19,Rain,9.8,15
1518,P005,2024-06-22,Rain,27.6,10
1519,P005,2024-06-25,Thunderstorm,82.8,3
1520,P005,2024-06-28,Clear,21.1,12
1521,P006,2022-01-01,Clear,14.2,7
1522,P006,2022-01-04,Cloudy,14.4,20
1523,P006,2022-01-07,Cloudy,27.7,11
1524,P006,2022-01-10,Clear,26.2,16
1525,P006,2022-01-13,Clear,18.1,16
1526,P006,2022-01-16,Rain,33.8,15
1527,P006,2022-01-19,Clear,10.7,14
1528,P006,2022-01-22,Fog,15.5,3
1529,P006,2022-01-25,Clear,21.8,10
1530,P006,2022-01-28,Clear,25.9,11
1531,P006,2022-01-31,Clear,26.3,17
1532,P006,2022-02-03,Thunderstorm,47.3,3
1533,P006,2022-02-06,Cloudy,16.9,17
1534,P006,2022-02-09,Clear,33.7,14
1535,P006,2022-02-12,Cloudy,34.1,15
1536,P006,2022-02-15,Storm,62.1,1
1537,P006,2022-02-18,Clear,9.7,13
1538,P006,2022-02-21,Clear,11.7,12
1539,P006,2022-02-24,Clear,11.8,11
1540,P006,2022-02-27,Clear,13.9,5
1541,P006,2022-03-02,Thunderstorm,64.2,4
1542,P006,2022-03-05,Cloudy,21.5,11
1543,P006,2022-03-08,Cloudy,30.4,17
1544,P006,2022-03-11,Cloudy,31.7,17
1545,P006,2022-03-14,Rain,26.2,16
1546,P006,2022-03-17,Rain,12.9,16
1547,P006,2022-03-20,Clear,32.8,12
1548,P006,2022-03-23,Clear,15.7,9
1549,P006,2022-03-26,Clear,29.8,12
1550,P006,2022-03-29,Rain,22.4,8
1551,P006,2022-04-01,Storm,79.2,5
1552,P006,2022-04-04,Rain,21.1,8
1553,P006,2022-04-07,Rain,23.1,16
1554,P006,2022-04-10,Rain,24.3,12
1555,P006,2022-04-13,Cloudy,22.2,6
1556,P006,2022-04-16,Cloudy,18.1,18
1557,P006,2022-04-19,Clear,34.9,5
1558,P006,2022-04-22,Cloudy,21.8,6
1559,P006,2022-04-25,Thunderstorm,63.8,2
1560,P006,2022-04-28,Clear,15.6,13
1561,P006,2022-05-01,Cloudy,33.4,5
1562,P006,2022-05-04,Rain,19.7,9
1563,P006,2022-05-07,Storm,50.8,4
1564,P006,2022-05-10,Clear,25.9,14
1565,P006,2022-05-13,Clear,22.1,18
1566,P006,2022-05-16,Clear,21.2,15
1567,P006,2022-05-19,Thunderstorm,88.5,1
1568,P006,2022-05-22,Rain,15.8,8
1569,P006,2022-05-25,Rain,7.1,7
1570,P006,2022-05-28,Cloudy,26.9,11
1571,P006,2022-05-31,Clear,23.0,10
1572,P006,2022-06-03,Thunderstorm,41.5,4
1573,P006,2022-06-06,Rain,15.0,8
1574,P006,2022-06-09,Fog,13.6,3
1575,P006,2022-06-12,Clear,17.2,20
1576,P006,2022-06-15,Clear,15.3,8
1577,P006,2022-06-18,Clear,10.3,18
1578,P006,2022-06-21,Thunderstorm,65.0,2
1579,P006,2022-06-24,Clear,11.0,16
1580,P006,2022-06-27,Storm,71.7,3
1581,P006,2022-06-30,Cloudy,7.8,13
1582,P006,2022-07-03,Clear,23.2,6
1583,P006,2022-07-06,Rain,7.9,5
1584,P006,2022-07-09,Storm,66.5,1
1585,P006,2022-07-12,Clear,14.2,16
1586,P006,2022-07-15,Thunderstorm,87.8,2
1587,P006,2022-07-18,Cloudy,19.9,11
1588,P006,2022-07-21,Storm,44.8,2
1589,P006,2022-07-24,Cloudy,22.2,19
1590,P006,2022-07-27,Rain,31.4,10
1591,P006,2022-07-30,Cloudy,29.4,19
1592,P006,2022-08-02,Clear,6.2,8
1593,P006,2022-08-05,Rain,14.3,14
1594,P006,2022-08-08,Clear,25.5,10
1595,P006,2022-08-11,Fog,12.5,3
1596,P006,2022-08-14,Clear,23.4,15
1597,P006,2022-08-17,Fog,18.9,3
1598,P006,2022-08-20,Thunderstorm,79.2,1
1599,P006,2022-08-23,Rain,7.0,12
1600,P006,2022-08-26,Clear,12.2,20
1601,P006,2022-08-29,Clear,17.1,16
1602,P006,2022-09-01,Clear,34.5,20
1603,P006,2022-09-04,Rain,32.3,8
1604,P006,2022-09-07,Thunderstorm,44.5,3
1605,P006,2022-09-10,Fog,13.4,3
1606,P006,2022-09-13,Cloudy,16.8,11
1607,P006,2022-09-16,Clear,9.1,11
1608,P006,2022-09-19,Clear,23.8,17
1609,P006,2022-09-22,Cloudy,7.5,5
1610,P006,2022-09-25,Cloudy,14.6,20
1611,P006,2022-09-28,Cloudy,14.2,14
1612,P006,2022-10-01,Rain,26.0,6
1613,P006,2022-10-04,Clear,7.7,10
1614,P006,2022-10-07,Cloudy,27.2,5
1615,P006,2022-10-10,Clear,14.1,11
1616,P006,2022-10-13,Clear,21.1,18
1617,P006,2022-10-16,Rain,20.7,10
1618,P006,2022-10-19,Cloudy,25.4,6
1619,P006,2022-10-22,Fog,6.5,1
1620,P006,2022-10-25,Thunderstorm,75.6,1
1621,P006,2022-10-28,Rain,19.9,5
1622,P006,2022-10-31,Clear,16.4,8
1623,P006,2022-11-03,Fog,5.1,1
1624,P006,2022-11-06,Rain,32.5,15
1625,P006,2022-11-09,Storm,89.4,2
1626,P006,2022-11-12,Clear,30.1,6
1627,P006,2022-11-15,Clear,23.0,13
1628,P006,2022-11-18,Thunderstorm,61.1,5
1629,P006,2022-11-21,Rain,32.1,14
1630,P006,2022-11-24,Clear,31.4,13
1631,P006,2022-11-27,Cloudy,5.3,18
1632,P006,2022-11-30,Clear,30.3,11
1633,P006,2022-12-03,Rain,19.6,5
1634,P006,2022-12-06,Cloudy,16.9,19
1635,P006,2022-12-09,Clear,25.7,7
1636,P006,2022-12-12,Cloudy,8.5,20
1637,P006,2022-12-15,Clear,21.1,10
1638,P006,2022-12-18,Fog,8.8,3
1639,P006,2022-12-21,Rain,25.9,14
1640,P006,2022-12-24,Cloudy,13.5,13
1641,P006,2022-12-27,Clear,8.6,11
1642,P006,2022-12-30,Fog,13.3,2
1643,P006,2023-01-02,Clear,20.5,6
1644,P006,2023-01-05,Cloudy,8.3,12
1645,P006,2023-01-08,Clear,16.6,7
1646,P006,2023-01-11,Rain,29.2,12
1647,P006,2023-01-14,Cloudy,16.1,9
1648,P006,2023-01-17,Cloudy,28.1,11
1649,P006,2023-01-20,Rain,26.7,6
1650,P006,2023-01-23,Cloudy,33.5,15
1651,P006,2023-01-26,Thunderstorm,52.5,2
1652,P006,2023-01-29,Clear,11.0,6
1653,P006,2023-02-01,Clear,9.6,14
1654,P006,2023-02-04,Cloudy,11.8,11
1655,P006,2023-02-07,Clear,26.6,5
1656,P006,2023-02-10,Thunderstorm,43.5,2
1657,P006,2023-02-13,Cloudy,13.6,10
1658,P006,2023-02-16,Clear,33.9,6
1659,P006,2023-02-19,Clear,7.0,5
1660,P006,2023-02-22,Cloudy,10.1,15
1661,P006,2023-02-25,Clear,9.3,8
1662,P006,2023-02-28,Rain,5.2,5
1663,P006,2023-03-03,Cloudy,29.4,8
1664,P006,2023-03-06,Thunderstorm,78.1,1
1665,P006,2023-03-09,Cloudy,7.2,20
1666,P006,2023-03-12,Fog,14.7,2
1667,P006,2023-03-15,Rain,16.6,12
1668,P006,2023-03-18,Rain,23.4,16
1669,P006,2023-03-21,Storm,71.8,4
1670,P006,2023-03-24,Fog,7.3,3
1671,P006,2023-03-27,Thunderstorm,51.2,3
1672,P006,2023-03-30,Cloudy,10.2,17
1673,P006,2023-04-02,Storm,84.1,3
1674,P006,2023-04-05,Rain,18.0,14
1675,P006,2023-04-08,Clear,18.8,12
1676,P006,2023-04-11,Storm,46.3,3
1677,P006,2023-04-14,Clear,17.2,18
1678,P006,2023-04-17,Cloudy,18.6,17
1679,P006,2023-04-20,Cloudy,15.1,17
1680,P006,2023-04-23,Clear,20.9,12
1681,P006,2023-04-26,Clear,10.7,11
1682,P006,2023-04-29,Fog,15.9,3
1683,P006,2023-05-02,Clear,18.9,18
1684,P006,2023-05-05,Clear,14.2,17
1685,P006,2023-05-08,Clear,8.3,19
1686,P006,2023-05-11,Clear,30.0,18
1687,P006,2023-05-14,Clear,11.5,10
1688,P006,2023-05-17,Rain,33.1,18
1689,P006,2023-05-20,Clear,18.3,11
1690,P006,2023-05-23,Clear,25.0,13
1691,P006,2023-05-26,Storm,74.0,2
1692,P006,2023-05-29,Cloudy,22.3,11
1693,P006,2023-06-01,Clear,14.5,12
1694,P006,2023-06-04,Thunderstorm,46.5,4
1695,P006,2023-06-07,Clear,33.0,6
1696,P006,2023-06-10,Rain,28.6,7
1697,P006,2023-06-13,Clear,32.6,6
1698,P006,2023-06-16,Clear,7.7,16
1699,P006,2023-06-19,Clear,9.5,11
1700,P006,2023-06-22,Clear,7.0,15
1701,P006,2023-06-25,Cloudy,29.8,20
1702,P006,2023-06-28,Clear,10.3,14
1703,P006,2023-07-01,Clear,21.9,9
1704,P006,2023-07-04,Clear,8.6,18
1705,P006,2023-07-07,Clear,21.6,20
1706,P006,2023-07-10,Rain,13.4,12
1707,P006,2023-07-13,Storm,73.2,2
1708,P006,2023-07-16,Fog,6.5,1
1709,P006,2023-07-19,Clear,16.4,17
1710,P006,2023-07-22,Cloudy,28.0,16
1711,P006,2023-07-25,Fog,13.8,1
1712,P006,2023-07-28,Cloudy,5.6,20
1713,P006,2023-07-31,Fog,13.5,2
1714,P006,2023-08-03,Storm,84.3,1
1715,P006,2023-08-06,Clear,23.7,17
1716,P006,2023-08-09,Fog,6.7,3
1717,P006,2023-08-12,Clear,24.0,14
1718,P006,2023-08-15,Rain,33.5,7
1719,P006,2023-08-18,Clear,34.5,20
1720,P006,2023-08-21,Clear,31.7,18
1721,P006,2023-08-24,Storm,58.3,3
1722,P006,2023-08-27,Clear,13.4,5
1723,P006,2023-08-30,Cloudy,32.2,6
1724,P006,2023-09-02,Cloudy,26.0,13
1725,P006,2023-09-05,Cloudy,18.0,6
1726,P006,2023-09-08,Clear,34.9,19
1727,P006,2023-09-11,Rain,15.0,6
1728,P006,2023-09-14,Clear,34.3,5
1729,P006,2023-09-17,Rain,5.6,17
1730,P006,2023-09-20,Clear,19.1,17
1731,P006,2023-09-23,Clear,25.2,17
1732,P006,2023-09-26,Clear,29.1,18
1733,P006,2023-09-29,Cloudy,15.3,16
1734,P006,2023-10-02,Rain,21.6,20
1735,P006,2023-10-05,Clear,7.5,19
1736,P006,2023-10-08,Fog,6.3,3
1737,P006,2023-10-11,Fog,17.9,1
1738,P006,2023-10-14,Clear,8.9,8
1739,P006,2023-10-17,Clear,10.3,7
1740,P006,2023-10-20,Clear,29.0,7
1741,P006,2023-10-23,Thunderstorm,40.5,1
1742,P006,2023-10-26,Rain,15.2,7
1743,P006,2023-10-29,Clear,23.8,19
1744,P006,2023-11-01,Cloudy,14.9,8
1745,P006,2023-11-04,Cloudy,6.7,9
1746,P006,2023-11-07,Clear,27.4,7
1747,P006,2023-11-10,Clear,26.5,7
1748,P006,2023-11-13,Clear,28.7,12
1749,P006,2023-11-16,Clear,26.5,17
1750,P006,2023-11-19,Clear,20.9,20
1751,P006,2023-11-22,Rain,26.2,20
1752,P006,2023-11-25,Cloudy,10.6,14
1753,P006,2023-11-28,Rain,22.8,6
1754,P006,2023-12-01,Cloudy,20.2,7
1755,P006,2023-12-04,Clear,10.9,9
1756,P006,2023-12-07,Thunderstorm,68.8,2
1757,P006,2023-12-10,Rain,26.1,7
1758,P006,2023-12-13,Clear,30.5,12
1759,P006,2023-12-16,Clear,24.1,14
1760,P006,2023-12-19,Cloudy,20.2,14
1761,P006,2023-12-22,Clear,12.5,16
1762,P006,2023-12-25,Rain,20.9,13
1763,P006,2023-12-28,Clear,9.8,6
1764,P006,2023-12-31,Clear,15.3,6
1765,P006,2024-01-03,Cloudy,29.5,7
1766,P006,2024-01-06,Rain,32.0,19
1767,P006,2024-01-09,Clear,27.3,7
1768,P006,2024-01-12,Clear,28.1,16
1769,P006,2024-01-15,Rain,23.2,7
1770,P006,2024-01-18,Cloudy,26.8,15
1771,P006,2024-01-21,Cloudy,27.3,20
1772,P006,2024-01-24,Clear,14.0,20
1773,P006,2024-01-27,Clear,35.0,11
1774,P006,2024-01-30,Clear,10.1,16
1775,P006,2024-02-02,Cloudy,31.4,15
1776,P006,2024-02-05,Fog,17.7,2
1777,P006,2024-02-08,Cloudy,32.0,19
1778,P006,2024-02-11,Clear,27.1,17
1779,P006,2024-02-14,Cloudy,5.7,9
1780,P006,2024-02-17,Rain,16.4,9
1781,P006,2024-02-20,Clear,5.4,10
1782,P006,2024-02-23,Clear,33.4,11
1783,P006,2024-02-26,Clear,16.7,9
1784,P006,2024-02-29,Clear,10.9,20
1785,P006,2024-03-03,Clear,14.1,13
1786,P006,2024-03-06,Clear,19.6,20
1787,P006,2024-03-09,Cloudy,33.4,10
1788,P006,2024-03-12,Cloudy,25.0,16
1789,P006,2024-03-15,Storm,43.3,3
1790,P006,2024-03-18,Rain,23.2,9
1791,P006,2024-03-21,Clear,33.3,11
1792,P006,2024-03-24,Cloudy,5.4,14
1793,P006,2024-03-27,Cloudy,15.2,14
1794,P006,2024-03-30,Rain,17.9,8
1795,P006,2024-04-02,Cloudy,20.9,15
1796,P006,2024-04-05,Rain,29.2,9
1797,P006,2024-04-08,Clear,34.1,7
1798,P006,2024-04-11,Clear,16.1,12
1799,P006,2024-04-14,Clear,14.8,12
1800,P006,2024-04-17,Fog,18.5,3
1801,P006,2024-04-20,Fog,19.6,2
1802,P006,2024-04-23,Cloudy,22.3,15
1803,P006,2024-04-26,Rain,32.1,15
1804,P006,2024-04-29,Rain,22.2,12
1805,P006,2024-05-02,Rain,23.3,12
1806,P006,2024-05-05,Cloudy,19.1,5
1807,P006,2024-05-08,Clear,31.4,17
1808,P006,2024-05-11,Rain,23.7,7
1809,P006,2024-05-14,Cloudy,18.9,13
1810,P006,2024-05-17,Clear,16.7,11
1811,P006,2024-05-20,Rain,13.3,9
1812,P006,2024-05-23,Clear,28.3,20
1813,P006,2024-05-26,Clear,24.0,15
1814,P006,2024-05-29,Clear,23.6,9
1815,P006,2024-06-01,Rain,33.7,20
1816,P006,2024-06-04,Storm,70.2,5
1817,P006,2024-06-07,Clear,29.3,11
1818,P006,2024-06-10,Fog,14.0,1
1819,P006,2024-06-13,Clear,6.8,11
1820,P006,2024-06-16,Cloudy,20.1,12
1821,P006,2024-06-19,Rain,17.7,5
1822,P006,2024-06-22,Clear,11.1,14
1823,P006,2024-06-25,Clear,24.5,18
1824,P006,2024-06-28,Clear,18.9,9
1825,P007,2022-01-01,Cloudy,16.5,10
1826,P007,2022-01-04,Cloudy,27.8,8
1827,P007,2022-01-07,Fog,11.8,1
1828,P007,2022-01-10,Rain,18.6,10
1829,P007,2022-01-13,Cloudy,14.7,5
1830,P007,2022-01-16,Clear,31.0,20
1831,P007,2022-01-19,Clear,14.5,17
1832,P007,2022-01-22,Cloudy,23.9,15
1833,P007,2022-01-25,Clear,14.8,6
1834,P007,2022-01-28,Cloudy,14.7,6
1835,P007,2022-01-31,Thunderstorm,42.8,2
1836,P007,2022-02-03,Cloudy,32.8,9
1837,P007,2022-02-06,Clear,20.7,12
1838,P007,2022-02-09,Clear,15.8,16
1839,P007,2022-02-12,Clear,17.4,7
1840,P007,2022-02-15,Cloudy,21.4,18
1841,P007,2022-02-18,Cloudy,16.9,9
1842,P007,2022-02-21,Cloudy,7.7,11
1843,P007,2022-02-24,Cloudy,8.5,13
1844,P007,2022-02-27,Clear,6.7,5
1845,P007,2022-03-02,Clear,30.3,12
1846,P007,2022-03-05,Cloudy,6.3,12
1847,P007,2022-03-08,Fog,19.3,1
1848,P007,2022-03-11,Cloudy,14.7,17
1849,P007,2022-03-14,Clear,28.0,20
1850,P007,2022-03-17,Clear,26.4,18
1851,P007,2022-03-20,Cloudy,6.2,6
1852,P007,2022-03-23,Clear,22.5,5
1853,P007,2022-03-26,Clear,7.4,16
1854,P007,2022-03-29,Cloudy,29.9,17
1855,P007,2022-04-01,Clear,21.1,14
1856,P007,2022-04-04,Clear,16.2,17
1857,P007,2022-04-07,Clear,11.0,13
1858,P007,2022-04-10,Clear,14.8,13
1859,P007,2022-04-13,Clear,24.5,19
1860,P007,2022-04-16,Clear,23.1,17
1861,P007,2022-04-19,Clear,8.4,17
1862,P007,2022-04-22,Rain,27.3,11
1863,P007,2022-04-25,Clear,22.1,14
1864,P007,2022-04-28,Thunderstorm,73.7,5
1865,P007,2022-05-01,Rain,15.8,6
1866,P007,2022-05-04,Cloudy,11.9,13
1867,P007,2022-05-07,Clear,5.7,5
1868,P007,2022-05-10,Clear,10.4,15
1869,P007,2022-05-13,Clear,33.4,17
1870,P007,2022-05-16,Rain,18.7,17
1871,P007,2022-05-19,Cloudy,10.0,20
1872,P007,2022-05-22,Cloudy,22.9,12
1873,P007,2022-05-25,Clear,8.2,5
1874,P007,2022-05-28,Thunderstorm,71.0,1
1875,P007,2022-05-31,Fog,19.0,2
1876,P007,2022-06-03,Cloudy,26.9,10
1877,P007,2022-06-06,Clear,16.0,11
1878,P007,2022-06-09,Storm,77.1,3
1879,P007,2022-06-12,Clear,17.5,5
1880,P007,2022-06-15,Clear,6.0,8
1881,P007,2022-06-18,Clear,12.9,11
1882,P007,2022-06-21,Clear,24.1,5
1883,P007,2022-06-24,Thunderstorm,86.6,2
1884,P007,2022-06-27,Clear,7.6,12
1885,P007,2022-06-30,Cloudy,31.6,13
1886,P007,2022-07-03,Clear,26.1,20
1887,P007,2022-07-06,Clear,25.8,11
1888,P007,2022-07-09,Clear,25.3,5
1889,P007,2022-07-12,Clear,18.0,19
1890,P007,2022-07-15,Cloudy,34.2,6
1891,P007,2022-07-18,Rain,33.8,13
1892,P007,2022-07-21,Rain,26.6,11
1893,P007,2022-07-24,Rain,5.7,13
1894,P007,2022-07-27,Storm,49.4,4
1895,P007,2022-07-30,Rain,34.9,6
1896,P007,2022-08-02,Thunderstorm,81.8,4
1897,P007,2022-08-05,Cloudy,26.1,12
1898,P007,2022-08-08,Rain,27.3,14
1899,P007,2022-08-11,Clear,22.9,19
1900,P007,2022-08-14,Rain,21.3,16
1901,P007,2022-08-17,Rain,16.1,9
1902,P007,2022-08-20,Clear,24.2,18
1903,P007,2022-08-23,Clear,17.1,19
1904,P007,2022-08-26,Storm,78.4,2
1905,P007,2022-08-29,Rain,27.5,20
1906,P007,2022-09-01,Rain,17.2,18
1907,P007,2022-09-04,Clear,12.6,9
1908,P007,2022-09-07,Clear,15.8,19
1909,P007,2022-09-10,Cloudy,21.2,10
1910,P007,2022-09-13,Thunderstorm,57.2,2
1911,P007,2022-09-16,Cloudy,21.2,10
1912,P007,2022-09-19,Thunderstorm,68.7,2
1913,P007,2022-09-22,Rain,16.9,18
1914,P007,2022-09-25,Thunderstorm,89.5,5
1915,P007,2022-09-28,Clear,8.1,5
1916,P007,2022-10-01,Clear,21.5,10
1917,P007,2022-10-04,Rain,25.5,15
1918,P007,2022-10-07,Cloudy,14.8,16
1919,P007,2022-10-10,Cloudy,16.8,17
1920,P007,2022-10-13,Clear,15.5,18
1921,P007,2022-10-16,Rain,34.6,12
1922,P007,2022-10-19,Cloudy,18.6,11
1923,P007,2022-10-22,Rain,31.8,8
1924,P007,2022-10-25,Cloudy,32.5,14
1925,P007,2022-10-28,Clear,17.2,11
1926,P007,2022-10-31,Cloudy,7.9,11
1927,P007,2022-11-03,Clear,5.9,8
1928,P007,2022-11-06,Clear,29.8,7
1929,P007,2022-11-09,Clear,18.6,8
1930,P007,2022-11-12,Cloudy,15.7,17
1931,P007,2022-11-15,Clear,22.9,15
1932,P007,2022-11-18,Clear,11.3,18
1933,P007,2022-11-21,Cloudy,32.6,6
1934,P007,2022-11-24,Rain,34.3,20
1935,P007,2022-11-27,Clear,5.9,20
1936,P007,2022-11-30,Thunderstorm,59.2,5
1937,P007,2022-12-03,Rain,17.7,16
1938,P007,2022-12-06,Fog,15.3,1
1939,P007,2022-12-09,Clear,33.9,7
1940,P007,2022-12-12,Cloudy,21.3,7
1941,P007,2022-12-15,Clear,29.9,8
1942,P007,2022-12-18,Cloudy,27.5,12
1943,P007,2022-12-21,Cloudy,19.1,15
1944,P007,2022-12-24,Clear,28.3,19
1945,P007,2022-12-27,Clear,17.3,5
1946,P007,2022-12-30,Rain,22.8,5
1947,P007,2023-01-02,Fog,11.7,3
1948,P007,2023-01-05,Clear,13.2,17
1949,P007,2023-01-08,Rain,21.1,6
1950,P007,2023-01-11,Clear,8.5,20
1951,P007,2023-01-14,Clear,18.6,10
1952,P007,2023-01-17,Clear,23.0,18
1953,P007,2023-01-20,Clear,9.6,7
1954,P007,2023-01-23,Clear,19.6,5
1955,P007,2023-01-26,Clear,27.3,10
1956,P007,2023-01-29,Rain,6.3,10
1957,P007,2023-02-01,Clear,31.0,20
1958,P007,2023-02-04,Clear,18.3,8
1959,P007,2023-02-07,Clear,9.2,5
1960,P007,2023-02-10,Cloudy,16.0,18
1961,P007,2023-02-13,Clear,20.8,16
1962,P007,2023-02-16,Cloudy,8.2,20
1963,P007,2023-02-19,Clear,18.1,18
1964,P007,2023-02-22,Clear,7.6,16
1965,P007,2023-02-25,Cloudy,20.2,12
1966,P007,2023-02-28,Fog,18.1,1
1967,P007,2023-03-03,Clear,7.6,10
1968,P007,2023-03-06,Rain,18.4,16
1969,P007,2023-03-09,Cloudy,19.3,10
1970,P007,2023-03-12,Cloudy,8.5,6
1971,P007,2023-03-15,Clear,9.4,9
1972,P007,2023-03-18,Rain,16.7,16
1973,P007,2023-03-21,Clear,28.6,8
1974,P007,2023-03-24,Cloudy,13.0,5
1975,P007,2023-03-27,Clear,29.3,15
1976,P007,2023-03-30,Fog,17.9,1
1977,P007,2023-04-02,Clear,19.2,20
1978,P007,2023-04-05,Clear,10.2,7
1979,P007,2023-04-08,Clear,8.8,9
1980,P007,2023-04-11,Thunderstorm,43.4,5
1981,P007,2023-04-14,Storm,43.6,2
1982,P007,2023-04-17,Clear,27.6,16
1983,P007,2023-04-20,Fog,17.4,2
1984,P007,2023-04-23,Clear,18.0,15
1985,P007,2023-04-26,Rain,5.8,16
1986,P007,2023-04-29,Clear,23.2,12
1987,P007,2023-05-02,Rain,8.8,18
1988,P007,2023-05-05,Cloudy,27.7,10
1989,P007,2023-05-08,Clear,20.6,20
1990,P007,2023-05-11,Rain,18.0,5
1991,P007,2023-05-14,Cloudy,21.9,9
1992,P007,2023-05-17,Rain,6.2,13
1993,P007,2023-05-20,Clear,18.9,15
1994,P007,2023-05-23,Clear,21.1,15
1995,P007,2023-05-26,Fog,17.8,2
1996,P007,2023-05-29,Cloudy,16.6,9
1997,P007,2023-06-01,Cloudy,7.7,20
1998,P007,2023-06-04,Storm,66.6,5
1999,P007,2023-06-07,Cloudy,12.5,13
2000,P007,2023-06-10,Fog,18.1,3
2001,P007,2023-06-13,Cloudy,14.4,15
2002,P007,2023-06-16,Fog,13.5,2
2003,P007,2023-06-19,Storm,49.6,3
2004,P007,2023-06-22,Cloudy,17.3,13
2005,P007,2023-06-25,Cloudy,25.1,11
2006,P007,2023-06-28,Rain,31.7,9
2007,P007,2023-07-01,Rain,25.6,11
2008,P007,2023-07-04,Rain,15.8,15
2009,P007,2023-07-07,Clear,18.9,10
2010,P007,2023-07-10,Clear,26.7,14
2011,P007,2023-07-13,Cloudy,11.2,15
2012,P007,2023-07-16,Clear,24.4,20
2013,P007,2023-07-19,Clear,16.7,13
2014,P007,2023-07-22,Fog,11.9,2
2015,P007,2023-07-25,Clear,23.2,13
2016,P007,2023-07-28,Clear,16.3,17
2017,P007,2023-07-31,Clear,10.7,13
2018,P007,2023-08-03,Fog,11.8,3
2019,P007,2023-08-06,Cloudy,13.3,18
2020,P007,2023-08-09,Clear,6.5,18
2021,P007,2023-08-12,Cloudy,19.7,8
2022,P007,2023-08-15,Cloudy,16.6,8
2023,P007,2023-08-18,Clear,8.7,6
2024,P007,2023-08-21,Clear,7.1,8
2025,P007,2023-08-24,Cloudy,13.1,8
2026,P007,2023-08-27,Fog,15.3,1
2027,P007,2023-08-30,Clear,24.8,6
2028,P007,2023-09-02,Clear,15.1,13
2029,P007,2023-09-05,Clear,12.2,12
2030,P007,2023-09-08,Cloudy,22.1,13
2031,P007,2023-09-11,Fog,10.3,1
2032,P007,2023-09-14,Clear,21.6,15
2033,P007,2023-09-17,Rain,10.2,17
2034,P007,2023-09-20,Clear,23.5,10
2035,P007,2023-09-23,Clear,27.2,13
2036,P007,2023-09-26,Rain,8.7,12
2037,P007,2023-09-29,Thunderstorm,51.0,4
2038,P007,2023-10-02,Cloudy,31.8,12
2039,P007,2023-10-05,Clear,5.1,14
2040,P007,2023-10-08,Cloudy,30.8,17
2041,P007,2023-10-11,Cloudy,12.0,7
2042,P007,2023-10-14,Cloudy,18.3,9
2043,P007,2023-10-17,Rain,16.5,17
2044,P007,2023-10-20,Clear,28.0,11
2045,P007,2023-10-23,Thunderstorm,64.6,5
2046,P007,2023-10-26,Clear,5.6,17
2047,P007,2023-10-29,Thunderstorm,70.3,3
2048,P007,2023-11-01,Clear,7.3,17
2049,P007,2023-11-04,Clear,17.1,11
2050,P007,2023-11-07,Clear,17.2,12
2051,P007,2023-11-10,Rain,32.0,17
2052,P007,2023-11-13,Cloudy,19.1,5
2053,P007,2023-11-16,Rain,21.9,7
2054,P007,2023-11-19,Cloudy,29.0,17
2055,P007,2023-11-22,Cloudy,15.8,5
2056,P007,2023-11-25,Cloudy,26.7,18
2057,P007,2023-11-28,Clear,12.6,12
2058,P007,2023-12-01,Clear,32.3,13
2059,P007,2023-12-04,Cloudy,10.1,11
2060,P007,2023-12-07,Thunderstorm,89.0,3
2061,P007,2023-12-10,Clear,11.9,10
2062,P007,2023-12-13,Clear,25.9,6
2063,P007,2023-12-16,Clear,20.8,13
2064,P007,2023-12-19,Cloudy,13.8,18
2065,P007,2023-12-22,Clear,32.5,12
2066,P007,2023-12-25,Cloudy,10.0,7
2067,P007,2023-12-28,Clear,7.8,6
2068,P007,2023-12-31,Cloudy,28.5,10
2069,P007,2024-01-03,Clear,19.1,18
2070,P007,2024-01-06,Thunderstorm,51.8,2
2071,P007,2024-01-09,Cloudy,7.3,8
2072,P007,2024-01-12,Clear,28.5,8
2073,P007,2024-01-15,Rain,21.6,16
2074,P007,2024-01-18,Rain,9.6,10
2075,P007,2024-01-21,Clear,5.3,10
2076,P007,2024-01-24,Rain,20.4,5
2077,P007,2024-01-27,Cloudy,31.8,17
2078,P007,2024-01-30,Clear,6.5,9
2079,P007,2024-02-02,Thunderstorm,52.1,5
2080,P007,2024-02-05,Thunderstorm,68.7,3
2081,P007,2024-02-08,Cloudy,18.6,8
2082,P007,2024-02-11,Rain,9.9,6
2083,P007,2024-02-14,Clear,16.3,5
2084,P007,2024-02-17,Clear,20.9,20
2085,P007,2024-02-20,Rain,16.9,17
2086,P007,2024-02-23,Thunderstorm,63.3,5
2087,P007,2024-02-26,Clear,23.2,17
2088,P007,2024-02-29,Rain,20.7,18
2089,P007,2024-03-03,Clear,30.7,9
2090,P007,2024-03-06,Rain,11.2,16
2091,P007,2024-03-09,Thunderstorm,45.8,4
2092,P007,2024-03-12,Clear,14.0,5
2093,P007,2024-03-15,Clear,11.0,5
2094,P007,2024-03-18,Clear,28.3,9
2095,P007,2024-03-21,Cloudy,22.7,9
2096,P007,2024-03-24,Cloudy,14.1,12
2097,P007,2024-03-27,Clear,32.0,19
2098,P007,2024-03-30,Clear,17.0,19
2099,P007,2024-04-02,Clear,11.1,9
2100,P007,2024-04-05,Cloudy,6.5,9
2101,P007,2024-04-08,Thunderstorm,86.1,3
2102,P007,2024-04-11,Clear,15.5,17
2103,P007,2024-04-14,Thunderstorm,83.6,1
2104,P007,2024-04-17,Cloudy,15.6,20
2105,P007,2024-04-20,Clear,34.4,20
2106,P007,2024-04-23,Clear,14.9,14
2107,P007,2024-04-26,Fog,7.5,1
2108,P007,2024-04-29,Clear,26.3,13
2109,P007,2024-05-02,Clear,20.3,16
2110,P007,2024-05-05,Clear,17.1,19
2111,P007,2024-05-08,Clear,14.8,16
2112,P007,2024-05-11,Clear,20.5,8
2113,P007,2024-05-14,Thunderstorm,77.9,4
2114,P007,2024-05-17,Rain,6.1,7
2115,P007,2024-05-20,Storm,47.7,4
2116,P007,2024-05-23,Clear,26.4,13
2117,P007,2024-05-26,Clear,27.9,11
2118,P007,2024-05-29,Clear,16.5,17
2119,P007,2024-06-01,Clear,6.3,5
2120,P007,2024-06-04,Fog,7.9,3
2121,P007,2024-06-07,Clear,29.0,9
2122,P007,2024-06-10,Cloudy,22.0,11
2123,P007,2024-06-13,Clear,7.0,6
2124,P007,2024-06-16,Clear,19.5,7
2125,P007,2024-06-19,Clear,32.5,10
2126,P007,2024-06-22,Fog,12.4,1
2127,P007,2024-06-25,Rain,29.4,15
2128,P007,2024-06-28,Cloudy,34.4,20
2129,P008,2022-01-01,Fog,8.9,3
2130,P008,2022-01-04,Cloudy,32.0,15
2131,P008,2022-01-07,Cloudy,14.8,9
2132,P008,2022-01-10,Rain,30.1,13
2133,P008,2022-01-13,Rain,28.3,12
2134,P008,2022-01-16,Clear,5.7,20
2135,P008,2022-01-19,Clear,33.2,14
2136,P008,2022-01-22,Cloudy,26.7,17
2137,P008,2022-01-25,Clear,22.8,13
2138,P008,2022-01-28,Clear,9.4,12
2139,P008,2022-01-31,Thunderstorm,50.9,2
2140,P008,2022-02-03,Cloudy,9.6,8
2141,P008,2022-02-06,Rain,20.2,18
2142,P008,2022-02-09,Rain,17.6,15
2143,P008,2022-02-12,Clear,12.3,20
2144,P008,2022-02-15,Fog,14.9,2
2145,P008,2022-02-18,Fog,5.9,2
2146,P008,2022-02-21,Rain,9.6,20
2147,P008,2022-02-24,Storm,56.7,3
2148,P008,2022-02-27,Clear,12.1,20
2149,P008,2022-03-02,Fog,10.9,1
2150,P008,2022-03-05,Cloudy,30.5,14
2151,P008,2022-03-08,Clear,29.1,15
2152,P008,2022-03-11,Clear,14.8,17
2153,P008,2022-03-14,Thunderstorm,45.0,1
2154,P008,2022-03-17,Rain,5.3,18
2155,P008,2022-03-20,Cloudy,7.8,9
2156,P008,2022-03-23,Storm,40.1,2
2157,P008,2022-03-26,Clear,13.7,16
2158,P008,2022-03-29,Rain,32.5,16
2159,P008,2022-04-01,Rain,7.6,10
2160,P008,2022-04-04,Thunderstorm,56.5,1
2161,P008,2022-04-07,Storm,44.1,1
2162,P008,2022-04-10,Cloudy,29.6,11
2163,P008,2022-04-13,Rain,31.9,20
2164,P008,2022-04-16,Clear,22.8,7
2165,P008,2022-04-19,Thunderstorm,54.2,1
2166,P008,2022-04-22,Cloudy,30.6,10
2167,P008,2022-04-25,Cloudy,26.0,8
2168,P008,2022-04-28,Cloudy,11.7,14
2169,P008,2022-05-01,Clear,30.6,10
2170,P008,2022-05-04,Rain,29.3,16
2171,P008,2022-05-07,Fog,9.6,3
2172,P008,2022-05-10,Rain,17.0,12
2173,P008,2022-05-13,Rain,30.4,15
2174,P008,2022-05-16,Clear,18.8,9
2175,P008,2022-05-19,Clear,6.8,8
2176,P008,2022-05-22,Clear,34.9,9
2177,P008,2022-05-25,Clear,7.2,15
2178,P008,2022-05-28,Rain,22.4,20
2179,P008,2022-05-31,Cloudy,8.7,14
2180,P008,2022-06-03,Fog,8.1,2
2181,P008,2022-06-06,Rain,15.9,17
2182,P008,2022-06-09,Clear,7.0,6
2183,P008,2022-06-12,Thunderstorm,80.2,4
2184,P008,2022-06-15,Clear,19.9,17
2185,P008,2022-06-18,Rain,30.9,19
2186,P008,2022-06-21,Clear,14.8,18
2187,P008,2022-06-24,Rain,33.7,10
2188,P008,2022-06-27,Clear,28.5,13
2189,P008,2022-06-30,Cloudy,19.6,15
2190,P008,2022-07-03,Clear,31.5,12
2191,P008,2022-07-06,Cloudy,19.9,13
2192,P008,2022-07-09,Fog,15.8,2
2193,P008,2022-07-12,Clear,5.3,16
2194,P008,2022-07-15,Rain,29.0,16
2195,P008,2022-07-18,Clear,8.1,11
2196,P008,2022-07-21,Clear,15.0,13
2197,P008,2022-07-24,Cloudy,31.7,11
2198,P008,2022-07-27,Cloudy,33.5,6
2199,P008,2022-07-30,Cloudy,26.6,14
2200,P008,2022-08-02,Cloudy,27.7,6
2201,P008,2022-08-05,Clear,5.5,7
2202,P008,2022-08-08,Cloudy,31.3,19
2203,P008,2022-08-11,Fog,14.1,1
2204,P008,2022-08-14,Fog,17.5,1
2205,P008,2022-08-17,Cloudy,14.0,6
2206,P008,2022-08-20,Rain,25.1,13
2207,P008,2022-08-23,Clear,5.1,12
2208,P008,2022-08-26,Clear,33.6,19
2209,P008,2022-08-29,Clear,5.1,6
2210,P008,2022-09-01,Fog,17.0,2
2211,P008,2022-09-04,Cloudy,32.0,18
2212,P008,2022-09-07,Clear,31.1,14
2213,P008,2022-09-10,Rain,24.9,20
2214,P008,2022-09-13,Storm,50.7,5
2215,P008,2022-09-16,Clear,8.5,12
2216,P008,2022-09-19,Fog,10.8,3
2217,P008,2022-09-22,Clear,21.4,11
2218,P008,2022-09-25,Clear,17.9,15
2219,P008,2022-09-28,Cloudy,33.4,5
2220,P008,2022-10-01,Clear,32.9,13
2221,P008,2022-10-04,Clear,13.8,13
2222,P008,2022-10-07,Cloudy,32.2,11
2223,P008,2022-10-10,Rain,15.8,14
2224,P008,2022-10-13,Clear,21.3,7
2225,P008,2022-10-16,Clear,9.7,8
2226,P008,2022-10-19,Thunderstorm,40.2,2
2227,P008,2022-10-22,Clear,28.1,13
2228,P008,2022-10-25,Storm,45.7,4
2229,P008,2022-10-28,Clear,20.0,19
2230,P008,2022-10-31,Cloudy,19.4,13
2231,P008,2022-11-03,Rain,15.7,7
2232,P008,2022-11-06,Clear,16.6,11
2233,P008,2022-11-09,Cloudy,12.5,5
2234,P008,2022-11-12,Fog,14.3,1
2235,P008,2022-11-15,Storm,48.1,3
2236,P008,2022-11-18,Clear,29.5,11
2237,P008,2022-11-21,Cloudy,32.7,16
2238,P008,2022-11-24,Clear,30.6,18
2239,P008,2022-11-27,Clear,20.4,17
2240,P008,2022-11-30,Clear,10.7,20
2241,P008,2022-12-03,Rain,27.4,7
2242,P008,2022-12-06,Storm,77.2,4
2243,P008,2022-12-09,Cloudy,18.7,15
2244,P008,2022-12-12,Cloudy,11.0,6
2245,P008,2022-12-15,Clear,10.6,16
2246,P008,2022-12-18,Clear,24.9,16
2247,P008,2022-12-21,Cloudy,17.5,5
2248,P008,2022-12-24,Storm,83.1,1
2249,P008,2022-12-27,Clear,7.9,8
2250,P008,2022-12-30,Cloudy,19.2,15
2251,P008,2023-01-02,Clear,29.3,15
2252,P008,2023-01-05,Clear,21.1,18
2253,P008,2023-01-08,Clear,30.8,6
2254,P008,2023-01-11,Fog,15.0,1
2255,P008,2023-01-14,Rain,29.5,9
2256,P008,2023-01-17,Clear,30.5,7
2257,P008,2023-01-20,Storm,58.2,4
2258,P008,2023-01-23,Clear,14.0,5
2259,P008,2023-01-26,Clear,13.6,10
2260,P008,2023-01-29,Rain,31.1,8
2261,P008,2023-02-01,Clear,7.9,13
2262,P008,2023-02-04,Rain,14.5,8
2263,P008,2023-02-07,Clear,11.4,7
2264,P008,2023-02-10,Clear,13.3,7
2265,P008,2023-02-13,Rain,21.5,14
2266,P008,2023-02-16,Fog,14.9,1
2267,P008,2023-02-19,Thunderstorm,77.6,1
2268,P008,2023-02-22,Clear,31.3,7
2269,P008,2023-02-25,Rain,13.1,6
2270,P008,2023-02-28,Clear,7.8,5
2271,P008,2023-03-03,Clear,19.3,20
2272,P008,2023-03-06,Rain,17.2,8
2273,P008,2023-03-09,Clear,22.7,12
2274,P008,2023-03-12,Clear,10.1,8
2275,P008,2023-03-15,Cloudy,5.5,11
2276,P008,2023-03-18,Rain,8.8,12
2277,P008,2023-03-21,Storm,40.3,5
2278,P008,2023-03-24,Thunderstorm,68.8,2
2279,P008,2023-03-27,Cloudy,12.1,18
2280,P008,2023-03-30,Clear,25.0,11
2281,P008,2023-04-02,Rain,13.8,9
2282,P008,2023-04-05,Cloudy,22.7,14
2283,P008,2023-04-08,Clear,23.5,8
2284,P008,2023-04-11,Rain,12.6,20
2285,P008,2023-04-14,Clear,8.4,11
2286,P008,2023-04-17,Rain,25.7,10
2287,P008,2023-04-20,Rain,22.4,12
2288,P008,2023-04-23,Clear,6.2,12
2289,P008,2023-04-26,Rain,26.9,17
2290,P008,2023-04-29,Clear,11.5,8
2291,P008,2023-05-02,Cloudy,24.6,8
2292,P008,2023-05-05,Rain,5.4,8
2293,P008,2023-05-08,Clear,18.4,9
2294,P008,2023-05-11,Rain,28.6,16
2295,P008,2023-05-14,Clear,17.3,13
2296,P008,2023-05-17,Cloudy,11.0,9
2297,P008,2023-05-20,Clear,15.6,12
2298,P008,2023-05-23,Cloudy,33.5,18
2299,P008,2023-05-26,Clear,5.1,19
2300,P008,2023-05-29,Clear,28.4,6
2301,P008,2023-06-01,Rain,20.7,11
2302,P008,2023-06-04,Cloudy,31.4,9
2303,P008,2023-06-07,Clear,10.3,5
2304,P008,2023-06-10,Cloudy,27.9,7
2305,P008,2023-06-13,Cloudy,15.4,12
2306,P008,2023-06-16,Cloudy,25.7,13
2307,P008,2023-06-19,Thunderstorm,88.2,3
2308,P008,2023-06-22,Clear,11.6,9
2309,P008,2023-06-25,Clear,12.0,20
2310,P008,2023-06-28,Clear,34.6,9
2311,P008,2023-07-01,Clear,26.6,13
2312,P008,2023-07-04,Rain,13.2,14
2313,P008,2023-07-07,Rain,5.6,8
2314,P008,2023-07-10,Clear,13.5,12
2315,P008,2023-07-13,Rain,25.1,10
2316,P008,2023-07-16,Cloudy,34.3,5
2317,P008,2023-07-19,Clear,5.6,18
2318,P008,2023-07-22,Cloudy,5.0,11
2319,P008,2023-07-25,Clear,27.0,18
2320,P008,2023-07-28,Clear,29.1,11
2321,P008,2023-07-31,Cloudy,25.1,16
2322,P008,2023-08-03,Clear,19.2,11
2323,P008,2023-08-06,Thunderstorm,56.2,3
2324,P008,2023-08-09,Clear,27.8,15
2325,P008,2023-08-12,Cloudy,17.9,5
2326,P008,2023-08-15,Rain,8.1,9
2327,P008,2023-08-18,Clear,31.0,11
2328,P008,2023-08-21,Cloudy,21.0,7
2329,P008,2023-08-24,Clear,34.7,19
2330,P008,2023-08-27,Rain,11.6,11
2331,P008,2023-08-30,Clear,7.9,13
2332,P008,2023-09-02,Clear,22.6,8
2333,P008,2023-09-05,Storm,72.2,4
2334,P008,2023-09-08,Thunderstorm,44.7,2
2335,P008,2023-09-11,Cloudy,7.8,13
2336,P008,2023-09-14,Rain,21.1,12
2337,P008,2023-09-17,Clear,25.7,10
2338,P008,2023-09-20,Rain,25.9,5
2339,P008,2023-09-23,Fog,12.3,1
2340,P008,2023-09-26,Rain,31.6,8
2341,P008,2023-09-29,Clear,22.5,13
2342,P008,2023-10-02,Clear,25.9,16
2343,P008,2023-10-05,Rain,21.7,10
2344,P008,2023-10-08,Clear,7.9,5
2345,P008,2023-10-11,Rain,10.8,10
2346,P008,2023-10-14,Clear,6.4,10
2347,P008,2023-10-17,Clear,11.3,9
2348,P008,2023-10-20,Clear,6.8,19
2349,P008,2023-10-23,Clear,9.0,8
2350,P008,2023-10-26,Rain,26.7,16
2351,P008,2023-10-29,Cloudy,31.4,14
2352,P008,2023-11-01,Thunderstorm,61.6,1
2353,P008,2023-11-04,Thunderstorm,48.0,4
2354,P008,2023-11-07,Clear,16.2,10
2355,P008,2023-11-10,Rain,31.8,8
2356,P008,2023-11-13,Clear,9.7,7
2357,P008,2023-11-16,Clear,8.3,12
2358,P008,2023-11-19,Rain,10.0,15
2359,P008,2023-11-22,Thunderstorm,47.9,5
2360,P008,2023-11-25,Cloudy,22.0,19
2361,P008,2023-11-28,Cloudy,23.3,19
2362,P008,2023-12-01,Clear,12.8,11
2363,P008,2023-12-04,Fog,17.0,1
2364,P008,2023-12-07,Clear,13.9,19
2365,P008,2023-12-10,Fog,18.1,1
2366,P008,2023-12-13,Rain,8.8,6
2367,P008,2023-12-16,Clear,26.0,8
2368,P008,2023-12-19,Cloudy,16.8,9
2369,P008,2023-12-22,Clear,10.4,12
2370,P008,2023-12-25,Rain,12.2,6
2371,P008,2023-12-28,Cloudy,23.2,7
2372,P008,2023-12-31,Clear,21.6,15
2373,P008,2024-01-03,Cloudy,7.8,13
2374,P008,2024-01-06,Clear,9.1,10
2375,P008,2024-01-09,Clear,19.7,11
2376,P008,2024-01-12,Clear,28.7,7
2377,P008,2024-01-15,Cloudy,23.7,7
2378,P008,2024-01-18,Cloudy,24.0,7
2379,P008,2024-01-21,Rain,14.7,10
2380,P008,2024-01-24,Rain,34.8,15
2381,P008,2024-01-27,Clear,28.0,5
2382,P008,2024-01-30,Rain,25.7,5
2383,P008,2024-02-02,Clear,9.9,7
2384,P008,2024-02-05,Clear,10.7,8
2385,P008,2024-02-08,Cloudy,31.8,16
2386,P008,2024-02-11,Clear,23.9,5
2387,P008,2024-02-14,Rain,34.7,15
2388,P008,2024-02-17,Clear,8.5,14
2389,P008,2024-02-20,Rain,12.8,7
2390,P008,2024-02-23,Cloudy,9.4,20
2391,P008,2024-02-26,Clear,20.7,7
2392,P008,2024-02-29,Clear,29.7,14
2393,P008,2024-03-03,Cloudy,28.6,15
2394,P008,2024-03-06,Clear,6.2,18
2395,P008,2024-03-09,Cloudy,6.3,6
2396,P008,2024-03-12,Clear,12.8,12
2397,P008,2024-03-15,Clear,24.1,7
2398,P008,2024-03-18,Clear,20.5,9
2399,P008,2024-03-21,Cloudy,21.9,12
2400,P008,2024-03-24,Cloudy,28.9,12
2401,P008,2024-03-27,Storm,58.5,1
2402,P008,2024-03-30,Clear,29.6,17
2403,P008,2024-04-02,Rain,21.6,6
2404,P008,2024-04-05,Cloudy,6.6,11
2405,P008,2024-04-08,Clear,23.1,19
2406,P008,2024-04-11,Cloudy,28.6,5
2407,P008,2024-04-14,Rain,28.4,10
2408,P008,2024-04-17,Clear,6.8,6
2409,P008,2024-04-20,Fog,18.0,2
2410,P008,2024-04-23,Thunderstorm,46.2,5
2411,P008,2024-04-26,Fog,16.1,2
2412,P008,2024-04-29,Cloudy,12.8,10
2413,P008,2024-05-02,Cloudy,19.2,12
2414,P008,2024-05-05,Cloudy,16.3,11
2415,P008,2024-05-08,Cloudy,6.9,13
2416,P008,2024-05-11,Clear,25.2,9
2417,P008,2024-05-14,Rain,23.6,14
2418,P008,2024-05-17,Rain,20.7,14
2419,P008,2024-05-20,Cloudy,9.8,12
2420,P008,2024-05-23,Thunderstorm,77.8,2
2421,P008,2024-05-26,Clear,26.8,18
2422,P008,2024-05-29,Clear,14.3,13
2423,P008,2024-06-01,Clear,31.2,17
2424,P008,2024-06-04,Clear,34.5,17
2425,P008,2024-06-07,Clear,33.4,16
2426,P008,2024-06-10,Rain,31.0,6
2427,P008,2024-06-13,Clear,28.7,16
2428,P008,2024-06-16,Clear,25.5,14
2429,P008,2024-06-19,Clear,31.0,5
2430,P008,2024-06-22,Rain,19.1,14
2431,P008,2024-06-25,Cloudy,13.4,14
2432,P008,2024-06-28,Cloudy,33.8,5
2433,P009,2022-01-01,Rain,26.9,16
2434,P009,2022-01-04,Clear,25.9,10
2435,P009,2022-01-07,Thunderstorm,53.8,2
2436,P009,2022-01-10,Cloudy,30.0,6
2437,P009,2022-01-13,Rain,15.2,14
2438,P009,2022-01-16,Rain,6.7,14
2439,P009,2022-01-19,Clear,32.5,11
2440,P009,2022-01-22,Storm,81.2,2
2441,P009,2022-01-25,Rain,12.7,15
2442,P009,2022-01-28,Thunderstorm,46.1,2
2443,P009,2022-01-31,Rain,29.2,7
2444,P009,2022-02-03,Clear,23.0,19
2445,P009,2022-02-06,Rain,28.6,6
2446,P009,2022-02-09,Cloudy,11.0,7
2447,P009,2022-02-12,Cloudy,10.9,11
2448,P009,2022-02-15,Clear,24.3,12
2449,P009,2022-02-18,Clear,17.2,6
2450,P009,2022-02-21,Rain,33.7,20
2451,P009,2022-02-24,Rain,14.8,17
2452,P009,2022-02-27,Clear,33.8,18
2453,P009,2022-03-02,Rain,26.6,5
2454,P009,2022-03-05,Clear,10.5,5
2455,P009,2022-03-08,Storm,41.5,1
2456,P009,2022-03-11,Clear,17.5,9
2457,P009,2022-03-14,Thunderstorm,66.2,1
2458,P009,2022-03-17,Clear,16.3,20
2459,P009,2022-03-20,Cloudy,19.9,14
2460,P009,2022-03-23,Rain,22.9,18
2461,P009,2022-03-26,Fog,18.2,3
2462,P009,2022-03-29,Clear,16.0,16
2463,P009,2022-04-01,Clear,6.7,14
2464,P009,2022-04-04,Cloudy,29.3,14
2465,P009,2022-04-07,Clear,13.8,12
2466,P009,2022-04-10,Clear,19.3,5
2467,P009,2022-04-13,Cloudy,27.7,18
2468,P009,2022-04-16,Clear,29.4,10
2469,P009,2022-04-19,Fog,14.1,3
2470,P009,2022-04-22,Clear,12.2,13
2471,P009,2022-04-25,Clear,17.5,7
2472,P009,2022-04-28,Clear,6.1,14
2473,P009,2022-05-01,Clear,21.1,6
2474,P009,2022-05-04,Rain,23.9,15
2475,P009,2022-05-07,Clear,33.1,18
2476,P009,2022-05-10,Cloudy,28.7,6
2477,P009,2022-05-13,Cloudy,7.9,9
2478,P009,2022-05-16,Cloudy,30.4,6
2479,P009,2022-05-19,Fog,18.1,1
2480,P009,2022-05-22,Cloudy,11.1,17
2481,P009,2022-05-25,Clear,23.2,5
2482,P009,2022-05-28,Clear,25.5,7
2483,P009,2022-05-31,Clear,27.4,8
2484,P009,2022-06-03,Fog,16.5,2
2485,P009,2022-06-06,Thunderstorm,57.8,4
2486,P009,2022-06-09,Cloudy,10.5,8
2487,P009,2022-06-12,Cloudy,30.4,18
2488,P009,2022-06-15,Rain,24.3,9
2489,P009,2022-06-18,Cloudy,34.5,13
2490,P009,2022-06-21,Clear,33.9,8
2491,P009,2022-06-24,Clear,31.9,5
2492,P009,2022-06-27,Rain,34.6,11
2493,P009,2022-06-30,Clear,12.1,9
2494,P009,2022-07-03,Cloudy,11.4,16
2495,P009,2022-07-06,Cloudy,8.7,8
2496,P009,2022-07-09,Rain,18.5,5
2497,P009,2022-07-12,Cloudy,6.4,16
2498,P009,2022-07-15,Storm,69.0,1
2499,P009,2022-07-18,Rain,13.6,10
2500,P009,2022-07-21,Fog,15.7,2
2501,P009,2022-07-24,Storm,69.1,2
2502,P009,2022-07-27,Cloudy,22.9,18
2503,P009,2022-07-30,Rain,22.2,17
2504,P009,2022-08-02,Thunderstorm,72.8,5
2505,P009,2022-08-05,Cloudy,27.8,19
2506,P009,2022-08-08,Clear,20.7,9
2507,P009,2022-08-11,Cloudy,16.0,17
2508,P009,2022-08-14,Cloudy,22.1,9
2509,P009,2022-08-17,Clear,8.1,5
2510,P009,2022-08-20,Rain,31.6,11
2511,P009,2022-08-23,Fog,18.4,1
2512,P009,2022-08-26,Clear,28.4,12
2513,P009,2022-08-29,Clear,9.2,18
2514,P009,2022-09-01,Cloudy,21.8,6
2515,P009,2022-09-04,Cloudy,26.0,20
2516,P009,2022-09-07,Clear,24.2,19
2517,P009,2022-09-10,Rain,34.2,5
2518,P009,2022-09-13,Cloudy,10.2,11
2519,P009,2022-09-16,Clear,33.3,12
2520,P009,2022-09-19,Cloudy,11.6,16
2521,P009,2022-09-22,Rain,32.0,9
2522,P009,2022-09-25,Rain,21.8,5
2523,P009,2022-09-28,Thunderstorm,89.0,1
2524,P009,2022-10-01,Thunderstorm,88.0,1
2525,P009,2022-10-04,Storm,85.1,5
2526,P009,2022-10-07,Cloudy,15.2,9
2527,P009,2022-10-10,Cloudy,27.9,9
2528,P009,2022-10-13,Cloudy,13.0,17
2529,P009,2022-10-16,Cloudy,15.3,7
2530,P009,2022-10-19,Fog,8.2,3
2531,P009,2022-10-22,Cloudy,17.8,9
2532,P009,2022-10-25,Rain,29.2,15
2533,P009,2022-10-28,Cloudy,34.4,8
2534,P009,2022-10-31,Clear,10.8,13
2535,P009,2022-11-03,Clear,9.5,14
2536,P009,2022-11-06,Thunderstorm,53.6,1
2537,P009,2022-11-09,Thunderstorm,81.6,2
2538,P009,2022-11-12,Cloudy,11.7,5
2539,P009,2022-11-15,Rain,20.4,17
2540,P009,2022-11-18,Fog,10.8,1
2541,P009,2022-11-21,Clear,34.4,17
2542,P009,2022-11-24,Cloudy,7.3,11
2543,P009,2022-11-27,Rain,15.0,5
2544,P009,2022-11-30,Clear,7.0,6
2545,P009,2022-12-03,Cloudy,13.4,14
2546,P009,2022-12-06,Cloudy,7.2,15
2547,P009,2022-12-09,Clear,17.2,10
2548,P009,2022-12-12,Thunderstorm,66.1,5
2549,P009,2022-12-15,Fog,14.6,3
2550,P009,2022-12-18,Clear,26.9,12
2551,P009,2022-12-21,Cloudy,13.1,20
2552,P009,2022-12-24,Cloudy,23.0,17
2553,P009,2022-12-27,Clear,26.4,19
2554,P009,2022-12-30,Thunderstorm,76.3,4
2555,P009,2023-01-02,Rain,22.9,16
2556,P009,2023-01-05,Clear,29.0,20
2557,P009,2023-01-08,Rain,29.8,17
2558,P009,2023-01-11,Fog,19.7,3
2559,P009,2023-01-14,Rain,23.1,13
2560,P009,2023-01-17,Clear,33.1,13
2561,P009,2023-01-20,Clear,10.9,11
2562,P009,2023-01-23,Cloudy,7.7,9
2563,P009,2023-01-26,Fog,9.7,3
2564,P009,2023-01-29,Fog,8.0,2
2565,P009,2023-02-01,Clear,21.3,7
2566,P009,2023-02-04,Cloudy,11.1,10
2567,P009,2023-02-07,Rain,7.4,10
2568,P009,2023-02-10,Clear,8.4,18
2569,P009,2023-02-13,Clear,20.4,15
2570,P009,2023-02-16,Clear,19.9,16
2571,P009,2023-02-19,Clear,10.7,19
2572,P009,2023-02-22,Clear,25.0,14
2573,P009,2023-02-25,Clear,22.8,10
2574,P009,2023-02-28,Thunderstorm,56.2,2
2575,P009,2023-03-03,Thunderstorm,54.7,1
2576,P009,2023-03-06,Storm,44.7,3
2577,P009,2023-03-09,Clear,6.6,19
2578,P009,2023-03-12,Clear,12.5,8
2579,P009,2023-03-15,Clear,21.0,9
2580,P009,2023-03-18,Fog,16.1,2
2581,P009,2023-03-21,Rain,10.1,10
2582,P009,2023-03-24,Clear,30.0,7
2583,P009,2023-03-27,Thunderstorm,84.7,5
2584,P009,2023-03-30,Cloudy,10.5,11
2585,P009,2023-04-02,Clear,32.9,18
2586,P009,2023-04-05,Clear,21.4,20
2587,P009,2023-04-08,Rain,25.6,19
2588,P009,2023-04-11,Clear,17.8,12
2589,P009,2023-04-14,Thunderstorm,67.0,1
2590,P009,2023-04-17,Thunderstorm,48.9,3
2591,P009,2023-04-20,Cloudy,15.2,19
2592,P009,2023-04-23,Fog,5.3,3
2593,P009,2023-04-26,Cloudy,26.6,18
2594,P009,2023-04-29,Cloudy,32.8,8
2595,P009,2023-05-02,Cloudy,26.0,17
2596,P009,2023-05-05,Thunderstorm,64.8,4
2597,P009,2023-05-08,Cloudy,29.2,5
2598,P009,2023-05-11,Clear,5.1,9
2599,P009,2023-05-14,Clear,30.2,10
2600,P009,2023-05-17,Clear,15.5,10
2601,P009,2023-05-20,Clear,16.8,16
2602,P009,2023-05-23,Clear,15.1,19
2603,P009,2023-05-26,Fog,15.3,2
2604,P009,2023-05-29,Cloudy,27.0,10
2605,P009,2023-06-01,Clear,22.1,15
2606,P009,2023-06-04,Cloudy,34.1,6
2607,P009,2023-06-07,Cloudy,21.0,13
2608,P009,2023-06-10,Clear,23.7,14
2609,P009,2023-06-13,Rain,31.0,10
2610,P009,2023-06-16,Clear,32.6,15
2611,P009,2023-06-19,Rain,33.5,12
2612,P009,2023-06-22,Rain,21.3,13
2613,P009,2023-06-25,Cloudy,13.8,9
2614,P009,2023-06-28,Clear,23.2,7
2615,P009,2023-07-01,Cloudy,13.5,19
2616,P009,2023-07-04,Cloudy,20.2,6
2617,P009,2023-07-07,Rain,18.2,16
2618,P009,2023-07-10,Fog,8.5,3
2619,P009,2023-07-13,Cloudy,16.7,11
2620,P009,2023-07-16,Cloudy,34.2,10
2621,P009,2023-07-19,Clear,23.5,13
2622,P009,2023-07-22,Clear,7.3,7
2623,P009,2023-07-25,Rain,24.9,19
2624,P009,2023-07-28,Cloudy,21.0,17
2625,P009,2023-07-31,Cloudy,30.7,18
2626,P009,2023-08-03,Cloudy,26.6,9
2627,P009,2023-08-06,Thunderstorm,46.5,5
2628,P009,2023-08-09,Cloudy,19.8,6
2629,P009,2023-08-12,Rain,21.0,5
2630,P009,2023-08-15,Clear,10.6,12
2631,P009,2023-08-18,Clear,25.9,5
2632,P009,2023-08-21,Rain,31.0,17
2633,P009,2023-08-24,Clear,23.6,19
2634,P009,2023-08-27,Cloudy,5.9,8
2635,P009,2023-08-30,Clear,32.0,10
2636,P009,2023-09-02,Rain,15.3,16
2637,P009,2023-09-05,Clear,10.5,17
2638,P009,2023-09-08,Cloudy,16.8,9
2639,P009,2023-09-11,Clear,29.5,14
2640,P009,2023-09-14,Clear,12.4,9
2641,P009,2023-09-17,Rain,27.2,13
2642,P009,2023-09-20,Rain,29.9,12
2643,P009,2023-09-23,Thunderstorm,49.7,5
2644,P009,2023-09-26,Fog,10.1,1
2645,P009,2023-09-29,Clear,25.5,15
2646,P009,2023-10-02,Clear,27.8,20
2647,P009,2023-10-05,Clear,33.4,17
2648,P009,2023-10-08,Clear,22.3,17
2649,P009,2023-10-11,Fog,8.3,3
2650,P009,2023-10-14,Clear,20.9,16
2651,P009,2023-10-17,Clear,30.8,8
2652,P009,2023-10-20,Cloudy,16.7,16
2653,P009,2023-10-23,Clear,24.4,13
2654,P009,2023-10-26,Fog,19.2,3
2655,P009,2023-10-29,Clear,23.3,20
2656,P009,2023-11-01,Rain,13.6,13
2657,P009,2023-11-04,Clear,10.8,8
2658,P009,2023-11-07,Thunderstorm,84.7,5
2659,P009,2023-11-10,Clear,30.0,20
2660,P009,2023-11-13,Cloudy,9.9,11
2661,P009,2023-11-16,Cloudy,26.1,12
2662,P009,2023-11-19,Clear,6.1,16
2663,P009,2023-11-22,Clear,14.2,15
2664,P009,2023-11-25,Clear,8.2,15
2665,P009,2023-11-28,Clear,11.5,10
2666,P009,2023-12-01,Clear,31.6,18
2667,P009,2023-12-04,Cloudy,30.4,8
2668,P009,2023-12-07,Clear,17.8,15
2669,P009,2023-12-10,Clear,33.8,13
2670,P009,2023-12-13,Fog,7.2,3
2671,P009,2023-12-16,Rain,13.5,7
2672,P009,2023-12-19,Clear,15.6,19
2673,P009,2023-12-22,Clear,20.9,8
2674,P009,2023-12-25,Rain,20.7,6
2675,P009,2023-12-28,Cloudy,30.0,20
2676,P009,2023-12-31,Clear,15.8,12
2677,P009,2024-01-03,Thunderstorm,66.3,3
2678,P009,2024-01-06,Cloudy,31.7,15
2679,P009,2024-01-09,Cloudy,32.4,18
2680,P009,2024-01-12,Cloudy,33.7,18
2681,P009,2024-01-15,Rain,18.5,19
2682,P009,2024-01-18,Clear,30.9,9
2683,P009,2024-01-21,Cloudy,15.1,15
2684,P009,2024-01-24,Storm,84.7,3
2685,P009,2024-01-27,Cloudy,15.2,18
2686,P009,2024-01-30,Storm,79.8,3
2687,P009,2024-02-02,Rain,30.2,14
2688,P009,2024-02-05,Clear,8.9,8
2689,P009,2024-02-08,Storm,80.6,4
2690,P009,2024-02-11,Storm,41.3,1
2691,P009,2024-02-14,Thunderstorm,42.1,3
2692,P009,2024-02-17,Clear,11.9,12
2693,P009,2024-02-20,Clear,12.1,8
2694,P009,2024-02-23,Rain,31.1,7
2695,P009,2024-02-26,Clear,14.7,20
2696,P009,2024-02-29,Clear,11.1,18
2697,P009,2024-03-03,Cloudy,10.5,8
2698,P009,2024-03-06,Clear,13.5,17
2699,P009,2024-03-09,Clear,23.6,20
2700,P009,2024-03-12,Clear,33.9,12
2701,P009,2024-03-15,Cloudy,32.0,19
2702,P009,2024-03-18,Rain,13.8,18
2703,P009,2024-03-21,Clear,5.2,16
2704,P009,2024-03-24,Thunderstorm,89.2,2
2705,P009,2024-03-27,Fog,9.3,1
2706,P009,2024-03-30,Cloudy,29.2,10
2707,P009,2024-04-02,Rain,29.2,8
2708,P009,2024-04-05,Rain,10.7,7
2709,P009,2024-04-08,Clear,23.2,5
2710,P009,2024-04-11,Cloudy,23.7,6
2711,P009,2024-04-14,Clear,5.2,7
2712,P009,2024-04-17,Cloudy,17.5,20
2713,P009,2024-04-20,Clear,26.5,19
2714,P009,2024-04-23,Clear,21.0,20
2715,P009,2024-04-26,Cloudy,26.2,19
2716,P009,2024-04-29,Clear,10.4,16
2717,P009,2024-05-02,Cloudy,14.6,16
2718,P009,2024-05-05,Cloudy,13.0,9
2719,P009,2024-05-08,Clear,30.9,6
2720,P009,2024-05-11,Clear,23.6,19
2721,P009,2024-05-14,Clear,24.7,12
2722,P009,2024-05-17,Rain,16.8,10
2723,P009,2024-05-20,Rain,33.8,20
2724,P009,2024-05-23,Clear,18.7,11
2725,P009,2024-05-26,Clear,28.6,11
2726,P009,2024-05-29,Fog,14.8,1
2727,P009,2024-06-01,Fog,18.9,2
2728,P009,2024-06-04,Clear,9.7,11
2729,P009,2024-06-07,Rain,31.4,8
2730,P009,2024-06-10,Rain,29.0,7
2731,P009,2024-06-13,Cloudy,12.1,9
2732,P009,2024-06-16,Clear,10.0,16
2733,P009,2024-06-19,Rain,12.3,11
2734,P009,2024-06-22,Clear,33.2,13
2735,P009,2024-06-25,Cloudy,19.7,19
2736,P009,2024-06-28,Rain,31.5,12
2737,P010,2022-01-01,Clear,16.8,12
2738,P010,2022-01-04,Fog,13.6,2
2739,P010,2022-01-07,Thunderstorm,68.9,4
2740,P010,2022-01-10,Cloudy,26.8,10
2741,P010,2022-01-13,Thunderstorm,70.2,5
2742,P010,2022-01-16,Cloudy,10.6,10
2743,P010,2022-01-19,Cloudy,9.9,15
2744,P010,2022-01-22,Clear,32.0,19
2745,P010,2022-01-25,Rain,32.3,8
2746,P010,2022-01-28,Clear,26.2,15
2747,P010,2022-01-31,Clear,33.5,12
2748,P010,2022-02-03,Clear,5.8,8
2749,P010,2022-02-06,Clear,15.9,6
2750,P010,2022-02-09,Cloudy,10.2,6
2751,P010,2022-02-12,Clear,21.6,19
2752,P010,2022-02-15,Cloudy,20.2,19
2753,P010,2022-02-18,Clear,11.3,16
2754,P010,2022-02-21,Rain,15.7,12
2755,P010,2022-02-24,Cloudy,16.8,6
2756,P010,2022-02-27,Rain,32.7,6
2757,P010,2022-03-02,Clear,13.3,14
2758,P010,2022-03-05,Clear,16.6,7
2759,P010,2022-03-08,Rain,30.7,15
2760,P010,2022-03-11,Clear,7.0,10
2761,P010,2022-03-14,Fog,18.1,3
2762,P010,2022-03-17,Thunderstorm,83.4,1
2763,P010,2022-03-20,Rain,24.3,10
2764,P010,2022-03-23,Rain,26.9,16
2765,P010,2022-03-26,Rain,7.8,11
2766,P010,2022-03-29,Cloudy,24.6,11
2767,P010,2022-04-01,Clear,29.7,5
2768,P010,2022-04-04,Cloudy,34.8,7
2769,P010,2022-04-07,Clear,22.8,7
2770,P010,2022-04-10,Cloudy,8.5,17
2771,P010,2022-04-13,Clear,9.5,9
2772,P010,2022-04-16,Clear,9.7,19
2773,P010,2022-04-19,Cloudy,27.6,9
2774,P010,2022-04-22,Clear,23.2,7
2775,P010,2022-04-25,Clear,16.5,8
2776,P010,2022-04-28,Clear,10.4,8
2777,P010,2022-05-01,Cloudy,6.0,9
2778,P010,2022-05-04,Rain,24.9,19
2779,P010,2022-05-07,Fog,8.0,3
2780,P010,2022-05-10,Rain,11.4,14
2781,P010,2022-05-13,Cloudy,17.9,15
2782,P010,2022-05-16,Clear,5.4,10
2783,P010,2022-05-19,Cloudy,31.3,14
2784,P010,2022-05-22,Rain,8.1,14
2785,P010,2022-05-25,Clear,7.7,5
2786,P010,2022-05-28,Rain,25.5,9
2787,P010,2022-05-31,Fog,17.9,3
2788,P010,2022-06-03,Rain,34.5,9
2789,P010,2022-06-06,Cloudy,16.3,5
2790,P010,2022-06-09,Thunderstorm,69.6,3
2791,P010,2022-06-12,Storm,57.5,4
2792,P010,2022-06-15,Thunderstorm,43.3,1
2793,P010,2022-06-18,Rain,11.4,16
2794,P010,2022-06-21,Clear,25.8,20
2795,P010,2022-06-24,Rain,28.3,12
2796,P010,2022-06-27,Storm,45.9,3
2797,P010,2022-06-30,Clear,33.1,15
2798,P010,2022-07-03,Cloudy,16.6,9
2799,P010,2022-07-06,Clear,5.8,7
2800,P010,2022-07-09,Thunderstorm,78.9,1
2801,P010,2022-07-12,Clear,19.5,6
2802,P010,2022-07-15,Cloudy,15.9,10
2803,P010,2022-07-18,Cloudy,21.7,13
2804,P010,2022-07-21,Clear,23.0,6
2805,P010,2022-07-24,Cloudy,26.6,7
2806,P010,2022-07-27,Cloudy,30.9,5
2807,P010,2022-07-30,Cloudy,8.9,14
2808,P010,2022-08-02,Cloudy,33.4,8
2809,P010,2022-08-05,Clear,12.8,10
2810,P010,2022-08-08,Rain,25.5,5
2811,P010,2022-08-11,Clear,26.3,14
2812,P010,2022-08-14,Clear,6.8,5
2813,P010,2022-08-17,Cloudy,32.2,17
2814,P010,2022-08-20,Fog,13.5,3
2815,P010,2022-08-23,Cloudy,17.7,14
2816,P010,2022-08-26,Cloudy,16.1,16
2817,P010,2022-08-29,Clear,17.8,10
2818,P010,2022-09-01,Fog,8.8,1
2819,P010,2022-09-04,Clear,29.3,19
2820,P010,2022-09-07,Cloudy,8.3,6
2821,P010,2022-09-10,Rain,28.9,8
2822,P010,2022-09-13,Clear,5.8,18
2823,P010,2022-09-16,Cloudy,8.0,17
2824,P010,2022-09-19,Clear,33.3,20
2825,P010,2022-09-22,Clear,20.5,5
2826,P010,2022-09-25,Cloudy,29.4,16
2827,P010,2022-09-28,Cloudy,9.4,5
2828,P010,2022-10-01,Thunderstorm,45.4,3
2829,P010,2022-10-04,Rain,18.9,11
2830,P010,2022-10-07,Cloudy,17.3,8
2831,P010,2022-10-10,Clear,18.9,12
2832,P010,2022-10-13,Clear,34.1,14
2833,P010,2022-10-16,Clear,20.9,13
2834,P010,2022-10-19,Cloudy,11.0,17
2835,P010,2022-10-22,Clear,26.1,5
2836,P010,2022-10-25,Clear,18.1,16
2837,P010,2022-10-28,Cloudy,20.8,16
2838,P010,2022-10-31,Cloudy,26.1,13
2839,P010,2022-11-03,Cloudy,11.1,5
2840,P010,2022-11-06,Clear,35.0,11
2841,P010,2022-11-09,Cloudy,9.7,19
2842,P010,2022-11-12,Fog,17.6,2
2843,P010,2022-11-15,Cloudy,9.5,16
2844,P010,2022-11-18,Cloudy,20.7,9
2845,P010,2022-11-21,Rain,19.3,6
2846,P010,2022-11-24,Clear,13.0,18
2847,P010,2022-11-27,Cloudy,14.3,15
2848,P010,2022-11-30,Cloudy,5.7,7
2849,P010,2022-12-03,Rain,6.5,20
2850,P010,2022-12-06,Rain,8.7,13
2851,P010,2022-12-09,Clear,27.5,13
2852,P010,2022-12-12,Cloudy,21.3,7
2853,P010,2022-12-15,Rain,21.9,13
2854,P010,2022-12-18,Cloudy,14.5,7
2855,P010,2022-12-21,Clear,10.2,13
2856,P010,2022-12-24,Cloudy,20.1,14
2857,P010,2022-12-27,Cloudy,22.9,20
2858,P010,2022-12-30,Fog,10.9,3
2859,P010,2023-01-02,Cloudy,19.8,12
2860,P010,2023-01-05,Cloudy,11.0,19
2861,P010,2023-01-08,Rain,29.4,17
2862,P010,2023-01-11,Cloudy,27.5,8
2863,P010,2023-01-14,Cloudy,16.5,8
2864,P010,2023-01-17,Clear,19.5,6
2865,P010,2023-01-20,Cloudy,22.1,12
2866,P010,2023-01-23,Clear,10.2,15
2867,P010,2023-01-26,Cloudy,11.3,14
2868,P010,2023-01-29,Cloudy,32.4,19
2869,P010,2023-02-01,Rain,7.0,13
2870,P010,2023-02-04,Clear,17.9,9
2871,P010,2023-02-07,Clear,19.0,19
2872,P010,2023-02-10,Rain,21.2,10
2873,P010,2023-02-13,Clear,17.3,10
2874,P010,2023-02-16,Rain,24.8,13
2875,P010,2023-02-19,Clear,32.9,7
2876,P010,2023-02-22,Clear,25.5,19
2877,P010,2023-02-25,Fog,18.5,1
2878,P010,2023-02-28,Storm,88.1,5
2879,P010,2023-03-03,Cloudy,22.6,14
2880,P010,2023-03-06,Fog,12.6,1
2881,P010,2023-03-09,Storm,86.4,3
2882,P010,2023-03-12,Clear,9.1,8
2883,P010,2023-03-15,Cloudy,31.4,16
2884,P010,2023-03-18,Cloudy,27.1,12
2885,P010,2023-03-21,Cloudy,18.2,16
2886,P010,2023-03-24,Cloudy,5.3,10
2887,P010,2023-03-27,Clear,5.8,6
2888,P010,2023-03-30,Cloudy,14.6,7
2889,P010,2023-04-02,Rain,10.4,11
2890,P010,2023-04-05,Clear,7.6,17
2891,P010,2023-04-08,Clear,24.4,7
2892,P010,2023-04-11,Fog,12.7,2
2893,P010,2023-04-14,Rain,22.7,10
2894,P010,2023-04-17,Cloudy,17.7,9
2895,P010,2023-04-20,Cloudy,27.6,20
2896,P010,2023-04-23,Rain,6.5,6
2897,P010,2023-04-26,Cloudy,11.9,8
2898,P010,2023-04-29,Clear,28.7,18
2899,P010,2023-05-02,Clear,17.8,20
2900,P010,2023-05-05,Thunderstorm,72.1,2
2901,P010,2023-05-08,Cloudy,25.2,12
2902,P010,2023-05-11,Clear,16.3,8
2903,P010,2023-05-14,Rain,18.8,17
2904,P010,2023-05-17,Clear,24.2,18
2905,P010,2023-05-20,Rain,13.5,17
2906,P010,2023-05-23,Clear,12.5,13
2907,P010,2023-05-26,Fog,11.4,2
2908,P010,2023-05-29,Cloudy,14.4,7
2909,P010,2023-06-01,Cloudy,9.6,15
2910,P010,2023-06-04,Clear,9.3,16
2911,P010,2023-06-07,Cloudy,12.3,18
2912,P010,2023-06-10,Clear,21.4,5
2913,P010,2023-06-13,Cloudy,22.2,12
2914,P010,2023-06-16,Clear,17.0,12
2915,P010,2023-06-19,Cloudy,31.4,9
2916,P010,2023-06-22,Storm,59.8,2
2917,P010,2023-06-25,Storm,77.6,4
2918,P010,2023-06-28,Cloudy,7.0,5
2919,P010,2023-07-01,Cloudy,6.9,14
2920,P010,2023-07-04,Clear,35.0,8
2921,P010,2023-07-07,Cloudy,27.7,12
2922,P010,2023-07-10,Clear,27.7,10
2923,P010,2023-07-13,Storm,83.7,4
2924,P010,2023-07-16,Clear,11.4,18
2925,P010,2023-07-19,Thunderstorm,57.1,2
2926,P010,2023-07-22,Clear,12.6,8
2927,P010,2023-07-25,Cloudy,28.4,5
2928,P010,2023-07-28,Fog,10.4,2
2929,P010,2023-07-31,Rain,19.9,13
2930,P010,2023-08-03,Clear,7.9,15
2931,P010,2023-08-06,Rain,31.2,14
2932,P010,2023-08-09,Clear,28.6,18
2933,P010,2023-08-12,Cloudy,6.9,20
2934,P010,2023-08-15,Thunderstorm,86.6,1
2935,P010,2023-08-18,Rain,8.8,13
2936,P010,2023-08-21,Cloudy,22.2,6
2937,P010,2023-08-24,Cloudy,33.7,5
2938,P010,2023-08-27,Thunderstorm,63.1,5
2939,P010,2023-08-30,Clear,13.1,19
2940,P010,2023-09-02,Clear,20.5,8
2941,P010,2023-09-05,Rain,30.2,10
2942,P010,2023-09-08,Fog,14.4,2
2943,P010,2023-09-11,Cloudy,23.5,12
2944,P010,2023-09-14,Rain,22.5,19
2945,P010,2023-09-17,Clear,20.2,14
2946,P010,2023-09-20,Rain,31.0,15
2947,P010,2023-09-23,Clear,12.8,15
2948,P010,2023-09-26,Rain,6.5,8
2949,P010,2023-09-29,Cloudy,26.7,10
2950,P010,2023-10-02,Clear,25.6,20
2951,P010,2023-10-05,Storm,52.3,4
2952,P010,2023-10-08,Thunderstorm,42.2,1
2953,P010,2023-10-11,Clear,7.4,6
2954,P010,2023-10-14,Clear,22.9,17
2955,P010,2023-10-17,Clear,14.4,18
2956,P010,2023-10-20,Storm,72.4,1
2957,P010,2023-10-23,Cloudy,12.8,16
2958,P010,2023-10-26,Cloudy,16.4,5
2959,P010,2023-10-29,Clear,22.8,14
2960,P010,2023-11-01,Rain,14.0,13
2961,P010,2023-11-04,Clear,13.8,17
2962,P010,2023-11-07,Storm,74.1,3
2963,P010,2023-11-10,Rain,27.2,18
2964,P010,2023-11-13,Cloudy,17.3,15
2965,P010,2023-11-16,Rain,12.9,5
2966,P010,2023-11-19,Rain,32.9,15
2967,P010,2023-11-22,Cloudy,15.9,19
2968,P010,2023-11-25,Clear,31.8,19
2969,P010,2023-11-28,Rain,14.3,15
2970,P010,2023-12-01,Storm,49.6,5
2971,P010,2023-12-04,Rain,5.9,9
2972,P010,2023-12-07,Clear,28.5,13
2973,P010,2023-12-10,Rain,31.3,9
2974,P010,2023-12-13,Thunderstorm,49.2,4
2975,P010,2023-12-16,Clear,13.7,8
2976,P010,2023-12-19,Clear,15.0,16
2977,P010,2023-12-22,Clear,6.6,18
2978,P010,2023-12-25,Clear,10.6,10
2979,P010,2023-12-28,Clear,10.4,19
2980,P010,2023-12-31,Cloudy,31.4,20
2981,P010,2024-01-03,Clear,9.0,15
2982,P010,2024-01-06,Cloudy,16.7,8
2983,P010,2024-01-09,Clear,13.4,8
2984,P010,2024-01-12,Clear,32.3,13
2985,P010,2024-01-15,Cloudy,20.5,17
2986,P010,2024-01-18,Storm,40.3,5
2987,P010,2024-01-21,Clear,19.2,17
2988,P010,2024-01-24,Cloudy,19.8,9
2989,P010,2024-01-27,Clear,7.4,16
2990,P010,2024-01-30,Cloudy,28.6,5
2991,P010,2024-02-02,Fog,9.1,1
2992,P010,2024-02-05,Storm,60.4,3
2993,P010,2024-02-08,Thunderstorm,71.9,4
2994,P010,2024-02-11,Clear,26.9,10
2995,P010,2024-02-14,Clear,20.9,12
2996,P010,2024-02-17,Rain,31.5,15
2997,P010,2024-02-20,Clear,15.4,17
2998,P010,2024-02-23,Thunderstorm,66.6,4
2999,P010,2024-02-26,Cloudy,34.2,10
3000,P010,2024-02-29,Clear,12.9,10
3001,P010,2024-03-03,Clear,8.7,12
3002,P010,2024-03-06,Cloudy,31.4,16
3003,P010,2024-03-09,Rain,34.4,13
3004,P010,2024-03-12,Clear,25.3,18
3005,P010,2024-03-15,Clear,24.6,14
3006,P010,2024-03-18,Rain,15.2,9
3007,P010,2024-03-21,Thunderstorm,82.3,1
3008,P010,2024-03-24,Clear,33.3,9
3009,P010,2024-03-27,Fog,19.8,2
3010,P010,2024-03-30,Rain,23.4,20
3011,P010,2024-04-02,Rain,23.6,7
3012,P010,2024-04-05,Cloudy,32.0,17
3013,P010,2024-04-08,Rain,12.3,14
3014,P010,2024-04-11,Cloudy,25.4,10
3015,P010,2024-04-14,Cloudy,5.9,17
3016,P010,2024-04-17,Rain,29.6,20
3017,P010,2024-04-20,Clear,5.4,6
3018,P010,2024-04-23,Rain,7.0,17
3019,P010,2024-04-26,Storm,81.3,3
3020,P010,2024-04-29,Clear,24.1,6
3021,P010,2024-05-02,Clear,34.8,12
3022,P010,2024-05-05,Clear,21.4,9
3023,P010,2024-05-08,Clear,31.8,15
3024,P010,2024-05-11,Thunderstorm,84.1,1
3025,P010,2024-05-14,Clear,32.6,8
3026,P010,2024-05-17,Cloudy,26.5,17
3027,P010,2024-05-20,Cloudy,20.2,7
3028,P010,2024-05-23,Thunderstorm,57.3,2
3029,P010,2024-05-26,Clear,12.6,16
3030,P010,2024-05-29,Clear,17.8,11
3031,P010,2024-06-01,Rain,31.4,7
3032,P010,2024-06-04,Cloudy,23.6,19
3033,P010,2024-06-07,Rain,21.6,5
3034,P010,2024-06-10,Cloudy,24.5,15
3035,P010,2024-06-13,Clear,22.9,9
3036,P010,2024-06-16,Cloudy,33.8,13
3037,P010,2024-06-19,Thunderstorm,76.8,5
3038,P010,2024-06-22,Cloudy,17.8,9
3039,P010,2024-06-25,Thunderstorm,78.2,5
3040,P010,2024-06-28,Clear,34.8,15
3041,P011,2022-01-01,Cloudy,26.1,20
3042,P011,2022-01-04,Clear,30.2,9
3043,P011,2022-01-07,Clear,12.0,7
3044,P011,2022-01-10,Thunderstorm,89.3,5
3045,P011,2022-01-13,Rain,16.4,13
3046,P011,2022-01-16,Clear,9.0,11
3047,P011,2022-01-19,Thunderstorm,72.4,5
3048,P011,2022-01-22,Cloudy,20.6,12
3049,P011,2022-01-25,Cloudy,8.1,8
3050,P011,2022-01-28,Storm,73.0,4
3051,P011,2022-01-31,Clear,32.6,10
3052,P011,2022-02-03,Fog,13.5,1
3053,P011,2022-02-06,Cloudy,20.4,6
3054,P011,2022-02-09,Rain,21.7,11
3055,P011,2022-02-12,Clear,8.6,8
3056,P011,2022-02-15,Clear,11.9,5
3057,P011,2022-02-18,Clear,25.7,17
3058,P011,2022-02-21,Cloudy,16.4,6
3059,P011,2022-02-24,Fog,12.6,3
3060,P011,2022-02-27,Cloudy,31.0,20
3061,P011,2022-03-02,Rain,8.7,7
3062,P011,2022-03-05,Rain,10.7,17
3063,P011,2022-03-08,Rain,13.7,12
3064,P011,2022-03-11,Thunderstorm,54.5,3
3065,P011,2022-03-14,Cloudy,24.2,7
3066,P011,2022-03-17,Cloudy,27.7,20
3067,P011,2022-03-20,Clear,28.5,9
3068,P011,2022-03-23,Clear,14.3,15
3069,P011,2022-03-26,Thunderstorm,79.5,1
3070,P011,2022-03-29,Clear,27.0,5
3071,P011,2022-04-01,Cloudy,27.5,10
3072,P011,2022-04-04,Clear,29.5,13
3073,P011,2022-04-07,Fog,19.3,3
3074,P011,2022-04-10,Clear,30.0,15
3075,P011,2022-04-13,Clear,25.7,18
3076,P011,2022-04-16,Cloudy,31.9,17
3077,P011,2022-04-19,Cloudy,7.8,5
3078,P011,2022-04-22,Fog,10.9,2
3079,P011,2022-04-25,Clear,7.6,7
3080,P011,2022-04-28,Rain,31.8,12
3081,P011,2022-05-01,Storm,40.1,4
3082,P011,2022-05-04,Cloudy,8.0,13
3083,P011,2022-05-07,Rain,19.1,5
3084,P011,2022-05-10,Clear,21.9,11
3085,P011,2022-05-13,Cloudy,21.4,14
3086,P011,2022-05-16,Cloudy,16.3,17
3087,P011,2022-05-19,Clear,23.2,5
3088,P011,2022-05-22,Cloudy,21.2,8
3089,P011,2022-05-25,Cloudy,34.9,20
3090,P011,2022-05-28,Rain,7.2,5
3091,P011,2022-05-31,Clear,22.7,10
3092,P011,2022-06-03,Clear,30.3,19
3093,P011,2022-06-06,Thunderstorm,41.2,5
3094,P011,2022-06-09,Clear,5.7,7
3095,P011,2022-06-12,Clear,31.4,16
3096,P011,2022-06-15,Cloudy,33.9,10
3097,P011,2022-06-18,Clear,14.1,7
3098,P011,2022-06-21,Cloudy,5.2,16
3099,P011,2022-06-24,Fog,19.1,2
3100,P011,2022-06-27,Clear,20.3,8
3101,P011,2022-06-30,Cloudy,18.7,7
3102,P011,2022-07-03,Rain,9.1,14
3103,P011,2022-07-06,Clear,10.5,7
3104,P011,2022-07-09,Clear,25.2,9
3105,P011,2022-07-12,Clear,23.3,17
3106,P011,2022-07-15,Fog,11.5,1
3107,P011,2022-07-18,Clear,23.1,20
3108,P011,2022-07-21,Clear,22.6,19
3109,P011,2022-07-24,Clear,26.2,13
3110,P011,2022-07-27,Rain,16.0,9
3111,P011,2022-07-30,Clear,21.6,14
3112,P011,2022-08-02,Clear,30.0,6
3113,P011,2022-08-05,Clear,28.4,9
3114,P011,2022-08-08,Clear,22.3,9
3115,P011,2022-08-11,Thunderstorm,58.4,1
3116,P011,2022-08-14,Rain,5.5,6
3117,P011,2022-08-17,Clear,17.0,15
3118,P011,2022-08-20,Cloudy,33.5,19
3119,P011,2022-08-23,Clear,29.8,13
3120,P011,2022-08-26,Thunderstorm,63.5,2
3121,P011,2022-08-29,Cloudy,32.6,15
3122,P011,2022-09-01,Thunderstorm,84.3,3
3123,P011,2022-09-04,Clear,7.7,10
3124,P011,2022-09-07,Clear,12.9,19
3125,P011,2022-09-10,Clear,9.1,18
3126,P011,2022-09-13,Clear,33.2,16
3127,P011,2022-09-16,Clear,7.0,16
3128,P011,2022-09-19,Fog,14.6,1
3129,P011,2022-09-22,Clear,22.2,5
3130,P011,2022-09-25,Cloudy,30.3,8
3131,P011,2022-09-28,Storm,72.8,3
3132,P011,2022-10-01,Clear,7.4,6
3133,P011,2022-10-04,Rain,11.8,19
3134,P011,2022-10-07,Clear,22.1,11
3135,P011,2022-10-10,Clear,18.9,18
3136,P011,2022-10-13,Cloudy,25.4,5
3137,P011,2022-10-16,Fog,8.8,3
3138,P011,2022-10-19,Rain,24.6,14
3139,P011,2022-10-22,Cloudy,14.8,14
3140,P011,2022-10-25,Clear,24.4,19
3141,P011,2022-10-28,Cloudy,21.7,11
3142,P011,2022-10-31,Thunderstorm,60.6,2
3143,P011,2022-11-03,Cloudy,13.4,20
3144,P011,2022-11-06,Rain,17.4,7
3145,P011,2022-11-09,Fog,16.9,3
3146,P011,2022-11-12,Fog,19.7,1
3147,P011,2022-11-15,Rain,29.3,7
3148,P011,2022-11-18,Clear,28.1,7
3149,P011,2022-11-21,Clear,15.0,9
3150,P011,2022-11-24,Clear,21.8,17
3151,P011,2022-11-27,Clear,10.5,19
3152,P011,2022-11-30,Thunderstorm,50.7,3
3153,P011,2022-12-03,Cloudy,20.7,12
3154,P011,2022-12-06,Clear,32.6,18
3155,P011,2022-12-09,Cloudy,17.2,13
3156,P011,2022-12-12,Storm,61.8,4
3157,P011,2022-12-15,Cloudy,22.6,12
3158,P011,2022-12-18,Storm,89.8,3
3159,P011,2022-12-21,Fog,12.6,3
3160,P011,2022-12-24,Clear,10.3,12
3161,P011,2022-12-27,Clear,34.4,14
3162,P011,2022-12-30,Cloudy,9.1,6
3163,P011,2023-01-02,Clear,6.6,19
3164,P011,2023-01-05,Fog,15.6,2
3165,P011,2023-01-08,Clear,23.6,16
3166,P011,2023-01-11,Clear,33.8,10
3167,P011,2023-01-14,Clear,10.5,5
3168,P011,2023-01-17,Cloudy,21.2,15
3169,P011,2023-01-20,Fog,9.9,1
3170,P011,2023-01-23,Cloudy,26.0,5
3171,P011,2023-01-26,Rain,23.0,12
3172,P011,2023-01-29,Clear,7.5,8
3173,P011,2023-02-01,Cloudy,20.2,17
3174,P011,2023-02-04,Clear,34.6,5
3175,P011,2023-02-07,Clear,29.2,19
3176,P011,2023-02-10,Rain,6.6,10
3177,P011,2023-02-13,Clear,5.7,16
3178,P011,2023-02-16,Fog,9.7,2
3179,P011,2023-02-19,Rain,7.5,10
3180,P011,2023-02-22,Storm,84.6,2
3181,P011,2023-02-25,Clear,32.0,16
3182,P011,2023-02-28,Thunderstorm,43.0,2
3183,P011,2023-03-03,Thunderstorm,78.0,1
3184,P011,2023-03-06,Clear,8.3,11
3185,P011,2023-03-09,Thunderstorm,86.5,3
3186,P011,2023-03-12,Storm,72.7,5
3187,P011,2023-03-15,Clear,24.0,15
3188,P011,2023-03-18,Clear,13.5,20
3189,P011,2023-03-21,Clear,18.3,11
3190,P011,2023-03-24,Thunderstorm,63.2,5
3191,P011,2023-03-27,Clear,15.6,16
3192,P011,2023-03-30,Cloudy,32.4,7
3193,P011,2023-04-02,Clear,34.5,14
3194,P011,2023-04-05,Fog,14.3,2
3195,P011,2023-04-08,Rain,5.4,8
3196,P011,2023-04-11,Clear,15.4,6
3197,P011,2023-04-14,Thunderstorm,61.4,5
3198,P011,2023-04-17,Cloudy,34.2,14
3199,P011,2023-04-20,Clear,21.3,8
3200,P011,2023-04-23,Fog,19.9,2
3201,P011,2023-04-26,Thunderstorm,70.8,2
3202,P011,2023-04-29,Fog,10.4,1
3203,P011,2023-05-02,Fog,15.3,2
3204,P011,2023-05-05,Clear,15.8,7
3205,P011,2023-05-08,Clear,17.2,20
3206,P011,2023-05-11,Cloudy,22.3,5
3207,P011,2023-05-14,Clear,17.9,6
3208,P011,2023-05-17,Clear,16.6,19
3209,P011,2023-05-20,Cloudy,6.3,12
3210,P011,2023-05-23,Storm,65.0,2
3211,P011,2023-05-26,Rain,33.7,11
3212,P011,2023-05-29,Cloudy,13.7,16
3213,P011,2023-06-01,Thunderstorm,41.0,4
3214,P011,2023-06-04,Cloudy,16.3,10
3215,P011,2023-06-07,Clear,5.2,10
3216,P011,2023-06-10,Cloudy,29.9,7
3217,P011,2023-06-13,Cloudy,34.6,15
3218,P011,2023-06-16,Clear,32.0,10
3219,P011,2023-06-19,Clear,18.8,13
3220,P011,2023-06-22,Clear,6.8,10
3221,P011,2023-06-25,Rain,22.2,9
3222,P011,2023-06-28,Clear,11.6,15
3223,P011,2023-07-01,Thunderstorm,43.5,1
3224,P011,2023-07-04,Cloudy,24.3,18
3225,P011,2023-07-07,Thunderstorm,42.3,2
3226,P011,2023-07-10,Clear,27.9,18
3227,P011,2023-07-13,Cloudy,12.3,9
3228,P011,2023-07-16,Thunderstorm,45.8,4
3229,P011,2023-07-19,Clear,11.6,9
3230,P011,2023-07-22,Cloudy,5.2,15
3231,P011,2023-07-25,Fog,18.9,2
3232,P011,2023-07-28,Clear,31.3,19
3233,P011,2023-07-31,Clear,22.0,10
3234,P011,2023-08-03,Clear,22.8,18
3235,P011,2023-08-06,Clear,16.9,12
3236,P011,2023-08-09,Fog,8.6,3
3237,P011,2023-08-12,Rain,10.4,5
3238,P011,2023-08-15,Thunderstorm,47.1,3
3239,P011,2023-08-18,Clear,10.6,13
3240,P011,2023-08-21,Cloudy,18.9,5
3241,P011,2023-08-24,Rain,8.8,19
3242,P011,2023-08-27,Clear,29.0,10
3243,P011,2023-08-30,Clear,27.6,5
3244,P011,2023-09-02,Clear,17.9,10
3245,P011,2023-09-05,Clear,28.9,10
3246,P011,2023-09-08,Clear,32.2,8
3247,P011,2023-09-11,Cloudy,32.3,5
3248,P011,2023-09-14,Rain,22.0,18
3249,P011,2023-09-17,Clear,8.4,18
3250,P011,2023-09-20,Clear,16.1,7
3251,P011,2023-09-23,Rain,31.4,19
3252,P011,2023-09-26,Rain,19.1,8
3253,P011,2023-09-29,Clear,20.5,6
3254,P011,2023-10-02,Rain,28.2,12
3255,P011,2023-10-05,Cloudy,28.0,11
3256,P011,2023-10-08,Clear,34.4,9
3257,P011,2023-10-11,Cloudy,22.5,10
3258,P011,2023-10-14,Rain,13.3,14
3259,P011,2023-10-17,Thunderstorm,72.9,5
3260,P011,2023-10-20,Clear,26.7,20
3261,P011,2023-10-23,Clear,6.6,11
3262,P011,2023-10-26,Cloudy,21.1,12
3263,P011,2023-10-29,Clear,33.4,6
3264,P011,2023-11-01,Clear,13.3,20
3265,P011,2023-11-04,Storm,72.7,2
3266,P011,2023-11-07,Fog,17.9,3
3267,P011,2023-11-10,Clear,17.6,16
3268,P011,2023-11-13,Cloudy,26.3,5
3269,P011,2023-11-16,Rain,27.1,5
3270,P011,2023-11-19,Clear,24.0,6
3271,P011,2023-11-22,Clear,26.4,9
3272,P011,2023-11-25,Clear,8.9,19
3273,P011,2023-11-28,Cloudy,30.5,9
3274,P011,2023-12-01,Rain,8.1,16
3275,P011,2023-12-04,Rain,6.2,9
3276,P011,2023-12-07,Cloudy,17.5,6
3277,P011,2023-12-10,Cloudy,16.9,5
3278,P011,2023-12-13,Rain,29.7,16
3279,P011,2023-12-16,Rain,22.8,19
3280,P011,2023-12-19,Cloudy,15.7,8
3281,P011,2023-12-22,Cloudy,11.7,7
3282,P011,2023-12-25,Rain,24.6,7
3283,P011,2023-12-28,Cloudy,31.5,7
3284,P011,2023-12-31,Cloudy,16.3,6
3285,P011,2024-01-03,Thunderstorm,48.0,5
3286,P011,2024-01-06,Clear,33.3,5
3287,P011,2024-01-09,Clear,30.3,13
3288,P011,2024-01-12,Clear,16.6,10
3289,P011,2024-01-15,Clear,7.4,11
3290,P011,2024-01-18,Fog,11.3,1
3291,P011,2024-01-21,Cloudy,16.0,16
3292,P011,2024-01-24,Storm,60.9,4
3293,P011,2024-01-27,Cloudy,27.6,6
3294,P011,2024-01-30,Clear,26.0,9
3295,P011,2024-02-02,Clear,20.4,17
3296,P011,2024-02-05,Clear,6.8,14
3297,P011,2024-02-08,Rain,28.5,14
3298,P011,2024-02-11,Rain,18.2,18
3299,P011,2024-02-14,Clear,10.9,14
3300,P011,2024-02-17,Cloudy,10.7,12
3301,P011,2024-02-20,Cloudy,15.3,14
3302,P011,2024-02-23,Cloudy,16.3,19
3303,P011,2024-02-26,Clear,30.4,17
3304,P011,2024-02-29,Clear,31.5,8
3305,P011,2024-03-03,Clear,34.1,13
3306,P011,2024-03-06,Clear,17.3,9
3307,P011,2024-03-09,Fog,16.1,3
3308,P011,2024-03-12,Cloudy,14.6,9
3309,P011,2024-03-15,Clear,20.4,6
3310,P011,2024-03-18,Cloudy,19.8,8
3311,P011,2024-03-21,Rain,32.9,9
3312,P011,2024-03-24,Cloudy,26.7,7
3313,P011,2024-03-27,Rain,22.1,17
3314,P011,2024-03-30,Clear,11.0,15
3315,P011,2024-04-02,Rain,31.6,14
3316,P011,2024-04-05,Fog,19.6,1
3317,P011,2024-04-08,Thunderstorm,73.3,3
3318,P011,2024-04-11,Cloudy,11.7,13
3319,P011,2024-04-14,Fog,19.2,1
3320,P011,2024-04-17,Rain,12.2,7
3321,P011,2024-04-20,Rain,16.0,20
3322,P011,2024-04-23,Cloudy,16.2,13
3323,P011,2024-04-26,Clear,19.0,17
3324,P011,2024-04-29,Fog,13.5,2
3325,P011,2024-05-02,Cloudy,28.9,17
3326,P011,2024-05-05,Cloudy,31.8,13
3327,P011,2024-05-08,Rain,33.3,15
3328,P011,2024-05-11,Fog,10.4,1
3329,P011,2024-05-14,Cloudy,21.9,13
3330,P011,2024-05-17,Clear,32.9,17
3331,P011,2024-05-20,Storm,43.2,2
3332,P011,2024-05-23,Fog,6.9,1
3333,P011,2024-05-26,Clear,16.1,5
3334,P011,2024-05-29,Cloudy,32.8,14
3335,P011,2024-06-01,Cloudy,29.4,10
3336,P011,2024-06-04,Rain,22.9,15
3337,P011,2024-06-07,Rain,16.1,17
3338,P011,2024-06-10,Clear,30.3,10
3339,P011,2024-06-13,Clear,32.7,5
3340,P011,2024-06-16,Cloudy,34.4,9
3341,P011,2024-06-19,Clear,28.3,8
3342,P011,2024-06-22,Clear,16.5,14
3343,P011,2024-06-25,Clear,25.0,13
3344,P011,2024-06-28,Rain,22.5,12
3345,P012,2022-01-01,Rain,9.7,18
3346,P012,2022-01-04,Rain,14.0,15
3347,P012,2022-01-07,Thunderstorm,50.7,1
3348,P012,2022-01-10,Cloudy,17.4,19
3349,P012,2022-01-13,Clear,33.8,5
3350,P012,2022-01-16,Clear,24.4,8
3351,P012,2022-01-19,Cloudy,20.9,16
3352,P012,2022-01-22,Fog,7.1,1
3353,P012,2022-01-25,Clear,26.9,19
3354,P012,2022-01-28,Clear,33.0,13
3355,P012,2022-01-31,Clear,11.3,13
3356,P012,2022-02-03,Rain,10.3,19
3357,P012,2022-02-06,Clear,30.3,20
3358,P012,2022-02-09,Clear,19.9,10
3359,P012,2022-02-12,Thunderstorm,86.7,1
3360,P012,2022-02-15,Rain,17.3,15
3361,P012,2022-02-18,Thunderstorm,81.0,2
3362,P012,2022-02-21,Fog,11.9,1
3363,P012,2022-02-24,Cloudy,17.0,15
3364,P012,2022-02-27,Cloudy,10.8,5
3365,P012,2022-03-02,Clear,32.3,6
3366,P012,2022-03-05,Fog,14.4,2
3367,P012,2022-03-08,Rain,29.4,7
3368,P012,2022-03-11,Clear,33.1,15
3369,P012,2022-03-14,Cloudy,24.7,6
3370,P012,2022-03-17,Clear,32.6,20
3371,P012,2022-03-20,Thunderstorm,48.9,2
3372,P012,2022-03-23,Clear,10.6,19
3373,P012,2022-03-26,Rain,33.4,8
3374,P012,2022-03-29,Cloudy,23.1,12
3375,P012,2022-04-01,Storm,74.6,1
3376,P012,2022-04-04,Rain,11.5,17
3377,P012,2022-04-07,Cloudy,23.8,7
3378,P012,2022-04-10,Cloudy,9.9,6
3379,P012,2022-04-13,Clear,10.9,16
3380,P012,2022-04-16,Clear,9.6,17
3381,P012,2022-04-19,Clear,26.6,10
3382,P012,2022-04-22,Cloudy,23.9,20
3383,P012,2022-04-25,Rain,15.3,16
3384,P012,2022-04-28,Storm,57.6,2
3385,P012,2022-05-01,Fog,7.2,1
3386,P012,2022-05-04,Cloudy,28.1,19
3387,P012,2022-05-07,Clear,23.5,10
3388,P012,2022-05-10,Clear,15.9,20
3389,P012,2022-05-13,Rain,29.8,12
3390,P012,2022-05-16,Rain,11.8,12
3391,P012,2022-05-19,Cloudy,7.6,16
3392,P012,2022-05-22,Storm,63.5,1
3393,P012,2022-05-25,Fog,13.3,2
3394,P012,2022-05-28,Clear,10.6,20
3395,P012,2022-05-31,Rain,8.6,10
3396,P012,2022-06-03,Rain,11.0,6
3397,P012,2022-06-06,Clear,19.7,9
3398,P012,2022-06-09,Clear,15.6,12
3399,P012,2022-06-12,Thunderstorm,67.9,5
3400,P012,2022-06-15,Cloudy,10.5,7
3401,P012,2022-06-18,Storm,64.6,4
3402,P012,2022-06-21,Fog,16.4,3
3403,P012,2022-06-24,Thunderstorm,79.0,4
3404,P012,2022-06-27,Clear,18.3,13
3405,P012,2022-06-30,Clear,11.3,11
3406,P012,2022-07-03,Storm,89.1,2
3407,P012,2022-07-06,Fog,18.8,3
3408,P012,2022-07-09,Clear,8.2,14
3409,P012,2022-07-12,Clear,9.6,9
3410,P012,2022-07-15,Rain,25.0,10
3411,P012,2022-07-18,Clear,33.8,17
3412,P012,2022-07-21,Clear,10.5,15
3413,P012,2022-07-24,Clear,24.7,17
3414,P012,2022-07-27,Clear,31.9,20
3415,P012,2022-07-30,Thunderstorm,52.2,1
3416,P012,2022-08-02,Cloudy,13.1,20
3417,P012,2022-08-05,Clear,29.8,5
3418,P012,2022-08-08,Cloudy,14.5,14
3419,P012,2022-08-11,Rain,24.6,15
3420,P012,2022-08-14,Clear,31.7,7
3421,P012,2022-08-17,Clear,16.6,17
3422,P012,2022-08-20,Rain,20.3,14
3423,P012,2022-08-23,Rain,11.9,20
3424,P012,2022-08-26,Rain,16.6,15
3425,P012,2022-08-29,Rain,28.7,6
3426,P012,2022-09-01,Clear,12.5,7
3427,P012,2022-09-04,Rain,33.1,7
3428,P012,2022-09-07,Clear,17.8,13
3429,P012,2022-09-10,Clear,22.0,15
3430,P012,2022-09-13,Clear,13.1,7
3431,P012,2022-09-16,Cloudy,16.3,11
3432,P012,2022-09-19,Cloudy,18.5,20
3433,P012,2022-09-22,Clear,10.5,20
3434,P012,2022-09-25,Rain,29.3,5
3435,P012,2022-09-28,Clear,18.0,10
3436,P012,2022-10-01,Rain,7.1,20
3437,P012,2022-10-04,Clear,26.9,7
3438,P012,2022-10-07,Clear,7.2,11
3439,P012,2022-10-10,Cloudy,27.6,18
3440,P012,2022-10-13,Fog,14.3,2
3441,P012,2022-10-16,Cloudy,24.4,17
3442,P012,2022-10-19,Clear,33.6,20
3443,P012,2022-10-22,Clear,9.9,20
3444,P012,2022-10-25,Thunderstorm,51.6,5
3445,P012,2022-10-28,Storm,49.3,4
3446,P012,2022-10-31,Rain,25.2,5
3447,P012,2022-11-03,Cloudy,15.2,20
3448,P012,2022-11-06,Cloudy,17.6,12
3449,P012,2022-11-09,Thunderstorm,86.8,5
3450,P012,2022-11-12,Fog,15.5,2
3451,P012,2022-11-15,Clear,23.1,17
3452,P012,2022-11-18,Clear,10.7,15
3453,P012,2022-11-21,Clear,8.7,6
3454,P012,2022-11-24,Clear,22.6,16
3455,P012,2022-11-27,Thunderstorm,78.7,4
3456,P012,2022-11-30,Rain,13.2,14
3457,P012,2022-12-03,Cloudy,18.7,14
3458,P012,2022-12-06,Cloudy,26.3,5
3459,P012,2022-12-09,Clear,34.0,19
3460,P012,2022-12-12,Clear,14.3,18
3461,P012,2022-12-15,Cloudy,13.9,19
3462,P012,2022-12-18,Cloudy,32.7,7
3463,P012,2022-12-21,Cloudy,11.0,16
3464,P012,2022-12-24,Cloudy,34.7,13
3465,P012,2022-12-27,Thunderstorm,41.7,4
3466,P012,2022-12-30,Clear,14.4,12
3467,P012,2023-01-02,Cloudy,6.1,17
3468,P012,2023-01-05,Storm,68.3,5
3469,P012,2023-01-08,Clear,18.9,7
3470,P012,2023-01-11,Clear,24.0,16
3471,P012,2023-01-14,Clear,25.9,12
3472,P012,2023-01-17,Clear,6.5,16
3473,P012,2023-01-20,Cloudy,26.6,10
3474,P012,2023-01-23,Clear,8.3,10
3475,P012,2023-01-26,Cloudy,25.2,18
3476,P012,2023-01-29,Clear,34.6,15
3477,P012,2023-02-01,Cloudy,32.5,15
3478,P012,2023-02-04,Cloudy,15.5,14
3479,P012,2023-02-07,Cloudy,18.0,14
3480,P012,2023-02-10,Storm,77.7,3
3481,P012,2023-02-13,Rain,14.2,13
3482,P012,2023-02-16,Rain,28.8,14
3483,P012,2023-02-19,Cloudy,16.9,12
3484,P012,2023-02-22,Rain,12.3,13
3485,P012,2023-02-25,Clear,18.5,12
3486,P012,2023-02-28,Cloudy,13.1,18
3487,P012,2023-03-03,Clear,20.8,10
3488,P012,2023-03-06,Clear,6.4,15
3489,P012,2023-03-09,Cloudy,8.8,20
3490,P012,2023-03-12,Rain,11.6,13
3491,P012,2023-03-15,Clear,9.7,5
3492,P012,2023-03-18,Storm,78.0,4
3493,P012,2023-03-21,Clear,25.7,8
3494,P012,2023-03-24,Thunderstorm,78.1,4
3495,P012,2023-03-27,Clear,32.0,16
3496,P012,2023-03-30,Clear,23.9,18
3497,P012,2023-04-02,Clear,19.2,9
3498,P012,2023-04-05,Thunderstorm,46.3,2
3499,P012,2023-04-08,Clear,14.1,18
3500,P012,2023-04-11,Thunderstorm,59.1,1
3501,P012,2023-04-14,Clear,23.3,6
3502,P012,2023-04-17,Rain,9.2,16
3503,P012,2023-04-20,Clear,28.4,11
3504,P012,2023-04-23,Rain,18.8,17
3505,P012,2023-04-26,Thunderstorm,66.4,5
3506,P012,2023-04-29,Clear,14.9,15
3507,P012,2023-05-02,Cloudy,30.2,5
3508,P012,2023-05-05,Cloudy,17.9,7
3509,P012,2023-05-08,Fog,14.1,1
3510,P012,2023-05-11,Clear,15.8,14
3511,P012,2023-05-14,Clear,25.9,17
3512,P012,2023-05-17,Clear,7.5,12
3513,P012,2023-05-20,Fog,13.3,1
3514,P012,2023-05-23,Thunderstorm,54.8,2
3515,P012,2023-05-26,Clear,17.2,9
3516,P012,2023-05-29,Clear,12.5,14
3517,P012,2023-06-01,Cloudy,10.5,18
3518,P012,2023-06-04,Clear,8.2,14
3519,P012,2023-06-07,Clear,18.5,18
3520,P012,2023-06-10,Cloudy,25.8,17
3521,P012,2023-06-13,Rain,21.2,5
3522,P012,2023-06-16,Clear,28.7,15
3523,P012,2023-06-19,Rain,31.9,13
3524,P012,2023-06-22,Clear,22.5,6
3525,P012,2023-06-25,Clear,29.1,7
3526,P012,2023-06-28,Cloudy,34.2,19
3527,P012,2023-07-01,Thunderstorm,43.2,3
3528,P012,2023-07-04,Clear,6.1,11
3529,P012,2023-07-07,Thunderstorm,42.9,2
3530,P012,2023-07-10,Cloudy,28.7,16
3531,P012,2023-07-13,Fog,7.5,3
3532,P012,2023-07-16,Cloudy,13.4,17
3533,P012,2023-07-19,Clear,18.5,15
3534,P012,2023-07-22,Rain,27.6,10
3535,P012,2023-07-25,Clear,9.0,9
3536,P012,2023-07-28,Cloudy,12.0,9
3537,P012,2023-07-31,Clear,14.9,8
3538,P012,2023-08-03,Clear,31.3,12
3539,P012,2023-08-06,Clear,10.9,18
3540,P012,2023-08-09,Cloudy,7.0,8
3541,P012,2023-08-12,Rain,17.8,19
3542,P012,2023-08-15,Clear,29.5,19
3543,P012,2023-08-18,Thunderstorm,47.1,4
3544,P012,2023-08-21,Cloudy,15.4,15
3545,P012,2023-08-24,Clear,27.5,10
3546,P012,2023-08-27,Clear,16.1,6
3547,P012,2023-08-30,Clear,32.1,12
3548,P012,2023-09-02,Rain,21.7,13
3549,P012,2023-09-05,Rain,10.1,5
3550,P012,2023-09-08,Clear,26.5,9
3551,P012,2023-09-11,Clear,21.2,19
3552,P012,2023-09-14,Clear,34.2,5
3553,P012,2023-09-17,Clear,26.5,10
3554,P012,2023-09-20,Rain,9.0,6
3555,P012,2023-09-23,Thunderstorm,42.9,4
3556,P012,2023-09-26,Fog,8.9,3
3557,P012,2023-09-29,Cloudy,28.3,8
3558,P012,2023-10-02,Thunderstorm,63.8,4
3559,P012,2023-10-05,Clear,12.8,8
3560,P012,2023-10-08,Cloudy,30.0,10
3561,P012,2023-10-11,Fog,5.8,2
3562,P012,2023-10-14,Cloudy,11.8,19
3563,P012,2023-10-17,Clear,25.3,9
3564,P012,2023-10-20,Clear,31.2,7
3565,P012,2023-10-23,Clear,14.5,6
3566,P012,2023-10-26,Rain,22.5,15
3567,P012,2023-10-29,Clear,27.7,14
3568,P012,2023-11-01,Rain,32.4,9
3569,P012,2023-11-04,Fog,12.3,3
3570,P012,2023-11-07,Clear,22.2,7
3571,P012,2023-11-10,Rain,8.0,7
3572,P012,2023-11-13,Clear,6.4,19
3573,P012,2023-11-16,Storm,42.1,3
3574,P012,2023-11-19,Storm,67.6,5
3575,P012,2023-11-22,Clear,32.5,7
3576,P012,2023-11-25,Cloudy,6.5,20
3577,P012,2023-11-28,Clear,6.1,12
3578,P012,2023-12-01,Cloudy,15.6,13
3579,P012,2023-12-04,Rain,10.3,15
3580,P012,2023-12-07,Rain,31.9,8
3581,P012,2023-12-10,Cloudy,10.2,9
3582,P012,2023-12-13,Fog,19.2,3
3583,P012,2023-12-16,Clear,11.6,19
3584,P012,2023-12-19,Clear,5.6,14
3585,P012,2023-12-22,Clear,8.4,10
3586,P012,2023-12-25,Clear,14.6,13
3587,P012,2023-12-28,Cloudy,24.4,11
3588,P012,2023-12-31,Fog,16.1,1
3589,P012,2024-01-03,Rain,29.5,11
3590,P012,2024-01-06,Storm,54.7,4
3591,P012,2024-01-09,Thunderstorm,81.7,3
3592,P012,2024-01-12,Cloudy,20.6,15
3593,P012,2024-01-15,Clear,18.9,10
3594,P012,2024-01-18,Clear,16.2,17
3595,P012,2024-01-21,Rain,25.5,7
3596,P012,2024-01-24,Cloudy,31.2,11
3597,P012,2024-01-27,Rain,18.4,13
3598,P012,2024-01-30,Cloudy,32.1,17
3599,P012,2024-02-02,Cloudy,24.7,10
3600,P012,2024-02-05,Fog,14.0,2
3601,P012,2024-02-08,Cloudy,13.0,19
3602,P012,2024-02-11,Fog,12.1,1
3603,P012,2024-02-14,Clear,15.8,9
3604,P012,2024-02-17,Clear,7.4,17
3605,P012,2024-02-20,Clear,7.5,9
3606,P012,2024-02-23,Clear,16.1,10
3607,P012,2024-02-26,Clear,13.6,7
3608,P012,2024-02-29,Clear,30.9,18
3609,P012,2024-03-03,Clear,9.5,15
3610,P012,2024-03-06,Clear,24.9,17
3611,P012,2024-03-09,Clear,12.3,9
3612,P012,2024-03-12,Cloudy,10.2,14
3613,P012,2024-03-15,Rain,33.6,6
3614,P012,2024-03-18,Cloudy,7.3,13
3615,P012,2024-03-21,Cloudy,5.8,15
3616,P012,2024-03-24,Clear,11.1,8
3617,P012,2024-03-27,Clear,21.1,6
3618,P012,2024-03-30,Clear,22.2,12
3619,P012,2024-04-02,Rain,9.7,7
3620,P012,2024-04-05,Clear,9.6,10
3621,P012,2024-04-08,Rain,16.2,14
3622,P012,2024-04-11,Cloudy,32.4,8
3623,P012,2024-04-14,Rain,21.1,18
3624,P012,2024-04-17,Cloudy,21.1,17
3625,P012,2024-04-20,Clear,5.3,8
3626,P012,2024-04-23,Cloudy,12.9,6
3627,P012,2024-04-26,Clear,34.7,9
3628,P012,2024-04-29,Thunderstorm,73.7,1
3629,P012,2024-05-02,Rain,10.3,20
3630,P012,2024-05-05,Cloudy,20.7,12
3631,P012,2024-05-08,Thunderstorm,66.0,4
3632,P012,2024-05-11,Cloudy,13.5,17
3633,P012,2024-05-14,Rain,28.3,8
3634,P012,2024-05-17,Cloudy,26.7,11
3635,P012,2024-05-20,Clear,10.4,9
3636,P012,2024-05-23,Rain,18.1,9
3637,P012,2024-05-26,Clear,10.8,5
3638,P012,2024-05-29,Clear,6.9,14
3639,P012,2024-06-01,Clear,12.6,11
3640,P012,2024-06-04,Rain,8.4,20
3641,P012,2024-06-07,Fog,18.8,3
3642,P012,2024-06-10,Rain,26.0,8
3643,P012,2024-06-13,Clear,30.9,19
3644,P012,2024-06-16,Clear,27.8,13
3645,P012,2024-06-19,Cloudy,20.8,10
3646,P012,2024-06-22,Cloudy,11.0,5
3647,P012,2024-06-25,Clear,31.3,18
3648,P012,2024-06-28,Cloudy,27.1,10
